datetime;timestamp;humidity;pressure;pump_time;soil_moisture;temperature;soil_moisture_roll;soil_moisture_lag1;soil_moisture_lag2;soil_moisture_lag3;soil_diff;hour_sin;hour_cos;partial_pressure;saturated_pressure;VPD
2026-08-03 18:52:48;839090807;36.8;1002.34;0.0;159.95;30.55;162.965;175.74;222.55;93.62;;-0.9743700647852352;0.22495105434386492;1619.9318469938594;4401.988714657227;2.782056867663368
2026-08-03 19:07:48;839091707;37.12;1002.33;0.0;159.7;30.37;162.31199999999998;159.95;175.74;222.55;-0.25;-0.9575713608048146;0.2881962681340887;1617.269295623976;4356.867714504246;2.7395984188802696
2026-08-03 19:22:48;839092607;37.58;1002.42;0.0;157.97;30.36;161.58833333333334;159.7;159.95;175.74;-1.7299999999999898;-0.9366721892483977;0.3502073812594672;1636.3737256622237;4354.373937366216;2.718000211703992
2026-08-03 19:37:48;839093507;38.24;1002.43;0.0;156.26;30.36;160.82714285714286;157.97;159.7;159.95;-1.710000000000008;-0.9117620435770886;0.4107188526134774;1665.112640385556;4354.374059585658;2.689261419200102
2026-08-03 19:52:48;839094407;38.6;1002.32;0.0;157.48;30.2;160.40875;156.26;157.97;159.7;1.2199999999999989;-0.8829475928589268;0.4694715627858912;1665.4446068907573;4314.623333913879;2.6491787270231217
2026-08-03 20:07:48;839095307;39.48;1002.37;0.0;156.99;30.06;160.0288888888889;157.48;156.26;157.97;-0.4899999999999807;-0.8503522249955628;0.5262139236518695;1689.784476666947;4280.102524485681;2.590318047818734
2026-08-03 20:22:48;839096207;39.11;1002.51;0.0;156.99;29.94;159.725;156.99;157.48;156.26;0.0;-0.8141155183563196;0.5807029557109393;1662.4510818785793;4250.705911221118;2.5882548293425387
2026-08-03 20:37:48;839097107;38.67;1002.59;0.0;157.97;29.82;159.56545454545454;156.99;156.99;157.48;0.9799999999999898;-0.7743926440821857;0.6327053285625159;1632.4480162203026;4221.484396742442;2.5890363805221397
2026-08-03 20:52:48;839098007;39.02;1002.62;0.0;156.26;29.63;159.29;157.97;156.99;156.99;-1.710000000000008;-0.7313537016191703;0.6819983600624986;1629.3086967971813;4175.573287537624;2.546264590740443
2026-08-03 21:07:48;839098907;38.41;1002.79;0.0;157.48;29.37;159.15076923076924;156.26;157.97;156.99;1.2199999999999989;-0.6851829903263593;0.7283709698824;1579.977472012171;4113.453454861158;2.5334759828489872
2026-08-03 21:22:48;839099807;37.35;1002.89;0.0;157.48;29.14;159.03142857142856;157.48;156.26;157.97;0.0;-0.6360782202777646;0.7716245833877194;1516.1010265741488;4059.1727619120447;2.5430717353378958
2026-08-03 21:37:48;839100707;38.54;1002.96;0.0;158.21;28.93;158.97666666666666;157.48;157.48;156.26;0.7300000000000182;-0.5842496656374341;0.8115739819650125;1545.5147018013156;4010.1575033765325;2.4646428015752173
2026-08-03 21:52:48;839101607;38.93;1003.11;0.0;156.5;28.68;158.821875;158.21;157.48;157.48;-1.710000000000008;-0.529919264233205;0.8480480961564258;1538.7001778623605;3952.479264994505;2.413779087132144
2026-08-03 22:07:48;839102507;36.76;1003.2;0.0;157.48;28.5;162.813125;156.5;158.21;157.48;0.9799999999999898;-0.4733196671848432;0.8808907382053857;1437.8303776902128;3911.3992864260417;2.4735689087358286
2026-08-03 22:22:48;839103407;36.52;1003.2;0.0;157.97;28.34;158.776875;157.48;156.5;158.21;0.4900000000000091;-0.4146932426562393;0.9099612708765431;1415.2214032348227;3875.195518167641;2.4599741149328183
2026-08-03 22:37:48;839104307;39.99;1003.08;0.0;157.97;28.14;157.66625000000002;157.97;157.48;156.5;0.0;-0.3542910379977166;0.9351352096860114;1531.7570337240422;3830.350171853069;2.2985931381290268
2026-08-03 22:52:48;839105207;38.2;1002.81;0.0;158.21;27.95;157.5575;157.97;157.97;157.48;0.2400000000000091;-0.29237170472273627;0.9563047559630357;1447.0789548585399;3788.164803294607;2.341085848436067
2026-08-03 23:07:48;839106107;38.13;1002.73;0.0;158.21;27.83;157.464375;158.21;157.97;157.97;0.0;-0.22920039092241423;0.9733792584604485;1434.3481918767463;3761.7314237522846;2.3273832318755385
2026-08-03 23:22:48;839107007;37.38;1002.74;0.0;158.21;27.64;157.47937499999998;158.21;158.21;157.97;0.0;-0.16504760586067735;0.9862856015372314;1390.6139875455508;3720.208634418274;2.3295946468727236
2026-08-03 23:37:48;839107907;36.73;1002.71;0.0;158.95;27.54;157.6475;158.21;158.21;158.21;0.7399999999999807;-0.1001880616120765;0.9949685182509117;1358.4645615150728;3698.5150054861774;2.340050443971105
2026-08-03 23:52:48;839108807;37.06;1002.96;0.0;160.45;27.47;157.833125;158.95;158.21;158.21;1.5;-0.03489949670250171;0.9993908270190957;1365.0672901488688;3683.397976656418;2.318330686507549
2026-08-04 00:07:48;839109707;37.32;1003.04;0.0;159.7;27.35;158.0025;160.45;158.95;158.21;-0.75;0.03053851320982266;0.9995335908367129;1365.0180651713524;3657.604676236207;2.2925866110648547
2026-08-04 00:22:48;839110607;38.62;1003.68;0.0;159.95;26.99;158.1875;159.7;160.45;158.95;0.25;0.09584575252022397;0.9953961983671789;1383.0482167258278;3581.170939217576;2.198122722491748
2026-08-04 00:37:48;839111507;39.86;1004.3;0.0;161.97;26.76;158.4375;159.95;159.7;160.45;2.0200000000000102;0.1607425656038261;0.9869963665602319;1408.2827605774276;3533.072655738654;2.124789895161226
2026-08-04 00:52:48;839112407;43.24;1004.55;0.0;160.45;26.61;158.699375;161.97;159.95;159.7;-1.5200000000000102;0.224951054343865;0.9743700647852352;1514.267808864299;3502.0069585205806;1.9877391496562815
2026-08-04 01:07:48;839113307;44.27;1004.72;0.0;161.71;26.82;158.96375;160.45;161.97;159.95;1.2600000000000193;0.28819626813408933;0.9575713608048144;1569.6244233891653;3545.5713200568443;1.975946896667679
2026-08-04 01:22:48;839114207;44.52;1004.85;0.0;160.95;26.85;159.180625;161.71;160.45;161.97;-0.7600000000000193;0.35020738125946743;0.9366721892483976;1581.27662218709;3551.8342816421605;1.9705576594550704
2026-08-04 01:37:48;839115107;45.32;1004.38;0.0;162.48;26.73;159.4475;160.95;161.71;160.45;1.5300000000000011;0.4107188526134773;0.9117620435770886;1598.364191764727;3526.8406702663874;1.9284764785016606
2026-08-04 01:52:48;839116007;45.91;1003.78;0.0;160.95;26.59;159.72562499999998;162.48;160.95;161.71;-1.5300000000000011;0.4694715627858908;0.882947592858927;1605.8743484233553;3497.8748604298744;1.892000512006519
2026-08-04 02:07:48;839116907;46.35;1003.81;0.0;161.21;26.5;159.95874999999998;160.95;162.48;160.95;0.2600000000000193;0.5262139236518696;0.8503522249955628;1612.6870032909326;3479.3678603903613;1.8666808570994287
2026-08-04 02:22:48;839117807;47.28;1003.75;0.0;162.74;26.39;160.256875;161.21;160.95;162.48;1.5300000000000011;0.5807029557109398;0.8141155183563192;1634.4049362918777;3456.863232427829;1.8224582961359514
2026-08-04 02:37:48;839118707;47.91;1003.64;0.0;160.95;26.33;160.44312499999998;162.74;161.21;160.95;-1.7900000000000205;0.632705328562516;0.7743926440821856;1650.3274077472654;3444.6408009752986;1.7943133932280333
2026-08-04 02:52:48;839119607;48.42;1003.65;0.0;161.21;26.28;160.630625;160.95;162.74;161.21;0.2600000000000193;0.6819983600624985;0.7313537016191706;1662.9777579568743;3434.4852498076707;1.7715074918507965
2026-08-04 03:07:48;839120507;49.14;1003.73;0.0;159.95;26.16;160.739375;161.21;160.95;162.74;-1.2600000000000193;0.7283709698824002;0.6851829903263592;1675.7815885860073;3410.2189429914674;1.73443735440546
2026-08-04 03:22:48;839121407;49.78;1004.01;0.0;159.95;25.99;160.848125;159.95;161.21;160.95;0.0;0.7716245833877199;0.6360782202777641;1680.62224021516;3376.0993174269984;1.6954770772118384
2026-08-04 03:37:48;839122307;50.27;1004.26;0.0;160.95;25.96;160.97312499999998;159.95;159.95;161.21;1.0;0.8115739819650123;0.5842496656374344;1694.1548822969364;3370.1111643066165;1.67595628200968
2026-08-04 03:52:48;839123207;51.44;1004.38;0.0;161.46;25.88;161.03625;160.95;159.95;159.95;0.5100000000000193;0.8480480961564258;0.5299192642332051;1725.3916054467695;3354.182747758106;1.6287911423113364
2026-08-04 04:07:48;839124107;54.94;1004.28;0.0;161.46;25.77;161.14625;161.46;160.95;159.95;0.0;0.8808907382053854;0.4733196671848436;1830.8128020978302;3332.3858793189484;1.5015730772211182
2026-08-04 04:22:48;839125007;56.5;1003.88;0.0;162.22;25.6;161.28812499999998;161.46;161.46;160.95;0.7599999999999909;0.9099612708765432;0.41469324265623914;1863.9013943886541;3298.940521041866;1.4350391266532116
2026-08-04 04:37:48;839125907;57.96;1003.99;0.0;161.97;25.36;161.288125;162.22;161.46;161.46;-0.25;0.9351352096860117;0.3542910379977158;1884.991701338225;3252.2286082440046;1.3672369069057795
2026-08-04 04:52:48;839126807;58.29;1004.05;0.0;162.74;25.28;161.43124999999998;161.97;162.22;161.46;0.7700000000000102;0.9563047559630354;0.29237170472273677;1886.7231314626936;3236.7869814079495;1.350063849945256
2026-08-04 05:07:48;839127707;59.21;1004.06;0.0;161.97;25.07;161.4475;162.74;161.97;162.22;-0.7700000000000102;0.9733792584604485;0.22920039092241426;1892.6804330682157;3196.5553674518087;1.303874934383593
2026-08-04 05:22:48;839128607;59.99;1004.08;0.0;161.97;24.88;161.51125;161.97;162.74;161.97;0.0;0.9862856015372313;0.16504760586067782;1896.0032777400515;3160.532218269798;1.2645289405297462
2026-08-04 05:37:48;839129507;60.06;1004.33;0.0;162.22;24.78;161.495;161.97;161.97;162.74;0.25;0.9949685182509117;0.10018806161207632;1886.915573711064;3141.7175719464935;1.2548019982354295
2026-08-04 05:52:48;839130407;61.13;1004.48;0.0;162.48;24.7;161.59062500000002;162.22;161.97;161.97;0.2599999999999909;0.9993908270190958;0.03489949670250086;1911.3736387547833;3126.7358723291068;1.2153622335743235
2026-08-04 06:07:48;839131307;61.68;1004.68;0.0;162.74;24.61;161.68625;162.48;162.22;161.97;0.2600000000000193;0.999533590836713;-0.030538513209822475;1918.2210624187567;3109.9563268786583;1.1917352644599015
2026-08-04 06:22:48;839132207;61.71;1004.79;0.0;162.22;24.59;161.65375;162.74;162.48;162.22;-0.5200000000000102;0.9953961983671789;-0.09584575252022395;1916.8599785661643;3106.2388244468716;1.1893788458807073
2026-08-04 06:37:48;839133107;62.19;1004.65;0.0;162.74;24.4;161.765625;162.22;162.74;162.48;0.5200000000000102;0.9869963665602319;-0.160742565603826;1909.9202112845696;3071.1050189493;1.1611848076647302
2026-08-04 06:52:48;839134007;63.84;1004.65;0.0;162.74;23.81;161.86125;162.74;162.22;162.74;0.0;0.9743700647852352;-0.22495105434386503;1892.352297713438;2964.210992658894;1.071858694945456
2026-08-04 07:07:48;839134907;63.58;1004.58;0.0;163.77;23.92;162.10000000000002;162.74;162.74;162.22;1.0300000000000011;0.9575713608048145;-0.28819626813408905;1897.157036543087;2983.889645396488;1.086732608853401
2026-08-04 07:22:48;839135807;63.31;1004.66;0.0;163.25;23.99;162.30625;163.77;162.74;162.74;-0.5200000000000102;0.9366721892483977;-0.3502073812594673;1897.0669540838894;2996.4728385466583;1.099405884462769
2026-08-04 07:37:48;839136707;62.71;1004.65;0.0;166.38;24.17;162.645625;163.25;163.77;162.74;3.1299999999999955;0.9117620435770886;-0.4107188526134773;1899.511464036758;3029.040765486777;1.1295293014500192
2026-08-04 07:52:48;839137607;62.46;1004.7;0.0;162.74;24.19;162.725625;166.38;163.25;163.77;-3.6399999999999864;0.8829475928589269;-0.4694715627858909;1894.2112320715294;3032.6788858013597;1.1384676537298304
2026-08-04 08:07:48;839138507;62.81;1004.66;0.0;164.03;24.27;162.88625000000002;162.74;166.38;163.25;1.289999999999992;0.8503522249955628;-0.5262139236518696;1913.9886714092365;3047.2674278128266;1.13327875640359
2026-08-04 08:22:48;839139407;63.52;1004.7;0.0;163.25;24.19;162.950625;164.03;162.74;166.38;-0.7800000000000011;0.8141155183563192;-0.5807029557109398;1926.3576282610236;3032.6788858013597;1.106321257540336
2026-08-04 08:37:48;839140307;63.41;1004.68;0.0;163.51;24.25;163.046875;163.25;164.03;162.74;0.2599999999999909;0.7743926440821857;-0.632705328562516;1929.956048047928;3043.6146476075196;1.1136585995595916
2026-08-04 08:52:48;839141207;62.57;1004.65;0.0;162.74;24.52;163.046875;163.51;163.25;164.03;-0.7699999999999818;0.7313537016191706;-0.6819983600624984;1935.4486426147746;3093.2533843931187;1.1578047417783441
2026-08-04 09:07:48;839142107;62.04;1004.59;0.0;162.74;24.69;163.095;162.74;163.51;163.25;0.0;0.685182990326359;-0.7283709698824004;1938.6683426159868;3124.8683794583926;1.1862000368424057
2026-08-04 09:22:48;839143007;61.9;1004.62;0.0;165.59;24.89;163.32125000000002;162.74;162.74;163.51;2.8499999999999943;0.6360782202777638;-0.77162458338772;1957.5406152329538;3162.4242572422518;1.204883642009298
2026-08-04 09:37:48;839143907;59.58;1004.61;0.0;161.46;25.27;163.27375;165.59;162.74;162.74;-4.1299999999999955;0.5842496656374344;-0.8115739819650123;1927.3334303404574;3234.8664490440706;1.3075330187036132
2026-08-04 09:52:48;839144807;59.36;1004.78;0.0;162.48;25.61;163.27375;161.46;165.59;162.74;1.0199999999999818;0.5299192642332049;-0.848048096156426;1959.4190475949238;3300.908099048052;1.3414890514531281
2026-08-04 10:07:48;839145707;58.85;1004.91;0.0;161.46;25.77;163.19375000000002;162.48;161.46;165.59;-1.0199999999999818;0.4733196671848435;-0.8808907382053855;1961.1126491144155;3332.391927127299;1.3712792780128835
2026-08-04 10:22:48;839146607;57.8;1004.95;0.0;160.2;26.17;163.0675;161.46;162.48;161.46;-1.2600000000000193;0.4146932426562392;-0.9099612708765431;1972.2790178852226;3412.2474357875826;1.43996841790236
2026-08-04 10:37:48;839147507;54.4;1005.1;0.0;160.95;26.89;162.955625;160.2;161.46;162.48;0.75;0.35429103799771566;-0.9351352096860118;1936.749169614439;3560.200679438307;1.6234515098238678
2026-08-04 10:52:48;839148407;53.26;1005.06;0.0;159.45;27.12;162.75;160.95;160.2;161.46;-1.5;0.2923717047227366;-0.9563047559630355;1921.9544452857974;3608.626446274498;1.6866720009887006
2026-08-04 11:07:48;839149307;52.78;1005.09;0.0;158.21;27.35;162.4025;159.45;160.95;160.2;-1.2399999999999807;0.22920039092241454;-0.9733792584604484;1930.495039749583;3657.626070006788;1.727131030257205
2026-08-04 11:22:48;839150207;50.93;1005.25;0.0;157.97;27.78;162.0725;158.21;159.45;160.95;-0.2400000000000091;0.16504760586067765;-0.9862856015372314;1910.2785132766312;3750.7922899600067;1.8405137766833755
2026-08-04 11:37:48;839151107;49.88;1005.17;0.0;158.71;28.39;161.59312500000001;157.97;158.21;159.45;0.7400000000000091;0.10018806161207638;-0.9949685182509117;1938.5859151494492;3886.499428928327;1.9479135137788777
2026-08-04 11:52:48;839152007;47.06;1005.19;0.0;156.99;29.01;161.23375;158.71;157.97;158.21;-1.7199999999999989;0.0348994967025007;-0.9993908270190958;1895.9507287252789;4028.7945786767505;2.1328438499514712
2026-08-04 12:07:48;839152907;41.01;1005.14;0.0;156.26;31.82;160.74812500000002;156.99;158.71;157.97;-0.7300000000000182;-0.030538513209822857;-0.9995335908367129;1940.6291244541057;4732.087599254099;2.791458474799993
2026-08-04 12:22:48;839153807;39.43;1005.17;0.0;154.82;31.84;160.22125000000003;156.26;156.99;158.71;-1.4399999999999977;-0.09584575252022366;-0.9953961983671789;1867.9778234055402;4737.4532675768205;2.86947544417128
2026-08-04 12:37:48;839154707;41.77;1005.14;0.0;158.95;30.98;159.93625;154.82;156.26;156.99;4.1299999999999955;-0.16074256560382613;-0.9869963665602319;1884.4373699697137;4511.461263992611;2.6270238940228974
2026-08-04 12:52:48;839155607;42.14;1004.83;0.0;157.72;31.06;159.62249999999997;158.95;154.82;156.26;-1.2299999999999898;-0.22495105434386498;-0.9743700647852352;1909.8171484077805;4532.076764138064;2.622259615730284
2026-08-04 13:07:48;839156507;41.92;1004.76;0.0;157.72;31.44;159.30875;157.72;158.95;154.82;0.0;-0.2881962681340892;-0.9575713608048144;1941.374258768586;4631.140884467047;2.6897666256984607
2026-08-04 13:22:48;839157407;39.27;1004.79;0.0;154.82;31.64;158.63562499999998;157.72;157.72;158.95;-2.9000000000000057;-0.3502073812594677;-0.9366721892483976;1839.419634022655;4684.032681493901;2.844613047471246
2026-08-04 13:37:48;839158307;37.29;1004.75;0.0;155.54;31.68;158.265625;154.82;157.72;157.72;0.7199999999999989;-0.410718852613477;-0.9117620435770887;1750.643636518055;4694.673200638388;2.944029564120333
2026-08-04 13:52:48;839159207;36.73;1004.67;0.0;151.78;31.89;157.59687499999998;155.54;154.82;157.72;-3.759999999999991;-0.46947156278589086;-0.8829475928589269;1744.9993121618934;4750.882962597043;3.005883650435149
2026-08-04 14:07:48;839160107;37.41;1004.56;0.0;150.86;31.77;156.93437500000002;151.78;155.54;154.82;-0.9199999999999875;-0.5262139236518696;-0.8503522249955628;1765.2618851222628;4718.689882711208;2.9534279975889453
2026-08-04 14:22:48;839161007;35.99;1004.59;0.0;150.86;32.12;156.350625;150.86;151.78;155.54;0.0;-0.5807029557109398;-0.8141155183563192;1732.2405260925764;4813.116215872677;3.0808756897801004
2026-08-04 14:37:48;839161907;34.3;1004.47;0.0;150.17;32.21;155.676875;150.86;150.86;151.78;-0.6900000000000261;-0.6327053285625163;-0.7743926440821854;1659.3171221010887;4837.659248108131;3.178342126007042
2026-08-04 14:52:48;839162807;34.53;1004.42;0.0;148.6;32.49;154.99875;150.17;150.86;150.86;-1.5699999999999932;-0.6819983600624984;-0.7313537016191706;1697.0515552459701;4914.7163488154365;3.217664793569466
2026-08-04 15:07:48;839163707;34.52;1004.44;0.0;149.05;32.64;154.42624999999998;148.6;150.17;150.86;0.45000000000001705;-0.7283709698824001;-0.6851829903263593;1710.9611577847513;4956.4344084146915;3.24547325062994
2026-08-04 15:22:48;839164607;35.79;1004.46;0.0;150.86;32.23;153.981875;149.05;148.6;150.17;1.8100000000000023;-0.77162458338772;-0.6360782202777638;1733.355589816416;4843.128219660285;3.109772629843869
2026-08-04 15:37:48;839165507;35.51;1004.53;0.0;153.17;31.98;153.635625;150.86;149.05;148.6;2.309999999999974;-0.8115739819650121;-0.5842496656374347;1695.6557250511617;4775.1498874997515;3.07949416244859
2026-08-04 15:52:48;839166407;35.37;1004.46;0.0;151.32;32.02;153.28125;153.17;150.86;149.05;-1.8499999999999943;-0.848048096156426;-0.529919264233205;1692.797449210932;4785.9696047806965;3.0931721555697647
2026-08-04 16:07:48;839167307;36.44;1004.33;0.0;151.78;31.66;153.00125;151.32;153.17;150.86;0.46000000000000796;-0.8808907382053857;-0.47331966718484314;1708.7971591101798;4689.34456396866;2.98054740485848
2026-08-04 16:22:48;839168207;36.85;1004.29;0.0;153.17;31.18;152.898125;151.78;151.32;153.17;1.3899999999999864;-0.9099612708765431;-0.41469324265623925;1681.5217349256177;4563.152604954187;2.8816308700285695
2026-08-04 16:37:48;839169107;37.62;1004.32;0.0;151.78;31.02;152.45;153.17;151.78;151.32;-1.3899999999999864;-0.9351352096860117;-0.3542910379977157;1701.0824962147326;4521.750388662234;2.820667892447502
2026-08-04 16:52:48;839170007;38.39;1004.32;0.0;153.41;30.92;152.18062500000002;151.78;153.17;151.78;1.6299999999999955;-0.9563047559630353;-0.2923717047227371;1726.0297345957977;4496.03994424537;2.770010209649572
2026-08-04 17:07:48;839170907;37.98;1004.29;2.0;114.3;30.77;149.466875;153.41;151.78;153.17;-39.11;-0.9733792584604485;-0.22920039092241415;1693.0391054431504;4457.712231287916;2.7646731258447663
2026-08-04 17:22:48;839171807;38.33;1004.34;0.0;133.17;30.68;148.11375;114.3;153.41;151.78;18.86999999999999;-0.9862856015372314;-0.1650476058606773;1699.8791871255933;4434.853084074076;2.7349738969484823
2026-08-04 17:37:48;839172707;38.67;1004.42;0.0;132.8;30.58;146.6925;133.17;114.3;153.41;-0.3699999999999761;-0.9949685182509117;-0.10018806161207644;1705.1822458481765;4409.5739484049045;2.704391702556728
2026-08-04 17:52:48;839173607;37.61;1004.29;0.0;132.25;30.39;145.471875;132.8;133.17;114.3;-0.5500000000000114;-0.9993908270190958;-0.03489949670250076;1640.50502006425;4361.885190279846;2.721380170215596
2026-08-04 18:07:48;839174507;36.34;1004.33;0.0;133.17;30.28;144.36624999999998;132.25;132.8;133.17;0.9199999999999875;-0.999533590836713;0.030538513209822354;1575.1510691138371;4334.482853918098;2.7593317848042607
2026-08-04 18:22:48;839175407;37.99;1004.16;0.0;132.43;30.24;143.214375;133.17;132.25;132.8;-0.7399999999999807;-0.9953961983671789;0.09584575252022405;1642.8978054243128;4324.553317779186;2.6816555123548733
2026-08-04 18:37:48;839176307;39.07;1004.18;0.0;132.43;30.09;142.105625;132.43;133.17;132.25;0.0;-0.9869963665602318;0.16074256560382652;1675.1268299966794;4287.501484506473;2.612374654509794
2026-08-04 18:52:48;839177207;40.01;1004.18;0.0;131.89;29.99;141.06124999999997;132.43;132.43;133.17;-0.5400000000000205;-0.9743700647852352;0.22495105434386492;1705.6078159319661;4262.95380137957;2.557345985447604
2026-08-04 19:07:48;839178107;40.79;1004.27;0.0;131.71;29.94;139.9775;131.89;132.43;132.43;-0.1799999999999784;-0.9575713608048146;0.2881962681340887;1733.8715243904792;4250.726953641773;2.5168554292512946
2026-08-04 19:22:48;839179007;40.56;1004.35;0.0;131.71;29.78;138.780625;131.71;131.89;132.43;0.0;-0.9366721892483977;0.3502073812594672;1708.3074434338287;4211.803361523246;2.5034959180894174
2026-08-04 19:37:48;839179907;41.21;1004.28;0.0;133.53;29.64;137.553125;131.71;131.71;131.89;1.8199999999999932;-0.9117620435770886;0.4107188526134774;1721.7531159622858;4177.998340117169;2.4562452241548836
2026-08-04 19:52:48;839180807;41.92;1004.39;0.0;133.17;29.51;136.41875000000002;133.53;131.71;131.71;-0.36000000000001364;-0.8829475928589268;0.4694715627858912;1738.3476433869016;4146.821668384784;2.4084740249978824
2026-08-04 20:07:48;839181707;42.32;1004.41;0.0;133.9;29.32;135.30124999999998;133.17;133.53;131.71;0.7300000000000182;-0.8503522249955628;0.5262139236518695;1735.8048926870372;4101.618366462752;2.3658134737757153
2026-08-04 20:22:48;839182607;42.56;1004.39;0.0;133.17;29.15;134.05124999999998;133.9;133.17;133.53;-0.7300000000000182;-0.8141155183563196;0.5807029557109393;1728.590154868528;4061.537018018157;2.3329468631496293
2026-08-04 20:37:48;839183507;43.05;1004.31;0.0;133.9;29.01;132.93375;133.17;133.9;133.17;0.7300000000000182;-0.7743926440821857;0.6327053285625159;1734.391752282281;4028.784558146994;2.2943928058647134
2026-08-04 20:52:48;839184407;43.84;1004.42;0.0;132.62;28.83;131.634375;133.9;133.17;133.9;-1.2800000000000011;-0.7313537016191703;0.6819983600624986;1747.907229876577;3987.0146666892724;2.2391074368126955
2026-08-04 21:07:48;839185307;45.05;1004.48;0.0;133.9;28.65;132.859375;132.62;133.9;133.17;1.2800000000000011;-0.6851829903263593;0.7283709698824;1777.502606212987;3945.6217673984183;2.168119161185431
2026-08-04 21:22:48;839186207;46.33;1004.59;0.0;133.35;28.39;132.870625;133.9;132.62;133.9;-0.5500000000000114;-0.6360782202777646;0.7716245833877194;1800.6122235322257;3886.493035899473;2.085880812367247
2026-08-04 21:37:48;839187107;47.16;1004.59;0.0;133.35;28.21;132.905;133.35;133.9;132.62;0.0;-0.5842496656374341;0.8115739819650125;1813.778494377262;3846.0103782384695;2.0322318838612077
2026-08-04 21:52:48;839188007;47.15;1004.68;0.0;133.17;28.11;132.9625;133.35;133.35;133.9;-0.18000000000000682;-0.529919264233205;0.8480480961564258;1802.8651604403867;3823.6800857696435;2.020814925329257
2026-08-04 22:07:48;839188907;48.14;1004.87;0.0;134.46;27.97;133.043125;133.17;133.35;133.35;1.2900000000000205;-0.4733196671848432;0.8808907382053857;1825.7615535468294;3792.6081295114864;1.966846575964657
2026-08-04 22:22:48;839189807;47.59;1004.85;0.0;133.9;27.87;133.135;134.46;133.17;133.35;-0.5600000000000023;-0.4146932426562393;0.9099612708765431;1794.4033606333853;3770.5470910556533;1.976143730422268
2026-08-04 22:37:48;839190707;47.49;1005.08;0.0;134.46;27.83;133.261875;133.9;134.46;133.17;0.5600000000000023;-0.3542910379977166;0.9351352096860114;1786.45819804957;3761.7565762256686;1.9752983781760987
2026-08-04 22:52:48;839191607;48.2;1005.34;0.0;134.65;27.68;133.434375;134.46;133.9;134.46;0.18999999999999773;-0.29237170472273627;0.9563047559630357;1797.35127879201;3728.944561809149;1.9315932830171392
2026-08-04 23:07:48;839192507;56.53;1005.99;0.0;134.46;26.73;133.60625;134.65;134.46;133.9;-0.18999999999999773;-0.22920039092241423;0.9733792584604485;1993.7322230115326;3526.856930853586;1.5331247078420536
2026-08-04 23:22:48;839193407;60.18;1005.83;0.0;129.59;26.24;133.47375;134.46;134.65;134.46;-4.8700000000000045;-0.16504760586067735;0.9862856015372314;2062.0081187386418;3426.4009949129977;1.364392876174356
2026-08-04 23:37:48;839194307;62.0;1005.85;0.0;129.24;25.95;133.205625;129.59;134.46;134.65;-0.3499999999999943;-0.1001880616120765;0.9949685182509117;2088.2417005220764;3368.1317750356066;1.2798900745135302
2026-08-04 23:52:48;839195207;64.19;1006.17;0.0;131.17;25.39;133.080625;129.24;129.59;134.46;1.9299999999999784;-0.03489949670250171;0.9993908270190957;2091.3464610923415;3258.0564902513497;1.1667100291590082
2026-08-05 00:07:48;839196107;64.12;1006.11;0.0;130.46;25.07;132.865625;131.17;129.24;129.59;-0.7099999999999795;0.03053851320982266;0.9995335908367129;2049.6434594530783;3196.5743285294425;1.1469308690763642
2026-08-05 00:22:48;839197007;63.96;1006.03;0.0;129.24;25.27;132.62;130.46;131.17;129.24;-1.2199999999999989;0.09584575252022397;0.9953961983671789;2069.029071044279;3234.8797233337696;1.1658506522894905
2026-08-05 00:37:48;839197907;64.28;1006.44;0.0;128.55;25.18;132.285625;129.24;130.46;131.17;-0.6899999999999977;0.1607425656038261;0.9869963665602319;2068.2710223660733;3217.596487812809;1.1493254654467355
2026-08-05 00:52:48;839198807;64.74;1006.43;0.0;132.43;25.18;132.27375;128.55;129.24;130.46;3.8799999999999955;0.224951054343865;0.9743700647852352;2083.0719059812013;3217.596394780972;1.1345244887997705
2026-08-05 01:07:48;839199707;63.05;1006.12;0.0;133.53;25.36;132.250625;132.43;128.55;129.24;1.0999999999999943;0.28819626813408933;0.9575713608048144;2050.542751920013;3252.2486152577526;1.2017058633377395
2026-08-05 01:22:48;839200607;64.99;1006.12;0.0;129.07;25.29;131.983125;133.53;132.43;128.55;-4.460000000000008;0.35020738125946743;0.9366721892483976;2104.8526550172796;3238.733120506662;1.1338804654893824
2026-08-05 01:37:48;839201507;66.08;1006.12;0.0;128.89;25.03;131.704375;129.07;133.53;132.43;-0.18000000000000682;0.4107188526134773;0.9117620435770886;2107.265351811889;3188.9608834925684;1.0816955316806793
2026-08-05 01:52:48;839202407;67.11;1006.26;0.0;127.87;24.67;131.373125;128.89;129.07;133.53;-1.0199999999999818;0.4694715627858908;0.882947592858927;2094.603391521621;3121.1494434832675;1.0265460519616467
2026-08-05 02:07:48;839203307;68.09;1006.19;0.0;130.29;24.35;131.1125;127.87;128.89;129.07;2.4199999999999875;0.5262139236518696;0.8503522249955628;2084.8689468674365;3061.931189407309;0.9770622425398724
2026-08-05 02:22:48;839204207;68.54;1006.19;0.0;132.62;24.14;131.0325;130.29;127.87;128.89;2.3300000000000125;0.5807029557109398;0.8141155183563192;2072.3788305676962;3023.6049468451943;0.951226116277498
2026-08-05 02:37:48;839205107;69.12;1006.19;0.0;133.53;23.98;130.974375;132.62;130.29;127.87;0.9099999999999966;0.632705328562516;0.7743926440821856;2069.92686578484;2994.6858590637157;0.9247589932788756
2026-08-05 02:52:48;839206007;68.55;1006.07;0.0;131.17;23.76;130.756875;133.53;132.62;130.29;-2.3600000000000136;0.6819983600624985;0.7313537016191706;2025.8688874396626;2955.315663661069;0.9294467762214063
2026-08-05 03:07:48;839206907;68.39;1005.92;0.0;125.71;23.74;130.21;131.17;133.53;132.62;-5.459999999999994;0.7283709698824002;0.6851829903263592;2018.707214164589;2951.7578800476517;0.9330506658830627
2026-08-05 03:22:48;839207807;68.58;1005.85;0.0;128.21;23.73;130.12375;125.71;131.17;133.53;2.500000000000014;0.7716245833877199;0.6360782202777641;2023.0965821704951;2949.980434777625;0.9268838526071297
2026-08-05 03:37:48;839208707;69.24;1005.95;0.0;128.55;23.53;130.080625;128.21;125.71;131.17;0.3400000000000034;0.8115739819650123;0.5842496656374344;2018.0968187595763;2914.640119525674;0.8965433007660977
2026-08-05 03:52:48;839209607;69.66;1005.96;0.0;127.53;23.44;129.853125;128.55;128.21;125.71;-1.0200000000000102;0.8480480961564258;0.5299192642332051;2019.344298439016;2898.8577353416827;0.8795134369026666
2026-08-05 04:07:48;839210507;69.92;1005.96;0.0;127.87;23.35;129.69125;127.53;128.55;128.21;0.3400000000000034;0.8808907382053854;0.4733196671848436;2015.8984695375516;2883.1499850365435;0.8672515154989919
2026-08-05 04:22:48;839211407;70.33;1006.0;0.0;128.89;23.22;129.669375;127.87;127.53;128.55;1.0199999999999818;0.9099612708765432;0.41469324265623914;2011.8548136440204;2860.592654122025;0.8487378404780047
2026-08-05 04:37:48;839212307;70.54;1006.03;0.0;133.17;23.17;129.958125;128.89;127.87;127.53;4.280000000000001;0.9351352096860117;0.3542910379977158;2011.771196835052;2851.958033505886;0.8401868366708338
2026-08-05 04:52:48;839213207;70.54;1005.87;0.0;130.29;23.1;129.824375;133.17;128.89;127.87;-2.8799999999999955;0.9563047559630354;0.29237170472273677;2003.269797957394;2839.9061496418967;0.8366363516845027
2026-08-05 05:07:48;839214107;70.32;1005.79;0.0;131.17;23.12;129.676875;130.29;133.17;128.89;0.8799999999999955;0.9733792584604485;0.22920039092241426;1999.4394636878267;2843.343947223872;0.8439044835360453
2026-08-05 05:22:48;839215007;70.5;1005.73;0.0;132.07;23.07;129.864375;131.17;130.29;133.17;0.9000000000000057;0.9862856015372313;0.16504760586067782;1998.501642586619;2834.7541029597437;0.8362524603731247
2026-08-05 05:37:48;839215907;71.15;1005.84;0.0;130.46;22.98;129.9625;132.07;131.17;130.29;-1.6099999999999852;0.9949685182509117;0.10018806161207632;2005.9684672029118;2819.351324248646;0.8133828570457342
2026-08-05 05:52:48;839216807;71.24;1005.88;0.0;132.43;22.89;130.2475;130.46;132.07;131.17;1.9699999999999989;0.9993908270190958;0.03489949670250086;1997.5846770443075;2804.0211637342895;0.806436486689982
2026-08-05 06:07:48;839217707;71.39;1005.96;0.0;132.8;22.77;130.404375;132.43;130.46;132.07;0.37000000000000455;0.999533590836713;-0.030538513209822475;1987.2795228650152;2783.694527055631;0.796415004190616
2026-08-05 06:22:48;839218607;71.6;1006.0;0.0;128.21;22.73;130.12875;132.8;132.43;130.46;-4.590000000000003;0.9953961983671789;-0.09584575252022395;1988.294604936038;2776.947772257036;0.7886531673209979
2026-08-05 06:37:48;839219507;71.55;1006.05;0.0;147.05;22.74;130.97375;128.21;132.8;132.43;18.840000000000003;0.9869963665602319;-0.160742565603826;1988.1123475857646;2778.633609483948;0.7905212618981834
2026-08-05 06:52:48;839220407;72.21;1006.16;0.0;125.22;22.69;130.601875;147.05;128.21;132.8;-21.830000000000013;0.9743700647852352;-0.22495105434386503;2000.3731848121745;2770.216292497126;0.7698431076849513
2026-08-05 07:07:48;839221307;71.82;1006.25;0.0;145.53;22.8;131.840625;125.22;147.05;128.21;20.310000000000002;0.9575713608048145;-0.28819626813408905;2002.892181425347;2788.766612956484;0.7858744315311371
2026-08-05 07:22:48;839222207;72.43;1006.33;0.0;148.6;22.74;133.115;145.53;125.22;147.05;3.069999999999993;0.9366721892483977;-0.3502073812594673;2012.565979387519;2778.635895882257;0.766069916494738
2026-08-05 07:37:48;839223107;72.49;1006.45;0.0;147.93;22.8;134.32625000000002;148.6;145.53;125.22;-0.6699999999999875;0.9117620435770886;-0.4107188526134773;2021.5781054175604;2788.768251369238;0.7671901459516776
2026-08-05 07:52:48;839224007;74.37;1006.72;0.0;147.93;22.48;135.60125;147.93;148.6;145.53;0.0;0.8829475928589269;-0.4694715627858909;2034.0992699422375;2735.1072609146663;0.7010079909724288
2026-08-05 08:07:48;839224907;75.25;1006.9;0.0;147.49;22.4;136.8275;147.93;147.93;148.6;-0.4399999999999977;0.8503522249955628;-0.5262139236518696;2048.1806958499114;2721.8348117606797;0.6736541159107683
2026-08-05 08:22:48;839225807;75.42;1006.99;0.0;141.74;22.34;137.630625;147.49;147.93;147.93;-5.75;0.8141155183563192;-0.5807029557109398;2045.3278787032848;2711.9171024970633;0.6665892237937785
2026-08-05 08:37:48;839226707;74.17;1006.97;0.0;140.71;22.67;138.101875;141.74;147.49;147.93;-1.0300000000000011;0.7743926440821857;-0.632705328562516;2052.1814291222745;2766.8618432280905;0.714680414105816
2026-08-05 08:52:48;839227607;70.52;1006.87;0.0;140.92;23.08;138.76625;140.71;141.74;147.49;0.20999999999997954;0.7313537016191706;-0.6819983600624984;2000.2854392465858;2836.4796359140473;0.8361941966674615
2026-08-05 09:07:48;839228507;66.71;1007.02;0.0;141.12;23.83;139.388125;140.92;140.71;141.74;0.20000000000001705;0.685182990326359;-0.7283709698824004;1979.8201153347609;2967.801102285656;0.987980986950895
2026-08-05 09:22:48;839229407;64.35;1007.04;0.0;139.3;24.29;139.84000000000003;141.12;140.92;140.71;-1.8199999999999932;0.6360782202777638;-0.77162458338772;1963.2833198939866;3050.9453300605855;1.087662010166599
2026-08-05 09:37:48;839230307;62.67;1007.1;0.0;139.5;24.43;140.40500000000003;139.3;141.12;140.92;0.19999999999998863;0.5842496656374344;-0.8115739819650123;1928.137174795992;3076.6509889835515;1.1485138141875595
2026-08-05 09:52:48;839231207;62.61;1007.24;0.0;63.99;24.24;136.1275;139.5;139.3;141.12;-75.50999999999999;0.5299192642332049;-0.848048096156426;1904.4786539680908;3041.812256777018;1.137333602808927
2026-08-05 10:07:48;839232107;60.96;1007.26;0.0;126.2;24.56;135.715;63.99;139.5;139.3;62.21;0.4733196671848435;-0.8808907382053855;1890.1809855654046;3100.690593119102;1.2105096075536972
2026-08-05 10:22:48;839233007;59.39;1007.21;0.0;126.86;24.93;135.630625;126.2;63.99;139.5;0.6599999999999966;0.4146932426562392;-0.9099612708765431;1882.6667127061075;3170.0062513994067;1.287339538693299
2026-08-05 10:37:48;839233907;55.49;1007.22;0.0;125.87;25.6;134.306875;126.86;126.2;63.99;-0.9899999999999949;0.35429103799771566;-0.9351352096860118;1830.5997266554764;3298.9722952882976;1.4683725686328213
2026-08-05 10:52:48;839234807;54.96;1007.21;0.0;126.03;26.28;134.3575;125.87;126.86;126.2;0.1599999999999966;0.2923717047227366;-0.9563047559630355;1887.6123895438202;3434.5203594319873;1.5469079698881671
2026-08-05 11:07:48;839235707;51.06;1007.21;0.0;126.03;26.59;133.13875000000002;126.03;125.87;126.86;0.0;0.22920039092241454;-0.9733792584604484;1786.0324614734832;3497.909246912423;1.7118767854389398
2026-08-05 11:22:48;839236607;51.5;1007.36;0.0;126.2;26.21;131.73875;126.03;126.03;125.87;0.1700000000000017;0.16504760586067765;-0.9862856015372314;1761.479047606888;3420.347665256093;1.6588686176492051
2026-08-05 11:37:48;839237507;52.38;1007.54;0.0;126.03;25.98;130.37;126.2;126.03;126.03;-0.1700000000000017;0.10018806161207638;-0.9949685182509117;1767.3722754367095;3374.1356919372074;1.6067634165004978
2026-08-05 11:52:48;839238407;52.59;1007.33;0.0;126.03;26.12;129.00125;126.03;126.2;126.03;0.0;0.0348994967025007;-0.9993908270190958;1789.2161473224312;3402.198416661782;1.612982269339351
2026-08-05 12:07:48;839239307;44.47;1007.31;0.0;125.22;29.81;127.609375;126.03;126.03;126.2;-0.8100000000000023;-0.030538513209822857;-0.9995335908367129;1876.2396156697887;4219.113145198536;2.342873529528747
2026-08-05 12:22:48;839240207;43.39;1007.22;0.0;124.89;29.27;126.55625;125.22;126.03;126.03;-0.3299999999999983;-0.09584575252022366;-0.9953961983671789;1774.5757860007684;4089.8266559132717;2.315250869912503
2026-08-05 12:37:48;839241107;43.96;1007.23;0.0;124.57;28.68;125.5475;124.89;125.22;126.03;-0.3200000000000074;-0.16074256560382613;-0.9869963665602319;1737.5301542005448;3952.525373522622;2.214995219322077
2026-08-05 12:52:48;839242007;44.21;1007.25;0.0;124.41;28.59;124.515625;124.57;124.89;125.22;-0.1599999999999966;-0.22495105434386498;-0.9743700647852352;1738.309865608116;3931.9381714727806;2.1936283058646646
2026-08-05 13:07:48;839242907;45.0;1007.14;0.0;124.89;28.42;123.50125;124.41;124.57;124.89;0.480000000000004;-0.2881962681340892;-0.9575713608048144;1751.986912456186;3893.304249902635;2.141317337446449
2026-08-05 13:22:48;839243807;45.87;1007.11;0.0;124.41;28.42;122.570625;124.89;124.41;124.57;-0.480000000000004;-0.3502073812594677;-0.9366721892483976;1785.8585075257047;3893.3039187392733;2.1074454112135688
2026-08-05 13:37:48;839244707;44.99;1007.16;0.0;124.89;28.5;121.6575;124.41;124.89;124.41;0.480000000000004;-0.410718852613477;-0.9117620435770887;1759.7582901184994;3911.443187638363;2.1516848975198637
2026-08-05 13:52:48;839245607;43.93;1007.1;0.0;124.41;28.57;125.43375;124.89;124.41;124.89;-0.480000000000004;-0.46947156278589086;-0.8829475928589269;1725.2954952573605;3927.3742209364;2.2020787256790397
2026-08-05 14:07:48;839246507;45.87;1007.11;0.0;125.22;28.26;125.3725;124.41;124.89;124.41;0.8100000000000023;-0.5262139236518696;-0.8503522249955628;1769.3188025806196;3857.2461359943745;2.0879273334137554
2026-08-05 14:22:48;839247407;46.37;1007.32;0.0;125.38;28.07;125.28;125.22;124.41;124.89;0.1599999999999966;-0.5807029557109398;-0.8141155183563192;1768.9264062979494;3814.807863484903;2.0458814571869537
2026-08-05 14:37:48;839248307;45.93;1007.27;0.0;125.06;28.12;125.22937499999999;125.38;125.22;124.41;-0.3199999999999932;-0.6327053285625163;-0.7743926440821854;1757.2525259962092;3825.936263871564;2.068683737875354
2026-08-05 14:52:48;839249207;44.83;1007.18;0.0;123.46;28.41;125.06875;125.06;125.38;125.22;-1.6000000000000085;-0.6819983600624984;-0.7313537016191706;1744.3543575085287;3891.042510614608;2.1466881531060795
2026-08-05 15:07:48;839250107;44.16;1007.14;0.0;124.25;28.77;124.9575;123.46;125.06;125.38;0.7900000000000063;-0.7283709698824001;-0.6851829903263593;1754.5675854887563;3973.205583081423;2.2186379975926664
2026-08-05 15:22:48;839251007;43.96;1007.07;0.0;122.53;28.53;124.72812499999999;124.25;123.46;125.06;-1.7199999999999989;-0.77162458338772;-0.6360782202777638;1722.4684830914484;3918.2631553490646;2.195794672257616
2026-08-05 15:37:48;839251907;43.39;1006.98;0.0;122.68;28.77;124.51875;122.53;124.25;123.46;0.15000000000000568;-0.8115739819650121;-0.5842496656374347;1723.9731219368607;3973.2037841365773;2.2492306621997167
2026-08-05 15:52:48;839252807;39.85;1006.88;0.0;122.53;28.77;124.3;122.68;122.53;124.25;-0.15000000000000568;-0.848048096156426;-0.529919264233205;1583.3212599261383;3973.2026597895565;2.3898813998634183
2026-08-05 16:07:48;839253707;40.91;1006.85;0.0;126.36;28.76;124.37125;122.53;122.68;122.53;3.8299999999999983;-0.8808907382053857;-0.47331966718484314;1624.4950951592532;3970.899768172215;2.3464046730129615
2026-08-05 16:22:48;839254607;41.19;1006.87;0.0;127.36;28.7;124.52562499999999;126.36;122.53;122.68;1.0;-0.9099612708765431;-0.41469324265623925;1629.9332173844527;3957.109049246062;2.3271758318616094
2026-08-05 16:37:48;839255507;42.54;1006.93;0.0;127.36;28.91;124.7;127.36;126.36;122.53;0.0;-0.9351352096860117;-0.3542910379977157;1703.9657622029156;4005.561265169054;2.3015955029661384
2026-08-05 16:52:48;839256407;42.73;1006.84;0.0;128.72;28.75;124.96937500000001;127.36;127.36;126.36;1.3599999999999994;-0.9563047559630353;-0.2923717047227371;1695.7820379731843;3968.5982634523393;2.272816225479155
2026-08-05 17:07:48;839257307;41.56;1006.74;0.0;128.21;28.65;125.176875;128.72;127.36;127.36;-0.5099999999999909;-0.9733792584604485;-0.22920039092241415;1639.8109013743558;3945.647019668806;2.30583611829445
2026-08-05 17:22:48;839258207;41.6;1006.74;0.0;128.55;28.58;125.435625;128.21;128.72;127.36;0.3400000000000034;-0.9862856015372314;-0.1650476058606773;1634.7347231599258;3929.6507768267447;2.2949160536668187
2026-08-05 17:37:48;839259107;41.95;1006.69;0.0;127.87;28.5;125.621875;128.55;128.21;128.72;-0.6800000000000068;-0.9949685182509117;-0.10018806161207644;1640.8482315757733;3911.43797753462;2.270589745958847
2026-08-05 17:52:48;839260007;42.24;1006.61;0.0;128.55;28.31;125.880625;127.87;128.55;128.21;0.6800000000000068;-0.9993908270190958;-0.03489949670250076;1634.0448242739315;3868.4773301939663;2.2344325059200347
2026-08-05 18:07:48;839260907;42.93;1006.69;0.0;128.72;28.1;126.099375;128.55;127.87;128.55;0.1699999999999875;-0.999533590836713;0.030538513209822354;1640.5592184426064;3821.4750021956816;2.180915783753075
2026-08-05 18:22:48;839261807;42.37;1006.81;0.0;128.21;27.76;126.27625;128.72;128.55;127.87;-0.5099999999999909;-0.9953961983671789;0.09584575252022405;1587.362512443234;3746.430286625523;2.1590677741822892
2026-08-05 18:37:48;839262707;43.5;1006.8;0.0;128.72;27.72;126.50500000000001;128.21;128.72;128.55;0.5099999999999909;-0.9869963665602318;0.16074256560382652;1625.8935095985125;3737.6862289620976;2.111792719363585
2026-08-05 18:52:48;839263607;42.67;1007.01;0.0;129.07;27.45;126.855625;128.72;128.21;128.72;0.3499999999999943;-0.9743700647852352;0.22495105434386492;1569.8849696195648;3679.1304654782393;2.1092454958586746
2026-08-05 19:07:48;839264507;44.44;1007.17;0.0;128.89;27.11;127.14562500000001;129.07;128.72;128.21;-0.18000000000000682;-0.9575713608048146;0.2881962681340887;1602.7422986465476;3606.530825037236;2.0037885263906885
2026-08-05 19:22:48;839265407;45.48;1007.35;0.0;129.24;26.86;127.56500000000001;128.89;129.07;128.72;0.35000000000002274;-0.9366721892483977;0.3502073812594672;1616.3360322179497;3553.949059406222;1.9376130271882726
2026-08-05 19:37:48;839266307;45.48;1007.36;0.0;128.72;26.79;127.94250000000001;129.24;128.89;129.07;-0.5200000000000102;-0.9117620435770886;0.4107188526134774;1609.6945847719537;3539.3460527087814;1.9296514679368277
2026-08-05 19:52:48;839267207;45.65;1007.5;0.0;128.89;26.88;128.34;128.72;129.24;128.89;0.1699999999999875;-0.8829475928589268;0.4694715627858912;1624.2875037753859;3558.1325383907692;1.9338450346153835
2026-08-05 20:07:48;839268107;46.02;1007.5;0.0;129.24;26.64;128.52;128.89;128.72;129.24;0.35000000000002274;-0.8503522249955628;0.5262139236518695;1614.4879652727661;3508.231128363246;1.89374316309048
2026-08-05 20:22:48;839269007;45.73;1007.63;0.0;129.41;26.58;128.648125;129.24;128.89;128.72;0.1699999999999875;-0.8141155183563196;0.5807029557109393;1598.6535039325518;3495.8528404385565;1.8971993365060047
2026-08-05 20:37:48;839269907;46.1;1007.73;0.0;129.41;26.46;128.77625;129.41;129.24;128.89;0.0;-0.7743926440821857;0.6327053285625159;1600.2272885755349;3471.2088689274074;1.8709815803518726
2026-08-05 20:52:48;839270807;46.31;1007.89;0.0;129.59;26.49;128.830625;129.41;129.41;129.24;0.18000000000000682;-0.7313537016191703;0.6819983600624986;1610.3642400939327;3477.3574607944997;1.866993220700567
2026-08-05 21:07:48;839271707;46.41;1007.89;0.0;129.59;26.35;128.916875;129.59;129.41;129.41;0.0;-0.6851829903263593;0.7283709698824;1600.5660154159748;3448.7524572634666;1.8481864418474918
2026-08-05 21:22:48;839272607;46.64;1008.04;0.0;129.76;26.12;128.9925;129.59;129.59;129.41;0.1699999999999875;-0.6360782202777646;0.7716245833877194;1586.7885795795803;3402.2053593044175;1.815416779724837
2026-08-05 21:37:48;839273507;46.87;1008.29;0.0;130.64;25.92;129.165625;129.76;129.59;129.59;0.8799999999999955;-0.5842496656374341;0.8115739819650125;1575.8524258308403;3362.177140667464;1.7863247148366235
2026-08-05 21:52:48;839274407;48.56;1008.38;0.0;129.24;25.79;129.20875;130.64;129.76;129.59;-1.3999999999999773;-0.529919264233205;0.8480480961564258;1620.1456199421475;3336.378953752363;1.7162333338102156
2026-08-05 22:07:48;839275307;48.75;1008.59;0.0;130.29;25.59;129.306875;129.24;130.64;129.76;1.049999999999983;-0.4733196671848432;0.8808907382053857;1607.30081214634;3297.027306966851;1.689726494820511
2026-08-05 22:22:48;839276207;49.49;1008.79;0.0;129.94;25.28;129.415;130.29;129.24;130.64;-0.3499999999999943;-0.4146932426562393;0.9099612708765431;1601.9078170286814;3236.8313134545997;1.6349234964259183
2026-08-05 22:37:48;839277107;49.93;1008.88;0.0;129.76;25.06;129.48;129.94;130.29;129.24;-0.18000000000000682;-0.3542910379977166;0.9351352096860114;1595.1112452426646;3194.6950635743333;1.5995838183316686
2026-08-05 22:52:48;839278007;50.55;1008.95;0.0;130.64;24.85;129.578125;129.76;129.94;130.29;0.8799999999999955;-0.29237170472273627;0.9563047559630357;1594.8127461244878;3154.9213573184725;1.5601086111939846
2026-08-05 23:07:48;839278907;51.11;1009.07;0.0;130.29;24.59;129.665625;130.64;129.76;129.94;-0.3499999999999943;-0.22920039092241423;0.9733792584604485;1587.6183846577305;3106.2774107957944;1.518659026138064
2026-08-05 23:22:48;839279807;51.75;1009.19;0.0;130.64;24.35;129.75312499999998;130.29;130.64;129.76;0.3499999999999943;-0.16504760586067735;0.9862856015372314;1584.563208850781;3061.9578914990943;1.4773946826483133
2026-08-05 23:37:48;839280707;52.26;1009.17;0.0;131.53;24.13;129.92874999999998;130.64;130.29;130.64;0.8900000000000148;-0.1001880616120765;0.9949685182509117;1579.2013550353345;3021.8165997614515;1.442615244726117
2026-08-05 23:52:48;839281607;52.76;1009.26;0.0;131.35;23.97;130.0825;131.53;130.64;130.29;-0.18000000000000682;-0.03489949670250171;0.9993908270190957;1579.061026010861;2992.9132411123223;1.4138522151014612
2026-08-06 00:07:48;839282507;52.91;1009.31;0.0;132.07;23.78;130.259375;131.35;131.53;130.64;0.7199999999999989;0.03053851320982266;0.9995335908367129;1565.5560381496903;2958.9038710067853;1.393347832857095
2026-08-06 00:22:48;839283407;53.12;1009.4;0.0;131.17;23.73;130.369375;132.07;131.35;131.53;-0.9000000000000057;0.09584575252022397;0.9953961983671789;1567.0458447378758;2950.011002895097;1.3829651581572213
2026-08-06 00:37:48;839284307;53.12;1009.68;0.0;130.64;23.5;130.44625;131.17;132.07;131.35;-0.5300000000000011;0.1607425656038261;0.9869963665602319;1545.474714683726;2909.4027008353273;1.3639279861516014
2026-08-06 00:52:48;839285207;53.45;1009.73;0.0;130.99;23.46;130.53375;130.64;131.17;132.07;0.35000000000002274;0.224951054343865;0.9743700647852352;1551.3277112761969;2902.3904794690307;1.3510627681928338
2026-08-06 01:07:48;839286107;53.59;1009.82;0.0;131.53;23.28;130.655;130.99;130.64;131.17;0.539999999999992;0.28819626813408933;0.9575713608048144;1538.5778806855192;2871.016758136815;1.3324388774512959
2026-08-06 01:22:48;839287007;53.68;1009.86;0.0;130.46;23.2;130.69875;131.53;130.99;130.64;-1.0699999999999932;0.35020738125946743;0.9366721892483976;1533.7279299223012;2857.168274817998;1.3234403448956966
2026-08-06 01:37:48;839287907;54.25;1009.91;0.0;131.17;23.01;130.731875;130.46;131.53;130.99;0.7099999999999795;0.4107188526134773;0.9117620435770886;1532.2974666287198;2824.5114592234468;1.292213992594727
2026-08-06 01:52:48;839288807;54.82;1009.96;0.0;131.35;22.82;130.86374999999998;131.17;130.46;131.53;0.18000000000000682;0.4694715627858908;0.882947592858927;1530.6738041334702;2792.181328225958;1.261507524092488
2026-08-06 02:07:48;839289707;55.21;1010.04;0.0;131.71;22.69;130.9525;131.35;131.17;130.46;0.36000000000001364;0.5262139236518696;0.8503522249955628;1529.4538595508961;2770.247889061576;1.24079402951068
2026-08-06 02:22:48;839290607;55.39;1010.09;0.0;131.17;22.51;131.029375;131.71;131.35;131.17;-0.5400000000000205;0.5807029557109398;0.8141155183563192;1517.756190292873;2740.126720153228;1.2223705298603547
2026-08-06 02:37:48;839291507;53.54;1010.1;0.0;132.25;22.08;131.185;131.17;131.71;131.35;1.0800000000000125;0.632705328562516;0.7743926440821856;1429.1571331765326;2669.325986508279;1.2401688533317465
2026-08-06 02:52:48;839292407;52.13;1010.09;0.0;132.07;21.97;131.274375;132.25;131.17;131.71;-0.18000000000000682;0.6819983600624985;0.7313537016191706;1382.212933972862;2651.4731133183614;1.2692601793454994
2026-08-06 03:07:48;839293307;50.65;1010.21;0.0;132.07;21.98;131.385625;132.07;132.25;131.17;0.0;0.7283709698824002;0.6851829903263592;1343.7914569819209;2653.092708750091;1.30930125176817
2026-08-06 03:22:48;839294207;50.0;1010.16;0.0;133.35;21.45;131.55499999999998;132.07;132.07;132.25;1.2800000000000011;0.7716245833877199;0.6360782202777641;1284.242356228058;2568.484712456116;1.284242356228058
2026-08-06 03:37:48;839295107;48.98;1010.19;0.0;133.9;21.16;131.703125;133.35;132.07;132.07;0.5500000000000114;0.8115739819650123;0.5842496656374344;1235.8618830640874;2523.1969846143065;1.2873351015502192
2026-08-06 03:52:48;839296007;49.16;1010.34;0.0;133.53;21.0;131.839375;133.9;133.35;132.07;-0.37000000000000455;0.8480480961564258;0.5299192642332051;1228.268490357696;2498.511982013214;1.270243491655518
2026-08-06 04:07:48;839296907;48.36;1010.35;0.0;133.35;21.14;131.919375;133.53;133.9;133.35;-0.18000000000000682;0.8808907382053854;0.4733196671848436;1218.720743509733;2520.100793030879;1.3013800495211458
2026-08-06 04:22:48;839297807;48.64;1010.32;0.0;134.09;20.84;132.101875;133.35;133.53;133.9;0.7400000000000091;0.9099612708765432;0.41469324265623914;1203.3717516771194;2474.0373184151304;1.270665566738011
2026-08-06 04:37:48;839298707;48.5;1010.34;0.0;133.72;20.77;132.294375;134.09;133.35;133.53;-0.37000000000000455;0.9351352096860117;0.3542910379977158;1194.7470667984114;2463.396014017343;1.2686489472189317
2026-08-06 04:52:48;839299607;47.64;1010.46;0.0;134.28;20.64;132.5;133.72;134.09;133.35;0.5600000000000023;0.9563047559630354;0.29237170472273677;1164.1979430307915;2443.74043457345;1.2795424915426583
2026-08-06 05:07:48;839300507;47.78;1010.51;0.0;133.9;20.3;132.648125;134.28;133.72;134.09;-0.37999999999999545;0.9733792584604485;0.22920039092241426;1143.3654770213398;2392.979231940854;1.249613754919514
2026-08-06 05:22:48;839301407;47.97;1010.51;0.0;133.72;20.23;132.85187499999998;133.9;134.28;133.72;-0.18000000000000682;0.9862856015372313;0.16504760586067782;1142.9541753734698;2382.643684330769;1.239689508957299
2026-08-06 05:37:48;839302307;47.6;1010.61;0.0;134.28;20.29;133.04625;133.72;133.9;134.28;0.5600000000000023;0.9949685182509117;0.10018806161207632;1138.3544956697494;2391.501041323003;1.2531465456532536
2026-08-06 05:52:48;839303207;48.02;1010.81;0.0;134.09;20.01;133.2175;134.28;133.72;133.9;-0.18999999999999773;0.9993908270190958;0.03489949670250086;1128.6700726998783;2350.416644522862;1.2217465718229836
2026-08-06 06:07:48;839304107;49.01;1010.94;0.0;134.65;19.52;133.40125;134.09;134.28;133.72;0.5600000000000023;0.999533590836713;-0.030538513209822475;1117.429470875304;2280.0030011738504;1.1625735302985463
2026-08-06 06:22:48;839305007;48.65;1011.1;0.0;134.28;19.82;133.595625;134.65;134.09;134.28;-0.37000000000000455;0.9953961983671789;-0.09584575252022395;1130.0870748092998;2322.892240101336;1.1928051652920362
2026-08-06 06:37:48;839305907;48.92;1011.17;0.0;134.84;19.81;133.7575;134.28;134.65;134.09;0.5600000000000023;0.9869963665602319;-0.160742565603826;1135.6542307206864;2321.451820770005;1.1857975900493183
2026-08-06 06:52:48;839306807;50.02;1011.2;0.0;134.46;19.41;133.906875;134.84;134.28;134.65;-0.37999999999999545;0.9743700647852352;-0.22495105434386503;1132.6798012357046;2264.4538209430325;1.1317740197073278
2026-08-06 07:07:48;839307707;51.01;1011.25;0.0;134.46;19.17;134.05625;134.46;134.84;134.28;0.0;0.9575713608048145;-0.28819626813408905;1137.9550127358827;2230.846917733548;1.092891904997665
2026-08-06 07:22:48;839308607;51.98;1011.24;0.0;135.22;19.05;134.173125;134.46;134.46;134.84;0.7599999999999909;0.9366721892483977;-0.3502073812594673;1150.9451638428416;2214.2077026603342;1.0632625388174928
2026-08-06 07:37:48;839309507;52.09;1011.32;0.0;134.46;19.4;134.208125;135.22;134.46;134.46;-0.7599999999999909;0.9117620435770886;-0.4107188526134773;1178.8204179502566;2263.0455326363153;1.0842251146860589
2026-08-06 07:52:48;839310407;53.59;1011.41;0.0;134.46;19.17;134.26624999999999;134.46;135.22;134.46;0.0;0.8829475928589269;-0.4694715627858909;1195.5114399380436;2230.8479939131244;1.0353365539750807
2026-08-06 08:07:48;839311307;55.1;1011.39;0.0;134.84;19.26;134.359375;134.46;134.46;135.22;0.37999999999999545;0.8503522249955628;-0.5262139236518696;1236.1128578209723;2243.399016009024;1.0072861581880515
2026-08-06 08:22:48;839312207;55.22;1011.5;0.0;133.53;19.55;134.324375;134.84;134.46;134.46;-1.3100000000000023;0.8141155183563192;-0.5807029557109398;1261.3707005875299;2284.2642169277974;1.0228935163402675
2026-08-06 08:37:48;839313107;56.08;1011.64;0.0;134.09;19.74;134.3475;133.53;134.84;134.46;0.5600000000000023;0.7743926440821857;-0.632705328562516;1296.227865544289;2311.3906304284756;1.0151627648841866
2026-08-06 08:52:48;839314007;56.84;1011.82;0.0;132.62;19.9;134.24375;134.09;133.53;134.84;-1.4699999999999989;0.7313537016191706;-0.6819983600624984;1326.9029491094664;2334.4527605726007;1.0075498114631343
2026-08-06 09:07:48;839314907;56.77;1011.88;0.0;132.62;19.98;134.16375;132.62;134.09;133.53;0.0;0.685182990326359;-0.7283709698824004;1331.8576901393667;2346.0589926710704;1.0142013025317038
2026-08-06 09:22:48;839315807;56.14;1011.86;0.0;131.17;20.36;134.004375;132.62;132.62;134.09;-1.450000000000017;0.6360782202777638;-0.77162458338772;1348.4149731351633;2401.879182641901;1.0534642095067377
2026-08-06 09:37:48;839316707;55.52;1011.93;0.0;131.35;20.73;133.82125;131.17;132.62;132.62;0.18000000000000682;0.5842496656374344;-0.8115739819650123;1364.3178518376055;2457.3448340014506;1.0930269821638452
2026-08-06 09:52:48;839317607;53.95;1012.03;0.0;129.59;21.19;133.54000000000002;131.35;131.17;132.62;-1.759999999999991;0.5299192642332049;-0.848048096156426;1363.7821599835945;2527.863132499712;1.1640809725161172
2026-08-06 10:07:48;839318507;53.52;1012.08;0.0;128.89;21.21;133.18;129.59;131.35;131.17;-0.700000000000017;0.4733196671848435;-0.8808907382053855;1354.5747400576136;2530.9692452496515;1.176394505192038
2026-08-06 10:22:48;839319407;54.0;1012.06;0.0;129.76;21.14;132.8975;128.89;129.59;131.35;0.8700000000000045;0.4146932426562392;-0.9099612708765431;1360.861343676364;2520.113599400674;1.1592522557243101
2026-08-06 10:37:48;839320307;53.66;1012.15;0.0;128.72;21.37;132.515;129.76;128.89;129.59;-1.039999999999992;0.35429103799771566;-0.9351352096860118;1371.5153122239792;2555.936101796458;1.1844207895724788
2026-08-06 10:52:48;839321207;52.54;1012.28;0.0;128.72;22.13;132.15625;128.72;129.76;128.89;0.0;0.2923717047227366;-0.9563047559630355;1406.7547205257217;2677.49280648215;1.2707380859564283
2026-08-06 11:07:48;839322107;49.57;1012.28;0.0;128.72;22.95;131.7975;128.72;128.72;129.76;0.0;0.22920039092241454;-0.9733792584604484;1395.0416804729273;2814.2862224590017;1.4192445419860744
2026-08-06 11:22:48;839323007;49.53;1012.35;0.0;128.72;23.11;131.39125;128.72;128.72;128.72;0.0;0.16504760586067765;-0.9862856015372314;1407.4835590775026;2841.6788998132497;1.434195340735747
2026-08-06 11:37:48;839323907;47.46;1012.43;0.0;128.72;22.78;131.0325;128.72;128.72;128.72;0.0;0.10018806161207638;-0.9949685182509117;1321.9681520017855;2785.436477037053;1.4634683250352676
2026-08-06 11:52:48;839324807;45.37;1012.47;0.0;128.21;22.98;130.641875;128.72;128.72;128.72;-0.5099999999999909;0.0348994967025007;-0.9993908270190958;1279.164575720573;2819.4061620466678;1.5402415863260948
2026-08-06 12:07:48;839325707;44.96;1012.57;0.0;127.03;23.75;130.15375;128.21;128.72;128.72;-1.1800000000000068;-0.030538513209822857;-0.9995335908367129;1327.9354028158723;2953.59297779331;1.6256575749774378
2026-08-06 12:22:48;839326607;41.58;1012.55;0.0;127.03;24.76;129.7475;127.03;128.21;128.72;0.0;-0.09584575252022366;-0.9953961983671789;1304.7973320486801;3138.0407216177973;1.8332433895691171
2026-08-06 12:37:48;839327507;41.43;1012.65;0.0;126.36;24.52;129.264375;127.03;127.03;128.21;-0.6700000000000017;-0.16074256560382613;-0.9869963665602319;1281.5646454856162;3093.3252365088492;1.811760591023233
2026-08-06 12:52:48;839328407;42.17;1012.86;0.0;127.03;23.46;128.915;126.36;127.03;127.03;0.6700000000000017;-0.22495105434386498;-0.9743700647852352;1223.9492666070414;2902.417041989664;1.6784677753826227
2026-08-06 13:07:48;839329307;41.42;1012.87;0.0;127.53;23.36;128.59687499999998;127.03;126.36;127.03;0.5;-0.2881962681340892;-0.9575713608048144;1194.9462653677163;2884.9499405304596;1.6900036751627434
2026-08-06 13:22:48;839330207;41.44;1012.9;0.0;127.53;23.4;128.369375;127.53;127.03;126.36;0.0;-0.3502073812594677;-0.9366721892483976;1198.4141408454311;2891.9260155536467;1.6935118747082156
2026-08-06 13:37:48;839331107;39.99;1012.81;0.0;127.7;23.58;128.14124999999999;127.53;127.53;127.03;0.1700000000000017;-0.410718852613477;-0.9117620435770887;1169.1073096500993;2923.499148912476;1.7543918392623765
2026-08-06 13:52:48;839332007;38.59;1012.74;0.0;125.71;24.13;127.89875;127.7;127.53;127.53;-1.990000000000009;-0.46947156278589086;-0.8829475928589269;1166.131143858779;3021.848001707124;1.8557168578483447
2026-08-06 14:07:48;839332907;36.78;1012.89;0.0;126.36;23.8;127.740625;125.71;127.7;127.53;0.6500000000000057;-0.5262139236518696;-0.8503522249955628;1089.6070660690532;2962.498820198622;1.8728917541295689
2026-08-06 14:22:48;839333807;35.68;1012.85;0.0;124.89;24.53;127.43625;126.36;125.71;127.7;-1.4699999999999989;-0.5807029557109398;-0.8141155183563192;1104.3598844065605;3095.1790482246647;1.9908191638181043
2026-08-06 14:37:48;839334707;35.89;1012.8;0.0;124.89;24.24;127.196875;124.89;126.36;125.71;0.0;-0.6327053285625163;-0.7743926440821854;1091.7240751455213;3041.8614520633078;1.9501373769177865
2026-08-06 14:52:48;839335607;36.89;1012.79;0.0;123.46;24.29;126.868125;124.89;124.89;126.36;-1.4300000000000068;-0.6819983600624984;-0.7313537016191706;1125.5125507600376;3050.996342531954;1.9254837917719163
2026-08-06 15:07:48;839336507;32.73;1012.6;0.0;121.61;24.98;126.42375;123.46;124.89;124.89;-1.8499999999999943;-0.7283709698824001;-0.6851829903263593;1040.658815398633;3179.5258643404613;2.138867048941828
2026-08-06 15:22:48;839337407;32.21;1012.8;0.0;122.99;24.89;126.065625;121.61;123.46;124.89;1.3799999999999955;-0.77162458338772;-0.6360782202777638;1018.6409884016538;3162.499187835001;2.143858199433347
2026-08-06 15:37:48;839338307;31.46;1012.7;0.0;120.26;25.49;125.536875;122.99;121.61;123.46;-2.7299999999999898;-0.8115739819650121;-0.5842496656374347;1031.1146082347018;3277.5416663531523;2.2464270581184507
2026-08-06 15:52:48;839339207;33.49;1012.73;0.0;121.91;24.85;125.143125;120.26;122.99;121.61;1.6499999999999915;-0.848048096156426;-0.529919264233205;1056.594733340288;3154.955907256757;2.098361173916469
2026-08-06 16:07:48;839340107;34.62;1012.75;0.0;121.16;24.93;124.77625;121.91;120.26;122.99;-0.75;-0.8808907382053857;-0.47331966718484314;1097.4737698504618;3170.0571052872965;2.0725833354368346
2026-08-06 16:22:48;839341007;34.18;1012.78;0.0;121.76;24.69;124.446875;121.16;121.91;120.26;0.6000000000000085;-0.9099612708765431;-0.41469324265623925;1068.1053831536394;3124.9426072370966;2.056837224083457
2026-08-06 16:37:48;839341907;34.53;1012.72;0.0;123.46;24.65;124.265625;121.76;121.16;121.91;1.6999999999999886;-0.9351352096860117;-0.3542910379977157;1076.465046043937;3117.477689093359;2.041012643049422
2026-08-06 16:52:48;839342807;34.32;1012.88;0.0;123.31;24.43;124.033125;123.46;121.76;121.16;-0.14999999999999147;-0.9563047559630353;-0.2923717047227371;1055.9243501029246;3076.7026518150487;2.020778301712124
2026-08-06 17:07:48;839343707;36.03;1012.89;0.0;123.46;24.04;123.77875;123.31;123.46;121.76;0.14999999999999147;-0.9733792584604485;-0.22920039092241415;1082.9035323216335;3005.560733615413;1.9226572012937795
2026-08-06 17:22:48;839344607;34.18;1013.0;0.0;123.46;24.43;123.52437499999999;123.46;123.31;123.46;0.0;-0.9862856015372314;-0.1650476058606773;1051.617332971179;3076.703724315913;2.025086391344734
2026-08-06 17:37:48;839345507;34.54;1013.0;0.0;123.46;24.28;123.25937499999999;123.46;123.46;123.31;0.0;-0.9949685182509117;-0.10018806161207644;1053.1830743699693;3049.169294643802;1.9959862202738328
2026-08-06 17:52:48;839346407;35.24;1012.97;0.0;123.46;24.06;123.11874999999999;123.46;123.46;123.46;0.0;-0.9993908270190958;-0.03489949670250076;1060.4330862562467;3009.1744785932083;1.9487413923369616
2026-08-06 18:07:48;839347307;34.18;1012.92;0.0;123.46;23.84;122.9375;123.46;123.46;123.46;0.0;-0.999533590836713;0.030538513209822354;1015.0224109182777;2969.638416963949;1.9546160060456714
2026-08-06 18:22:48;839348207;34.26;1012.84;0.0;122.99;23.75;122.81875;123.46;123.46;123.46;-0.46999999999999886;-0.9953961983671789;0.09584575252022405;1011.9017514560836;2953.5953048922465;1.9416935534361628
2026-08-06 18:37:48;839349107;35.91;1013.09;0.0;124.25;23.6;122.77875;122.99;123.46;123.46;1.2600000000000051;-0.9869963665602318;0.16074256560382652;1051.095853221659;2927.028274078694;1.875932420857035
2026-08-06 18:52:48;839350007;35.68;1013.09;0.0;123.78;23.3;122.79875;124.25;122.99;123.46;-0.46999999999999886;-0.9743700647852352;0.22495105434386492;1025.627175836751;2874.515627345154;1.848888451508403
2026-08-06 19:07:48;839350907;36.04;1013.15;0.0;123.46;23.13;122.914375;123.78;124.25;122.99;-0.3200000000000074;-0.9575713608048146;0.2881962681340887;1025.3833780977525;2845.1259103711222;1.8197425322733698
2026-08-06 19:22:48;839351807;35.64;1013.17;0.0;123.46;22.85;122.94375;123.46;123.78;124.25;0.0;-0.9366721892483977;0.3502073812594672;996.9544800306361;2797.2909091768693;1.8003364291462332
2026-08-06 19:37:48;839352707;35.41;1013.35;0.0;123.46;22.65;123.14375;123.46;123.46;123.78;0.0;-0.9117620435770886;0.4107188526134774;978.5752518383052;2763.5562040053806;1.7849809521670754
2026-08-06 19:52:48;839353607;39.26;1013.49;0.0;124.41;22.49;123.3;123.46;123.46;123.46;0.9500000000000028;-0.8829475928589268;0.4694715627858912;1074.4774984719008;2736.825008843354;1.6623475103714533
2026-08-06 20:07:48;839354507;39.86;1013.67;0.0;123.62;22.08;123.45374999999999;124.41;123.46;123.46;-0.789999999999992;-0.8503522249955628;0.5262139236518695;1064.0045509247973;2669.354116720515;1.6053495657957175
2026-08-06 20:22:48;839355407;39.54;1013.83;0.0;123.62;21.78;123.57;123.62;124.41;123.46;0.0;-0.8141155183563196;0.5807029557109393;1036.3083393734635;2620.911328713868;1.5846029893404046
2026-08-06 20:37:48;839356307;39.48;1013.89;0.0;124.09;21.31;123.60937499999999;123.62;123.62;124.41;0.46999999999999886;-0.7743926440821857;0.6327053285625159;1005.3825767510892;2546.5617445569637;1.5411791678058744
2026-08-06 20:52:48;839357207;40.03;1014.08;0.0;124.25;20.9;123.66812499999999;124.09;123.62;123.62;0.1599999999999966;-0.7313537016191703;0.6819983600624986;994.0323075995744;2483.218355232512;1.4891860476329375
2026-08-06 21:07:48;839358107;40.25;1014.2;0.0;124.57;20.86;123.7375;124.25;124.09;123.62;0.3199999999999932;-0.6851829903263593;0.7283709698824;997.0382770772384;2477.113731868915;1.4800754547916763
2026-08-06 21:22:48;839359007;40.33;1014.38;0.0;125.06;20.61;123.8375;124.57;124.25;124.09;0.4900000000000091;-0.6360782202777646;0.7716245833877194;983.7504919247674;2439.2523975322774;1.45550190560751
2026-08-06 21:37:48;839359907;40.72;1014.6;0.0;124.89;20.38;123.926875;125.06;124.57;124.25;-0.1700000000000017;-0.5842496656374341;0.8115739819650125;979.2625432177994;2404.868721065323;1.4256061778475237
2026-08-06 21:52:48;839360807;40.73;1014.84;0.0;124.41;20.31;123.98625;124.89;125.06;124.57;-0.480000000000004;-0.529919264233205;0.8480480961564258;975.27575045656;2394.489934830739;1.419214184374179
2026-08-06 22:07:48;839361707;41.14;1014.9;0.0;124.25;20.16;124.035625;124.41;124.89;125.06;-0.1599999999999966;-0.4733196671848432;0.8808907382053857;975.9964784829878;2372.3784114802816;1.396381932997294
2026-08-06 22:22:48;839362607;41.98;1015.22;0.0;124.57;19.91;124.13437499999999;124.25;124.41;124.89;0.3199999999999932;-0.4146932426562393;0.9099612708765431;980.6211241179308;2335.9245453023605;1.3553034211844297
2026-08-06 22:37:48;839363507;42.43;1015.29;0.0;124.57;19.88;124.15437499999999;124.57;124.25;124.41;0.0;-0.3542910379977166;0.9351352096860114;989.2908535087215;2331.5834398037273;1.3422925862950057
2026-08-06 22:52:48;839364407;43.1;1015.56;0.0;124.25;19.85;124.18375;124.57;124.57;124.25;-0.3199999999999932;-0.29237170472273627;0.9563047559630357;1003.0450935028823;2327.2507969904464;1.324205703487564
2026-08-06 23:07:48;839365307;43.79;1015.63;0.0;125.54;19.71;124.31375;124.25;124.57;124.57;1.2900000000000063;-0.22920039092241423;0.9733792584604485;1010.2863776269458;2307.1166422172773;1.2968302645903316
2026-08-06 23:22:48;839366207;44.8;1015.8;0.0;124.89;19.51;124.40312499999999;125.54;124.25;124.57;-0.6500000000000057;-0.16504760586067735;0.9862856015372314;1020.821189294523;2278.6187261038463;1.2577975368093233
2026-08-06 23:37:48;839367107;45.28;1015.75;0.0;124.89;19.34;124.4925;124.89;125.54;124.25;0.0;-0.1001880616120765;0.9949685182509117;1020.8996742555166;2254.6370897869183;1.2337374155314016
2026-08-06 23:52:48;839368007;46.01;1015.83;0.0;124.41;19.09;124.49249999999999;124.89;124.89;125.54;-0.480000000000004;-0.03489949670250171;0.9993908270190957;1021.3174187419725;2219.7726988523636;1.1984552801103912
2026-08-07 00:07:48;839368907;46.99;1015.92;0.0;124.89;18.85;124.571875;124.41;124.89;124.89;0.480000000000004;0.03053851320982266;0.9995335908367129;1027.5530198842132;2186.7482866231394;1.1591952667389263
2026-08-07 00:22:48;839369807;47.31;1015.93;0.0;124.89;18.65;124.65125;124.89;124.41;124.89;0.0;0.09584575252022397;0.9953961983671789;1021.6865168700092;2159.5572117311544;1.1378706948611452
2026-08-07 00:37:48;839370707;48.2;1016.0;0.0;125.22;18.36;124.721875;124.89;124.89;124.41;0.3299999999999983;0.1607425656038261;0.9869963665602319;1022.1566370477605;2120.656923335602;1.098500286287842
2026-08-07 00:52:48;839371607;48.76;1016.02;0.0;125.71;18.16;124.813125;125.22;124.89;124.89;0.4899999999999949;0.224951054343865;0.9743700647852352;1021.1261313436642;2094.1881282683844;1.0730619969247202
2026-08-07 01:07:48;839372507;48.87;1016.12;0.0;124.89;18.03;124.833125;125.71;125.22;124.89;-0.8199999999999932;0.28819626813408933;0.9575713608048144;1015.0981626605089;2077.1396821373214;1.0620415194768125
2026-08-07 01:22:48;839373407;49.78;1016.11;0.0;125.22;17.8;124.843125;124.89;125.71;125.22;0.3299999999999983;0.35020738125946743;0.9366721892483976;1019.1328994211613;2047.273803578066;1.0281409041569047
2026-08-07 01:37:48;839374307;50.24;1016.32;0.0;125.54;17.65;124.88375;125.22;124.89;125.71;0.3200000000000074;0.4107188526134773;0.9117620435770886;1018.8676409954857;2028.0008777776382;1.0091332367821524
2026-08-07 01:52:48;839375207;51.09;1016.36;0.0;126.03;17.52;124.985;125.54;125.22;124.89;0.4899999999999949;0.4694715627858908;0.882947592858927;1027.6373881601578;2011.4256961443682;0.9837883079842104
2026-08-07 02:07:48;839376107;51.73;1016.36;0.0;124.57;17.33;125.005;126.03;125.54;125.22;-1.460000000000008;0.5262139236518696;0.8503522249955628;1028.0891655809726;1987.4138132243818;0.9593246476434092
2026-08-07 02:22:48;839377007;52.12;1016.49;0.0;125.06;17.24;125.03562500000001;124.57;126.03;125.54;0.4900000000000091;0.5807029557109398;0.8141155183563192;1029.9582122711838;1976.128573045249;0.9461703607740651
2026-08-07 02:37:48;839377907;52.92;1016.39;0.0;125.54;17.08;125.09625;125.06;124.57;126.03;0.480000000000004;0.632705328562516;0.7743926440821856;1035.2224574587146;1956.2026784934137;0.9209802210346991
2026-08-07 02:52:48;839378807;53.62;1016.38;0.0;125.87;16.99;125.19749999999999;125.54;125.06;124.57;0.3299999999999983;0.6819983600624985;0.7313537016191706;1042.9477558767524;1945.0722787705195;0.9021245228937671
2026-08-07 03:07:48;839379707;54.31;1016.41;0.0;125.54;16.79;125.19749999999999;125.87;125.54;125.06;-0.3299999999999983;0.7283709698824002;0.6851829903263592;1043.0436893566057;1920.5370822253835;0.8774933928687778
2026-08-07 03:22:48;839380607;55.04;1016.27;0.0;125.87;16.59;125.25875;125.54;125.87;125.54;0.3299999999999983;0.7716245833877199;0.6360782202777641;1043.7085889052598;1896.2728722842655;0.8525642833790057
2026-08-07 03:37:48;839381507;55.67;1016.25;0.0;125.38;16.46;125.28937499999999;125.87;125.54;125.87;-0.4900000000000091;0.8115739819650123;0.5842496656374344;1046.9557347796033;1880.6461914489012;0.8336904566692979
2026-08-07 03:52:48;839382407;56.22;1016.37;0.0;125.71;16.34;125.370625;125.38;125.87;125.54;0.3299999999999983;0.8480480961564258;0.5299192642332051;1049.2466706894304;1866.3227867119003;0.8170761160224699
2026-08-07 04:07:48;839383307;56.52;1016.27;0.0;124.57;16.24;125.350625;125.71;125.38;125.87;-1.1400000000000006;0.8808907382053854;0.4733196671848436;1048.140059591516;1854.4587041605025;0.8063186445689864
2026-08-07 04:22:48;839384207;56.79;1016.41;0.0;125.87;16.25;125.411875;124.57;125.71;125.38;1.3000000000000114;0.9099612708765432;0.41469324265623914;1053.8195857387857;1855.6428697636657;0.80182328402488
2026-08-07 04:37:48;839385107;56.96;1016.28;0.0;124.57;16.23;125.37125;125.87;124.57;125.71;-1.3000000000000114;0.9351352096860117;0.3542910379977158;1055.6260433077482;1853.2760591779286;0.7976500158701804
2026-08-07 04:52:48;839386007;56.98;1016.34;0.0;125.38;16.29;125.35062500000001;124.57;125.87;124.57;0.8100000000000023;0.9563047559630354;0.29237170472273677;1060.0459821913516;1860.3825591283814;0.8003365769370298
2026-08-07 05:07:48;839386907;57.47;1016.27;0.0;124.57;16.14;125.330625;125.38;124.57;125.87;-0.8100000000000023;0.9733792584604485;0.22920039092241426;1058.977529913317;1842.6614406008648;0.7836839106875477
2026-08-07 05:22:48;839387807;57.88;1016.51;0.0;124.57;16.18;125.28999999999999;124.57;125.38;124.57;0.0;0.9862856015372313;0.16504760586067782;1069.2599466040267;1847.3737847339785;0.7781138381299517
2026-08-07 05:37:48;839388707;58.04;1016.51;0.0;125.22;16.24;125.27;124.57;124.57;125.38;0.6500000000000057;0.9949685182509117;0.10018806161207632;1076.3286284506282;1854.460076586196;0.7781314481355678
2026-08-07 05:52:48;839389607;58.04;1016.49;0.0;125.06;16.23;125.209375;125.22;124.57;124.57;-0.1599999999999966;0.9993908270190958;0.03489949670250086;1075.6421213437234;1853.2772593792613;0.777635138035538
2026-08-07 06:07:48;839390507;58.87;1016.63;0.0;123.46;16.11;125.14;125.06;125.22;124.57;-1.6000000000000085;0.999533590836713;-0.030538513209822475;1082.700055381282;1839.1371757793136;0.7564371203980316
2026-08-07 06:22:48;839391407;59.34;1016.75;0.0;124.89;16.15;125.129375;123.46;125.06;125.22;1.4300000000000068;0.9953961983671789;-0.09584575252022395;1094.1352055002033;1843.840926019891;0.7497057205196878
2026-08-07 06:37:48;839392307;59.7;1016.74;0.0;124.57;16.32;125.06875;124.89;123.46;125.06;-0.3200000000000074;0.9869963665602319;-0.160742565603826;1112.7762964464875;1863.9468952202474;0.7511705987737598
2026-08-07 06:52:48;839393207;59.3;1016.61;0.0;125.06;16.4;125.018125;124.57;124.89;123.46;0.4900000000000091;0.9743700647852352;-0.22495105434386503;1110.970204311176;1873.4742062583073;0.7625040019471312
2026-08-07 07:07:48;839394107;59.14;1016.72;0.0;124.25;16.38;124.9375;125.06;124.57;124.89;-0.8100000000000023;0.9575713608048145;-0.28819626813408905;1106.5619323739575;1871.0888271456838;0.7645268947717263
2026-08-07 07:22:48;839395007;59.74;1016.79;0.0;124.89;16.28;124.87625;124.25;125.06;124.57;0.6400000000000006;0.9366721892483977;-0.3502073812594673;1110.6855545741523;1859.199120478996;0.7485135659048437
2026-08-07 07:37:48;839395907;62.57;1016.87;0.0;124.41;16.09;124.815625;124.89;124.25;125.06;-0.480000000000004;0.9117620435770886;-0.4107188526134773;1149.280100149726;1836.7909543706662;0.6875108542209403
2026-08-07 07:52:48;839396807;64.55;1016.91;0.0;124.25;16.35;124.724375;124.41;124.89;124.25;-0.1599999999999966;0.8829475928589269;-0.4694715627858909;1205.4815136671734;1867.5159003364427;0.6620343866692692
2026-08-07 08:07:48;839397707;64.84;1016.84;0.0;124.41;16.39;124.714375;124.25;124.41;124.89;0.1599999999999966;0.8503522249955628;-0.5262139236518696;1213.98777357609;1872.2821924369057;0.6582944188608157
2026-08-07 08:22:48;839398607;64.16;1017.01;0.0;123.94;16.71;124.59375;124.41;124.25;124.41;-0.46999999999999886;0.8141155183563192;-0.5807029557109398;1225.9710464942464;1910.8027532641;0.6848317067698535
2026-08-07 08:37:48;839399507;62.99;1017.06;0.0;123.46;16.9;124.524375;123.94;124.41;124.25;-0.480000000000004;0.7743926440821857;-0.632705328562516;1218.2275905706483;1934.001572583979;0.7157739820133306
2026-08-07 08:52:48;839400407;63.89;1017.14;0.0;123.46;17.23;124.40437499999999;123.46;123.94;124.41;0.0;0.7313537016191706;-0.6819983600624984;1261.7520935755763;1974.8819746056913;0.713129881030115
2026-08-07 09:07:48;839401307;63.79;1017.25;0.0;123.46;17.56;124.335;123.46;123.46;123.94;0.0;0.685182990326359;-0.7283709698824004;1286.3372175034651;2016.5186040186002;0.7301813865151351
2026-08-07 09:22:48;839402207;62.54;1017.24;0.0;123.15;18.06;124.24625;123.46;123.46;123.46;-0.30999999999998806;0.6360782202777638;-0.77162458338772;1301.5013863301804;2081.0703331150953;0.779568946784915
2026-08-07 09:37:48;839403107;60.63;1017.36;0.0;121.31;18.44;124.001875;123.15;123.46;123.46;-1.8400000000000034;0.5842496656374344;-0.8115739819650123;1292.228476724291;2131.3351092269354;0.8391066325026443
2026-08-07 09:52:48;839404007;60.34;1017.37;0.0;121.76;18.61;123.795625;121.31;123.15;123.46;0.45000000000000284;0.5299192642332049;-0.848048096156426;1299.8226037275238;2154.164076446012;0.8543414727184884
2026-08-07 10:07:48;839404907;59.75;1017.39;0.0;121.76;18.92;123.689375;121.76;121.31;123.15;0.0;0.4733196671848435;-0.8808907382053855;1312.3164739608937;2196.345563114466;0.8840290891535724
2026-08-07 10:22:48;839405807;58.88;1017.47;0.0;120.71;19.05;123.428125;121.76;121.76;121.31;-1.0500000000000114;0.4146932426562392;-0.9099612708765431;1303.7500053353683;2214.249329713601;0.9104993243782328
2026-08-07 10:37:48;839406707;56.89;1017.39;0.0;121.16;19.32;123.215;120.71;121.76;121.76;0.45000000000000284;0.35429103799771566;-0.9351352096860118;1281.0726127686023;2251.8414708535815;0.9707688580849793
2026-08-07 10:52:48;839407607;55.26;1017.33;0.0;120.41;19.62;122.924375;121.16;120.71;121.76;-0.75;0.2923717047227366;-0.9563047559630355;1267.811045777807;2294.2653741907475;1.0264543284129404
2026-08-07 11:07:48;839408507;53.41;1017.26;0.0;120.12;19.7;122.66625;120.41;121.16;120.71;-0.28999999999999204;0.22920039092241454;-0.9733792584604484;1231.4720173005708;2305.695595020728;1.0742235777201572
2026-08-07 11:22:48;839409407;50.38;1017.36;0.0;120.12;19.77;122.36812499999999;120.12;120.41;121.16;0.0;0.16504760586067765;-0.9862856015372314;1166.6693284209896;2315.7390401369385;1.149069711715949
2026-08-07 11:37:48;839410307;49.98;1017.23;0.0;120.56;19.84;122.1275;120.12;120.12;120.41;0.4399999999999977;0.10018806161207638;-0.9949685182509117;1162.4444231239565;2325.8191739174804;1.163374750793524
2026-08-07 11:52:48;839411207;50.46;1017.2;0.0;119.53;19.91;121.83250000000001;120.56;120.12;120.12;-1.0300000000000011;0.0348994967025007;-0.9993908270190958;1178.7145230006965;2335.938412605423;1.1572238896047262
2026-08-07 12:07:48;839412107;45.87;1017.04;0.0;118.38;21.91;121.455625;119.53;120.56;120.12;-1.1500000000000057;-0.030538513209822857;-0.9995335908367129;1211.8090583376331;2641.8335695174037;1.4300245111797705
2026-08-07 12:22:48;839413007;46.2;1017.01;0.0;118.66;21.23;121.125625;118.38;119.53;120.56;0.28000000000000114;-0.09584575252022366;-0.9953961983671789;1170.7613242169627;2534.1154203830365;1.3633540961660737
2026-08-07 12:37:48;839413907;47.38;1016.93;0.0;118.66;20.67;120.82562499999999;118.66;118.38;119.53;0.0;-0.16074256560382613;-0.9869963665602319;1160.0100101766477;2448.3115453285095;1.2883015351518619
2026-08-07 12:52:48;839414807;48.38;1017.01;0.0;118.66;20.43;120.525625;118.66;118.66;118.38;0.0;-0.22495105434386498;-0.9743700647852352;1167.0827531484076;2412.324830815229;1.2452420776668212
2026-08-07 13:07:48;839415707;48.2;1017.08;0.0;119.09;20.27;120.2525;118.66;118.66;118.66;0.4300000000000068;-0.2881962681340892;-0.9575713608048144;1151.3012686601003;2388.5918436931543;1.237290575033054
2026-08-07 13:22:48;839416607;45.56;1016.95;0.0;118.66;20.29;119.971875;119.09;118.66;118.66;-0.4300000000000068;-0.3502073812594677;-0.9366721892483976;1089.588529080613;2391.546376384137;1.3019578473035243
2026-08-07 13:37:48;839417507;44.53;1016.81;0.0;117.81;20.6;119.753125;118.66;119.09;118.66;-0.8499999999999943;-0.410718852613477;-0.9117620435770887;1085.5372699945592;2437.766157634312;1.3522288876397528
2026-08-07 13:52:48;839418407;45.01;1016.65;0.0;117.67;21.25;119.4975;117.81;118.66;119.09;-0.14000000000000057;-0.46947156278589086;-0.8829475928589269;1142.0050468760976;2537.225165243496;1.3952201183673985
2026-08-07 14:07:48;839419307;42.69;1016.62;0.0;117.11;21.82;119.206875;117.67;117.81;118.66;-0.5600000000000023;-0.5262139236518696;-0.8503522249955628;1121.614627582329;2627.3474527578564;1.5057328251755275
2026-08-07 14:22:48;839420207;42.83;1016.48;0.0;116.98;22.22;118.97375;117.11;117.67;117.81;-0.12999999999999545;-0.5807029557109398;-0.8141155183563192;1153.09082353177;2692.2503467937663;1.5391595232619963
2026-08-07 14:37:48;839421107;43.23;1016.47;0.0;117.11;21.79;118.720625;116.98;117.11;117.67;0.12999999999999545;-0.6327053285625163;-0.7743926440821854;1133.7215056547584;2622.5341329048315;1.488812627250073
2026-08-07 14:52:48;839422007;43.37;1016.56;0.0;118.38;21.59;118.59375;117.11;116.98;117.11;1.269999999999996;-0.6819983600624984;-0.7313537016191706;1123.565053060506;2590.6503413892233;1.4670852883287173
2026-08-07 15:07:48;839422907;44.37;1016.44;0.0;116.7;21.56;118.38;118.38;117.11;116.98;-1.6799999999999926;-0.7283709698824001;-0.6851829903263593;1147.3621064912788;2585.896115599006;1.4385340091077272
2026-08-07 15:22:48;839423807;43.94;1016.3;0.0;117.11;21.54;118.19187500000001;116.7;118.38;117.11;0.4099999999999966;-0.77162458338772;-0.6360782202777638;1134.8517440460896;2582.730414306076;1.4478786702599864
2026-08-07 15:37:48;839424707;44.39;1016.24;0.0;116.84;21.67;117.95937500000001;117.11;116.7;118.38;-0.269999999999996;-0.8115739819650121;-0.5842496656374347;1155.6318347459735;2603.360745091177;1.4477289103452033
2026-08-07 15:52:48;839425607;42.78;1016.2;0.0;116.02;21.95;117.74;116.84;117.11;116.7;-0.8200000000000074;-0.848048096156426;-0.529919264233205;1132.9368367445315;2648.286200898858;1.5153493641543265
2026-08-07 16:07:48;839426507;42.66;1016.12;0.0;116.43;22.07;117.618125;116.02;116.84;117.11;0.4100000000000108;-0.8808907382053857;-0.47331966718484314;1138.0604783583572;2667.7460814776305;1.5296856031192734
2026-08-07 16:22:48;839427407;42.59;1016.15;0.0;115.62;22.05;117.428125;116.43;116.02;116.84;-0.8100000000000023;-0.9099612708765431;-0.41469324265623925;1134.8080975170283;2664.4942416459926;1.5296861441289644
2026-08-07 16:37:48;839428307;42.84;1016.22;0.0;116.43;21.82;117.28875000000001;115.62;116.43;116.02;0.8100000000000023;-0.9351352096860117;-0.3542910379977157;1125.5543174445918;2627.3443451087574;1.5017900276641656
2026-08-07 16:52:48;839429207;44.29;1016.26;0.0;116.02;21.49;117.12375;116.43;115.62;116.43;-0.4100000000000108;-0.9563047559630353;-0.2923717047227371;1140.3936928756877;2574.8333548785;1.4344396620028121
2026-08-07 17:07:48;839430107;44.76;1016.21;0.0;115.75;21.21;116.915;116.02;116.43;115.62;-0.269999999999996;-0.9733792584604485;-0.22920039092241415;1132.8757303762338;2531.000291278449;1.398124560902215
2026-08-07 17:22:48;839431007;45.27;1016.33;0.0;116.29;21.15;116.766875;115.75;116.02;116.43;0.5400000000000063;-0.9862856015372314;-0.1650476058606773;1141.5708194636557;2521.6938799727313;1.3801230605090757
2026-08-07 17:37:48;839431907;44.85;1016.36;0.0;115.89;21.28;116.64687500000001;116.29;115.75;116.02;-0.4000000000000057;-0.9949685182509117;-0.10018806161207644;1140.041221258821;2541.8979292281406;1.4018567079693196
2026-08-07 17:52:48;839432807;44.8;1016.27;0.0;115.89;21.26;116.535625;115.89;116.29;115.75;0.0;-0.9993908270190958;-0.03489949670250076;1137.3733422906703;2538.779781898818;1.4014064396081476
2026-08-07 18:07:48;839433707;45.3;1016.3;0.0;116.29;21.26;116.484375;115.89;115.89;116.29;0.4000000000000057;-0.999533590836713;0.030538513209822354;1150.0673436322697;2538.780008018256;1.3887126643859862
2026-08-07 18:22:48;839434607;45.99;1016.19;0.0;116.02;21.11;116.42437500000001;116.29;115.89;115.89;-0.27000000000001023;-0.9953961983671789;0.09584575252022405;1156.8805692956796;2515.504608166296;1.3586240388706163
2026-08-07 18:37:48;839435507;47.7;1016.23;0.0;116.02;20.87;116.35625;116.02;116.29;115.89;0.0;-0.9869963665602318;0.16074256560382652;1182.3178898980457;2478.653857228607;1.2963359673305614
2026-08-07 18:52:48;839436407;49.71;1016.18;0.0;116.29;20.66;116.22562500000001;116.02;116.02;116.29;0.27000000000001023;-0.9743700647852352;0.22495105434386492;1216.302925063577;2446.7972743182;1.230494349254623
2026-08-07 19:07:48;839437307;50.37;1016.24;0.0;116.16;20.55;116.191875;116.29;116.02;116.02;-0.13000000000000966;-0.9575713608048146;0.2881962681340887;1224.1192358222868;2430.254587695626;1.2061353518733393
2026-08-07 19:22:48;839438207;50.93;1016.13;0.0;116.29;20.49;116.14062500000001;116.16;116.29;116.02;0.13000000000000966;-0.9366721892483977;0.3502073812594672;1233.153627447344;2421.2716030774477;1.1881179756301037
2026-08-07 19:37:48;839439107;50.11;1015.99;0.0;116.16;20.49;116.098125;116.29;116.16;116.29;-0.13000000000000966;-0.9117620435770886;0.4107188526134774;1213.2986931804976;2421.270591060662;1.2079718978801643
2026-08-07 19:52:48;839440007;49.29;1016.01;0.0;115.89;20.38;116.09;116.16;116.29;116.16;-0.269999999999996;-0.8829475928589268;0.4694715627858912;1185.3647865371163;2404.878852783762;1.2195140662466455
2026-08-07 20:07:48;839440907;47.82;1016.12;0.0;116.43;20.28;116.09;115.89;116.16;116.29;0.5400000000000063;-0.8503522249955628;0.5262139236518695;1142.9277986880809;2390.0623142787135;1.2471345155906326
2026-08-07 20:22:48;839441807;47.18;1016.1;0.0;115.89;20.15;116.106875;116.43;115.89;116.16;-0.5400000000000063;-0.8141155183563196;0.5807029557109393;1118.5996664231993;2370.919174275539;1.2523195078523395
2026-08-07 20:37:48;839442707;46.33;1015.99;0.0;116.29;20.15;116.098125;115.89;116.43;115.89;0.4000000000000057;-0.7743926440821857;0.6327053285625159;1098.4464918066244;2370.918393711687;1.2724719019050623
2026-08-07 20:52:48;839443607;48.59;1016.1;0.0;115.75;20.02;116.08125;116.29;115.89;116.43;-0.5400000000000063;-0.7313537016191703;0.6819983600624986;1142.7933394693969;2351.9105566359262;1.2091172171665294
2026-08-07 21:07:48;839444507;51.62;1016.12;0.0;116.43;19.81;116.12375;115.75;116.29;115.89;0.6800000000000068;-0.6851829903263593;0.7283709698824;1198.3512287947876;2321.486301423455;1.1231350726286675
2026-08-07 21:22:48;839445407;52.31;1016.3;0.0;115.75;19.72;116.09;116.43;115.75;116.29;-0.6800000000000068;-0.6360782202777646;0.7716245833877194;1207.6048057978908;2308.554398390156;1.1009495925922654
2026-08-07 21:37:48;839446307;52.65;1016.42;0.0;116.16;19.59;116.106875;115.75;116.43;115.75;0.4099999999999966;-0.5842496656374341;0.8115739819650125;1205.6773188096768;2289.98541084459;1.0843080920349135
2026-08-07 21:52:48;839447207;53.64;1016.45;0.0;116.29;19.41;116.13187500000001;116.16;115.75;116.43;0.13000000000000966;-0.529919264233205;0.8480480961564258;1214.6722212176999;2264.4895995855704;1.0498173783678706
2026-08-07 22:07:48;839448107;54.83;1016.54;0.0;116.43;19.13;116.14062500000001;116.29;116.16;115.75;0.14000000000000057;-0.4733196671848432;0.8808907382053857;1220.1450978228477;2225.3239062973694;1.0051788084745217
2026-08-07 22:22:48;839449007;55.77;1016.57;0.0;116.56;18.77;116.174375;116.43;116.29;116.16;0.12999999999999545;-0.4146932426562393;0.9099612708765431;1213.4661449202279;2175.8403172318945;0.9623741723116666
2026-08-07 22:37:48;839449907;56.46;1016.64;0.0;116.29;18.54;116.19125;116.56;116.43;116.29;-0.269999999999996;-0.3542910379977166;0.9351352096860114;1210.916463034149;2144.7333741306215;0.9338169110964725
2026-08-07 22:52:48;839450807;57.26;1016.71;0.0;116.84;18.33;116.225625;116.29;116.56;116.43;0.5499999999999972;-0.29237170472273627;0.9563047559630357;1212.0066995976995;2116.6725455775404;0.9046658459798409
2026-08-07 23:07:48;839451707;57.98;1016.79;0.0;116.84;18.08;116.26812500000001;116.84;116.29;116.56;0.0;-0.22920039092241423;0.9733792584604485;1208.121611816329;2083.686808927784;0.8755651971114551
2026-08-07 23:22:48;839452607;58.25;1016.76;0.0;116.98;17.91;116.31125;116.84;116.84;116.29;0.14000000000000057;-0.16504760586067735;0.9862856015372314;1200.832032922573;2061.514219609567;0.8606821866869941
2026-08-07 23:37:48;839453507;58.31;1016.75;0.0;116.43;17.87;116.328125;116.98;116.84;116.84;-0.5499999999999972;-0.1001880616120765;0.9949685182509117;1199.044440985377;2056.3272868896875;0.8572828459043106
2026-08-07 23:52:48;839454407;59.82;1016.81;0.0;117.25;17.34;116.41312500000001;116.43;116.98;116.84;0.8199999999999932;-0.03489949670250171;0.9993908270190957;1189.6248078352542;1988.67403516425;0.7990492273289959
2026-08-08 00:07:48;839455307;59.87;1016.82;0.0;116.84;17.21;116.43875;117.25;116.43;116.98;-0.4099999999999966;0.03053851320982266;0.9995335908367129;1180.8645457959274;1972.3810686419363;0.7915165228460089
2026-08-08 00:22:48;839456207;60.16;1016.89;0.0;117.39;17.13;116.5325;116.84;117.25;116.43;0.5499999999999972;0.09584575252022397;0.9953961983671789;1180.5878514309763;1962.4133168732985;0.7818254654423222
2026-08-08 00:37:48;839457107;61.02;1016.92;0.0;117.11;16.79;116.58375000000001;117.39;116.84;117.25;-0.28000000000000114;0.1607425656038261;0.9869963665602319;1171.9135626247992;1920.5400895195003;0.7486265268947011
2026-08-08 00:52:48;839458007;61.1;1017.02;0.0;117.53;16.7;116.69500000000001;117.11;117.39;116.84;0.4200000000000017;0.224951054343865;0.9743700647852352;1166.7586530241595;1909.5886301541072;0.7428299771299478
2026-08-08 01:07:48;839458907;61.93;1017.06;0.0;116.7;16.45;116.711875;117.53;117.11;117.39;-0.8299999999999983;0.28819626813408933;0.9575713608048144;1163.9455707194988;1879.4535293387678;0.715507958619269
2026-08-08 01:22:48;839459807;62.64;1017.1;0.0;117.11;16.26;116.796875;116.7;117.53;117.11;0.4099999999999966;0.35020738125946743;0.9366721892483976;1163.118842977336;1856.8308476649681;0.6937120046876321
2026-08-08 01:37:48;839460707;62.46;1017.05;0.0;116.84;16.28;116.839375;117.11;116.7;117.53;-0.269999999999996;0.4107188526134773;0.9117620435770886;1161.256701377804;1859.2006105952669;0.697943909217463
2026-08-08 01:52:48;839461607;62.18;1016.96;0.0;116.43;16.29;116.848125;116.84;117.11;116.7;-0.4099999999999966;0.4694715627858908;0.882947592858927;1156.7880859816448;1860.3861144767525;0.7035980284951077
2026-08-08 02:07:48;839462507;62.81;1016.96;0.0;116.84;16.03;116.87375;116.43;116.84;117.11;0.4099999999999966;0.5262139236518696;0.8503522249955628;1149.2750741438178;1829.7644867757012;0.6804894126318835
2026-08-08 02:22:48;839463407;62.87;1016.86;0.0;117.11;15.97;116.908125;116.84;116.43;116.84;0.269999999999996;0.5807029557109398;0.8141155183563192;1145.9695616474023;1822.7605561434743;0.676790994496072
2026-08-08 02:37:48;839464307;62.95;1016.85;0.0;117.11;15.8;116.95937500000001;117.11;116.84;116.43;0.0;0.632705328562516;0.7743926440821856;1135.0169916110335;1803.045260700609;0.6680282690895756
2026-08-08 02:52:48;839465207;63.37;1016.91;0.0;116.43;15.49;116.93375;117.11;117.11;116.84;-0.6799999999999926;0.6819983600624985;0.7313537016191706;1120.1128019053363;1767.57582752933;0.6474630256239936
2026-08-08 03:07:48;839466107;63.77;1016.93;0.0;116.98;15.45;116.9425;116.43;117.11;117.11;0.5499999999999972;0.7283709698824002;0.6851829903263592;1124.293239311103;1763.0441262523175;0.6387508869412145
2026-08-08 03:22:48;839467007;64.32;1016.75;0.0;116.84;15.24;116.93375;116.98;116.43;117.11;-0.14000000000000057;0.7716245833877199;0.6360782202777641;1118.7937515367782;1739.4181460459863;0.620624394509208
2026-08-08 03:37:48;839467907;64.54;1016.64;0.0;116.56;15.09;116.94187500000001;116.84;116.98;116.43;-0.28000000000000114;0.8115739819650123;0.5842496656374344;1111.8391227943112;1722.7132364337015;0.6108741136393904
2026-08-08 03:52:48;839468807;64.3;1016.49;0.0;116.84;15.02;116.91625;116.56;116.84;116.98;0.28000000000000114;0.8480480961564258;0.5299192642332051;1102.7227707537595;1714.9654288549916;0.6122426581012321
2026-08-08 04:07:48;839469707;64.41;1016.62;0.0;117.25;14.9;116.941875;116.84;116.56;116.84;0.4099999999999966;0.8808907382053854;0.4733196671848436;1096.1015038510475;1701.756720774798;0.6056552169237505
2026-08-08 04:22:48;839470607;64.97;1016.67;0.0;116.84;14.45;116.90750000000001;117.25;116.84;116.56;-0.4099999999999966;0.9099612708765432;0.41469324265623914;1073.9634011464832;1653.014316063542;0.5790509149170588
2026-08-08 04:37:48;839471507;65.04;1016.71;0.0;116.98;14.61;116.899375;116.84;117.25;116.84;0.14000000000000057;0.9351352096860117;0.3542910379977158;1086.299912290868;1670.2028171753811;0.5839029048845132
2026-08-08 04:52:48;839472407;64.5;1016.59;0.0;116.98;14.5;116.86500000000001;116.98;116.84;117.25;0.0;0.9563047559630354;0.29237170472273677;1069.6476616781558;1658.368467718071;0.5887208060399153
2026-08-08 05:07:48;839473307;65.21;1016.49;0.0;117.25;14.32;116.899375;116.98;116.98;116.84;0.269999999999996;0.9733792584604485;0.22920039092241426;1068.8979027666362;1639.1625559985223;0.5702646532318861
2026-08-08 05:22:48;839474207;65.54;1016.55;0.0;117.25;14.14;116.90812500000001;117.25;116.98;116.98;0.0;0.9862856015372313;0.16504760586067782;1061.8484096846917;1620.1532036690442;0.5583047939843525
2026-08-08 05:37:48;839475107;65.03;1016.53;0.0;116.7;14.03;116.89937499999999;117.25;117.25;116.98;-0.5499999999999972;0.9949685182509117;0.10018806161207632;1046.0932053569925;1608.6317166799822;0.5625385113229897
2026-08-08 05:52:48;839476007;65.07;1016.57;0.0;116.84;13.89;116.92500000000001;116.7;117.25;117.25;0.14000000000000057;0.9993908270190958;0.03489949670250086;1037.262995143398;1594.0725298039006;0.5568095346605025
2026-08-08 06:07:48;839476907;65.45;1016.59;0.0;118.66;13.77;117.03875;116.84;116.7;117.25;1.8199999999999932;0.999533590836713;-0.030538513209822475;1035.2131465015248;1581.6854797578678;0.546472333256343
2026-08-08 06:22:48;839477807;65.06;1016.59;0.0;116.43;13.77;116.99625;118.66;116.84;116.7;-2.2299999999999898;0.9953961983671789;-0.09584575252022395;1029.044573130469;1581.6854797578678;0.5526409066273988
2026-08-08 06:37:48;839478707;66.28;1016.77;0.0;116.56;13.62;116.96187499999999;116.43;118.66;116.84;0.12999999999999545;0.9869963665602319;-0.160742565603826;1038.1578786399343;1566.321482558742;0.5281636039188077
2026-08-08 06:52:48;839479607;66.01;1016.85;0.0;116.56;13.81;116.97000000000001;116.56;116.43;118.66;0.0;0.9743700647852352;-0.22495105434386503;1046.7907984476187;1585.8063906190255;0.5390155921714067
2026-08-08 07:07:48;839480507;68.65;1016.78;0.0;116.56;13.92;116.94375000000001;116.56;116.56;116.43;0.0;0.9575713608048145;-0.28819626813408905;1096.4665849727635;1597.1836634708861;0.5007170784981226
2026-08-08 07:22:48;839481407;69.79;1016.7;0.0;116.56;14.15;116.92625;116.56;116.56;116.56;0.0;0.9366721892483977;-0.3502073812594673;1131.4389362485238;1621.2049523549558;0.48976601610643206
2026-08-08 07:37:48;839482307;70.21;1016.8;0.0;116.84;14.44;116.94375;116.56;116.56;116.56;0.28000000000000114;0.9117620435770886;-0.4107188526134773;1159.8312160773824;1651.9458995547393;0.49211468347735693
2026-08-08 07:52:48;839483207;70.09;1016.59;0.0;115.75;14.69;116.87562500000001;116.84;116.56;116.56;-1.0900000000000034;0.8829475928589269;-0.4694715627858909;1176.7095217750825;1678.855074582797;0.5021455528077144
2026-08-08 08:07:48;839484107;69.94;1016.72;0.0;114.82;15.04;116.72375000000001;115.75;116.84;116.56;-0.9300000000000068;0.8503522249955628;-0.5262139236518696;1200.9935651484004;1717.1769590340298;0.5161833938856294
2026-08-08 08:22:48;839485007;68.66;1016.78;0.0;115.62;15.61;116.6475;114.82;115.75;116.84;0.8000000000000114;0.8141155183563192;-0.5807029557109398;1222.9938763080256;1781.231978310553;0.5582381020025273
2026-08-08 08:37:48;839485907;67.6;1016.7;0.0;114.04;16.23;116.46374999999999;115.62;114.82;115.75;-1.5799999999999983;0.7743926440821857;-0.632705328562516;1252.816238675124;1853.2784595785859;0.6004622209034619
2026-08-08 08:52:48;839486807;66.5;1016.58;0.0;113.02;16.71;116.21625;114.04;115.62;114.82;-1.0200000000000102;0.7313537016191706;-0.6819983600624984;1270.682152272705;1910.800228981511;0.640118076708806
2026-08-08 09:07:48;839487707;65.05;1016.54;0.0;112.64;17.19;115.928125;113.02;114.04;115.62;-0.37999999999999545;0.685182990326359;-0.7283709698824004;1281.4090101680893;1969.8831824259635;0.6884741722578742
2026-08-08 09:22:48;839488607;63.0;1016.49;0.0;111.9;17.69;115.59375;112.64;113.02;114.04;-0.7399999999999949;0.6360782202777638;-0.77162458338772;1280.869445344027;2033.1261037206777;0.7522566583766507
2026-08-08 09:37:48;839489507;61.9;1016.53;0.0;110.94;18.25;115.23375;111.9;112.64;113.02;-0.960000000000008;0.5842496656374344;-0.8115739819650123;1303.6550679392049;2106.0663456206867;0.8024112776814818
2026-08-08 09:52:48;839490407;60.25;1016.43;0.0;110.94;18.89;114.865;110.94;111.9;112.64;0.0;0.5299192642332049;-0.848048096156426;1320.8160137891423;2192.225749027622;0.8714097352384796
2026-08-08 10:07:48;839491307;58.38;1016.42;0.0;110.46;19.48;114.3525;110.94;110.94;111.9;-0.480000000000004;0.4733196671848435;-0.8808907382053855;1327.78001406894;2274.374809984481;0.946594795915541
2026-08-08 10:22:48;839492207;55.65;1016.5;0.0;110.34;19.89;113.971875;110.46;110.94;110.94;-0.11999999999999034;0.4146932426562392;-0.9099612708765431;1298.3358238631656;2333.0383178134157;1.03470249395025
2026-08-08 10:37:48;839493107;53.81;1016.49;3.0;86.05;20.19;112.06500000000001;110.34;110.46;110.94;-24.290000000000006;0.35429103799771566;-0.9351352096860118;1278.9548697626947;2376.797750906327;1.0978428811436325
2026-08-08 10:52:48;839494007;51.23;1016.37;0.0;86.39;20.6;110.179375;86.05;110.34;110.46;0.3400000000000034;0.2923717047227366;-0.9563047559630355;1248.8659633554;2437.7629579453446;1.1888969945899446
2026-08-08 11:07:48;839494907;49.64;1016.29;0.0;86.63;20.91;108.30875;86.39;86.05;110.34;0.23999999999999488;0.22920039092241454;-0.9733792584604484;1233.436419271724;2484.763133101781;1.251326713830057
2026-08-08 11:22:48;839495807;46.68;1016.2;0.0;87.03;21.42;106.463125;86.63;86.39;86.05;0.4000000000000057;0.16504760586067765;-0.9862856015372314;1196.787876555868;2563.812931782065;1.3670250552261969
2026-08-08 11:37:48;839496707;46.14;1016.18;0.0;87.64;21.93;104.638125;87.03;86.63;86.39;0.6099999999999994;0.10018806161207638;-0.9949685182509117;1220.4282504099656;2645.0547256392833;1.4246264752293178
2026-08-08 11:52:48;839497607;44.16;1016.0;0.0;87.77;22.62;102.889375;87.64;87.03;86.63;0.12999999999999545;0.0348994967025007;-0.9993908270190958;1218.1748292835866;2758.5480735588467;1.54037324427526
2026-08-08 12:07:48;839498507;32.91;1015.73;0.0;87.83;28.23;101.2025;87.77;87.64;87.03;0.060000000000002274;-0.030538513209822857;-0.9995335908367129;1267.2364006104167;3850.6119738997777;2.583375573289361
2026-08-08 12:22:48;839499407;35.93;1015.56;0.0;88.31;25.93;99.495625;87.83;87.77;87.64;0.480000000000004;-0.09584575252022366;-0.9953961983671789;1208.7711586079843;3364.239239098203;2.1554680804902193
2026-08-08 12:37:48;839500307;37.3;1015.52;0.0;88.24;24.51;97.883125;88.31;87.83;87.77;-0.07000000000000739;-0.16074256560382613;-0.9869963665602319;1153.1294809515089;3091.499948931659;1.9383704679801503
2026-08-08 12:52:48;839501207;37.92;1015.38;0.0;88.52;24.38;96.351875;88.24;88.31;87.83;0.28000000000000114;-0.22495105434386498;-0.9743700647852352;1163.2046347696728;3067.5227710170698;1.9043181362473969
2026-08-08 13:07:48;839502107;37.79;1015.32;0.0;88.52;24.42;94.844375;88.52;88.24;88.31;0.0;-0.2881962681340892;-0.9575713608048144;1161.9979411655534;3074.882088292017;1.912884147126464
2026-08-08 13:22:48;839503007;37.98;1015.2;0.0;88.44;24.36;93.378125;88.52;88.52;88.24;-0.0799999999999983;-0.3502073812594677;-0.9366721892483976;1163.649095720273;3063.8470134814984;1.9001979177612254
2026-08-08 13:37:48;839503907;36.35;1014.85;0.0;88.1;24.77;91.950625;88.44;88.52;88.52;-0.3400000000000034;-0.410718852613477;-0.9117620435770887;1141.3671060939153;3139.9370181400695;1.9985699120461542
2026-08-08 13:52:48;839504807;35.59;1014.7;0.0;87.64;24.95;90.494375;88.1;88.44;88.52;-0.45999999999999375;-0.46947156278589086;-0.8829475928589269;1129.5768165175552;3173.8601194648923;2.044283302947337
2026-08-08 14:07:48;839505707;35.4;1014.48;0.0;88.1;24.76;89.096875;87.64;88.1;88.44;0.45999999999999375;-0.5262139236518696;-0.8503522249955628;1110.8726299199272;3138.058276609964;2.027185646690037
2026-08-08 14:22:48;839506607;33.94;1014.34;0.0;88.03;24.96;87.7025;88.1;87.64;88.1;-0.06999999999999318;-0.5807029557109398;-0.8141155183563192;1077.849837481495;3175.7508470285647;2.09790100954707
2026-08-08 14:37:48;839507507;33.37;1014.14;0.0;87.64;24.87;87.801875;88.03;88.1;87.64;-0.39000000000000057;-0.6327053285625163;-0.7743926440821854;1054.0709247313798;3158.7381622157022;2.1046672374843225
2026-08-08 14:52:48;839508407;33.16;1013.98;0.0;86.72;24.99;87.8225;87.64;88.03;88.1;-0.9200000000000017;-0.6819983600624984;-0.7313537016191706;1054.964031278157;3181.4355587399195;2.1264715274617623
2026-08-08 15:07:48;839509307;33.7;1013.78;0.0;86.28;25.02;87.800625;86.72;87.64;88.03;-0.4399999999999977;-0.7283709698824001;-0.6851829903263593;1074.0630208353227;3187.130625624103;2.11306760478878
2026-08-08 15:22:48;839510207;31.98;1013.49;0.0;85.58;25.37;87.71;86.28;86.72;87.64;-0.7000000000000028;-0.77162458338772;-0.6360782202777638;1040.7100023823295;3254.25266536063;2.2135426629783006
2026-08-08 15:37:48;839511107;31.77;1013.33;0.0;85.42;25.55;87.57125;85.58;86.28;86.72;-0.1599999999999966;-0.8115739819650121;-0.5842496656374347;1044.9948287714224;3289.2503266333724;2.24425549786195
2026-08-08 15:52:48;839512007;31.4;1013.19;0.0;85.23;25.53;87.41250000000001;85.42;85.58;86.28;-0.18999999999999773;-0.848048096156426;-0.529919264233205;1031.5980331387339;3285.344054581955;2.2537460214432214
2026-08-08 16:07:48;839512907;31.28;1013.09;0.0;85.37;25.24;87.25874999999999;85.23;85.42;85.58;0.14000000000000057;-0.8808907382053857;-0.47331966718484314;1010.0857127928826;3229.174273634535;2.2190885608416524
2026-08-08 16:22:48;839513807;32.6;1013.07;0.0;85.68;25.09;87.094375;85.37;85.23;85.42;0.3100000000000023;-0.9099612708765431;-0.41469324265623925;1043.3471818883309;3200.451478185064;2.1571042962967333
2026-08-08 16:37:48;839514707;32.98;1012.95;0.0;86.61;25.05;86.99249999999999;85.68;85.37;85.23;0.9299999999999926;-0.9351352096860117;-0.3542910379977157;1052.994928013024;3192.8287689903705;2.1398338409773463
2026-08-08 16:52:48;839515607;31.77;1012.79;0.0;87.64;25.26;86.9375;86.61;85.68;85.37;1.0300000000000011;-0.9563047559630353;-0.2923717047227371;1027.1298496982831;3233.018097885688;2.2058882481874047
2026-08-08 17:07:48;839516507;32.61;1012.54;0.0;87.64;25.22;86.8825;87.64;86.61;85.68;0.0;-0.9733792584604485;-0.22920039092241415;1051.7789765596735;3225.3265150557304;2.1735475384960568
2026-08-08 17:22:48;839517407;32.59;1012.35;0.0;87.74;25.24;86.83874999999999;87.64;87.64;86.61;0.09999999999999432;-0.9862856015372314;-0.1650476058606773;1052.3856454165818;3229.1673685688297;2.1767817231522475
2026-08-08 17:37:48;839518307;32.04;1012.1;0.0;88.13;25.3;86.840625;87.74;87.64;87.64;0.39000000000000057;-0.9949685182509117;-0.10018806161207644;1038.3256896019832;3240.7168839013207;2.202391194299337
2026-08-08 17:52:48;839519207;32.13;1011.96;0.0;88.13;25.15;86.87124999999999;88.13;87.74;87.64;0.0;-0.9993908270190958;-0.03489949670250076;1031.9845443190927;3211.903343663531;2.1799187993444384
2026-08-08 18:07:48;839520107;31.88;1011.96;0.0;88.31;25.11;86.884375;88.13;88.13;87.74;0.18000000000000682;-0.999533590836713;0.030538513209822354;1021.5174323004185;3204.257943225905;2.1827405109254863
2026-08-08 18:22:48;839521007;31.91;1011.97;0.0;88.31;25.17;86.901875;88.31;88.13;88.13;0.0;-0.9953961983671789;0.09584575252022405;1026.1401142403554;3215.7321035423233;2.189591989301968
2026-08-08 18:37:48;839521907;31.74;1011.88;0.0;88.44;25.06;86.951875;88.31;88.31;88.13;0.12999999999999545;-0.9869963665602318;0.16074256560382652;1014.0050143375221;3194.722792493769;2.180717778156247
2026-08-08 18:52:48;839522807;31.57;1011.67;0.0;88.52;25.03;87.064375;88.44;88.31;88.31;0.0799999999999983;-0.9743700647852352;0.22495105434386492;1006.7711207352813;3189.0121024240784;2.182240981688797
2026-08-08 19:07:48;839523707;32.08;1011.73;0.0;88.2;24.92;87.184375;88.52;88.44;88.31;-0.3199999999999932;-0.9575713608048146;0.2881962681340887;1016.3446620772287;3168.1566772980946;2.151812015220866
2026-08-08 19:22:48;839524607;32.61;1011.55;0.0;88.24;24.86;87.35062500000001;88.2;88.52;88.44;0.03999999999999204;-0.9366721892483977;0.3502073812594672;1029.442035589333;3156.8293026351826;2.1273872670458496
2026-08-08 19:37:48;839525507;32.84;1011.52;0.0;88.24;24.74;87.52687499999999;88.24;88.2;88.52;0.0;-0.9117620435770886;0.4107188526134774;1029.2987229483203;3134.2835656160787;2.104984842667758
2026-08-08 19:52:48;839526407;33.36;1011.53;0.0;88.13;24.64;87.708125;88.24;88.24;88.2;-0.10999999999999943;-0.8829475928589268;0.4694715627858912;1039.3652521832057;3115.603273930473;2.076238021747267
2026-08-08 20:07:48;839527307;33.52;1011.38;0.0;88.13;24.48;87.880625;88.13;88.24;88.24;0.0;-0.8503522249955628;0.5262139236518695;1034.3988650652136;3085.9154685716394;2.0515166035064256
2026-08-08 20:22:48;839528207;34.2;1011.4;0.0;88.07;24.29;88.03;88.13;88.13;88.24;-0.060000000000002274;-0.8141155183563196;0.5807029557109393;1043.4365319409872;3050.984011523354;2.007547479582367
2026-08-08 20:37:48;839529107;35.69;1011.36;0.0;88.17;24.04;88.1275;88.07;88.13;88.13;0.10000000000000853;-0.7743926440821857;0.6327053285625159;1072.6798458449496;3005.547340557438;1.9328674947124884
2026-08-08 20:52:48;839530007;36.66;1011.28;0.0;88.17;23.7;88.160625;88.17;88.07;88.13;0.0;-0.7313537016191703;0.6819983600624986;1079.5278240703574;2944.7021933179417;1.8651743692475844
2026-08-08 21:07:48;839530907;38.43;1011.36;0.0;88.31;23.34;88.20249999999999;88.17;88.17;88.07;0.14000000000000057;-0.6851829903263593;0.7283709698824;1107.343085239771;2881.454814571353;1.774111729331582
2026-08-08 21:22:48;839531807;38.3;1011.29;0.0;88.13;23.02;88.226875;88.31;88.17;88.17;-0.18000000000000682;-0.6360782202777646;0.7716245833877194;1082.4474421610498;2826.2335304466055;1.7437860882855558
2026-08-08 21:37:48;839532707;39.09;1011.28;0.0;88.27;22.65;88.235625;88.13;88.31;88.17;0.14000000000000057;-0.5842496656374341;0.8115739819650125;1080.267545522924;2763.539384811777;1.683271839288853
2026-08-08 21:52:48;839533607;40.05;1011.38;0.0;88.24;22.53;88.2425;88.27;88.13;88.31;-0.030000000000001137;-0.529919264233205;0.8480480961564258;1098.7596448387787;2743.469774878349;1.6447101300395706
2026-08-08 22:07:48;839534507;41.36;1011.4;0.0;88.17;22.39;88.23374999999999;88.24;88.27;88.13;-0.06999999999999318;-0.4733196671848432;0.8808907382053857;1125.0811717230406;2720.2155989435223;1.5951344272204817
2026-08-08 22:22:48;839535407;41.6;1011.29;0.0;88.66;22.14;88.255625;88.17;88.24;88.27;0.4899999999999949;-0.4146932426562393;0.9099612708765431;1114.5128871297452;2679.117517138811;1.5646046300090657
2026-08-08 22:37:48;839536307;42.72;1011.21;0.0;88.07;21.99;88.23249999999999;88.66;88.17;88.24;-0.5900000000000034;-0.3542910379977166;0.9351352096860114;1134.0964138676213;2654.7200699148443;1.520623656047223
2026-08-08 22:52:48;839537207;43.55;1011.15;0.0;88.34;21.71;88.22125;88.07;88.66;88.17;0.27000000000001023;-0.29237170472273627;0.9563047559630357;1136.5236098729256;2609.698300511884;1.4731746906389585
2026-08-08 23:07:48;839538107;44.1;1011.05;0.0;88.31;21.65;88.22812499999999;88.34;88.07;88.66;-0.030000000000001137;-0.22920039092241423;0.9733792584604485;1146.6606243903177;2600.137470272829;1.4534768458825114
2026-08-08 23:22:48;839539007;44.06;1010.94;0.0;88.27;21.48;88.22999999999999;88.31;88.34;88.07;-0.04000000000000625;-0.16504760586067735;0.9862856015372314;1133.7589521303364;2573.215960350287;1.4394570082199505
2026-08-08 23:37:48;839539907;44.53;1010.8;0.0;88.13;21.36;88.22312500000001;88.27;88.31;88.34;-0.14000000000000057;-0.1001880616120765;0.9949685182509117;1137.4561456293227;2554.3591862324784;1.4169030406031558
2026-08-08 23:52:48;839540807;44.7;1010.73;0.0;88.24;21.26;88.22999999999999;88.13;88.27;88.31;0.10999999999999943;-0.03489949670250171;0.9993908270190957;1134.8158963480485;2538.738023149997;1.4039221268019484
2026-08-09 00:07:48;839541707;45.63;1010.69;0.0;88.1;20.99;88.228125;88.24;88.13;88.27;-0.14000000000000057;0.03053851320982266;0.9995335908367129;1139.371399590761;2496.978741158801;1.3576073415680399
2026-08-09 00:22:48;839542607;45.58;1010.55;0.0;88.13;21.03;88.23187499999999;88.1;88.24;88.13;0.030000000000001137;0.09584575252022397;0.9953961983671789;1140.9248440134988;2503.126028989686;1.362201184976187
2026-08-09 00:37:48;839543507;45.57;1010.49;0.0;87.93;21.06;88.216875;88.13;88.1;88.24;-0.19999999999998863;0.1607425656038261;0.9869963665602319;1142.779632238796;2507.7455173113804;1.3649658850725843
2026-08-09 00:52:48;839544407;45.88;1010.31;0.0;88.0;21.02;88.20625;87.93;88.13;88.1;0.06999999999999318;0.224951054343865;0.9743700647852352;1147.7276203861425;2501.585920632394;1.3538583002462514
2026-08-09 01:07:48;839545307;46.51;1010.25;0.0;87.93;20.83;88.1825;88.0;87.93;88.13;-0.06999999999999318;0.28819626813408933;0.9575713608048144;1149.9663250155165;2472.514136778148;1.3225478117626315
2026-08-09 01:22:48;839546207;46.56;1010.13;0.0;88.0;20.74;88.174375;87.93;88.0;87.93;0.06999999999999318;0.35020738125946743;0.9366721892483976;1144.8387582254445;2458.846130209288;1.3140073719838432
2026-08-09 01:37:48;839547107;46.61;1009.95;0.0;87.97;20.73;88.155625;88.0;87.93;88.0;-0.030000000000001137;0.4107188526134773;0.9117620435770886;1145.3616677208447;2457.3303319477463;1.3119686642269017
2026-08-09 01:52:48;839548007;46.66;1009.78;0.0;88.1;20.69;88.146875;87.97;88.0;87.93;0.12999999999999545;0.4694715627858908;0.882947592858927;1143.7669373162557;2451.2793341539987;1.307512396837743
2026-08-09 02:07:48;839548907;46.91;1009.67;0.0;87.71;20.58;88.11812499999999;88.1;87.97;88.0;-0.39000000000000057;0.5262139236518696;0.8503522249955628;1142.121936632628;2434.708882184242;1.2925869455516141
2026-08-09 02:22:48;839549807;47.76;1009.65;0.0;87.71;20.39;88.05875;87.71;88.1;87.97;0.0;0.5807029557109398;0.8141155183563192;1149.2580841225913;2406.3192716134663;1.257061187490875
2026-08-09 02:37:48;839550707;48.62;1009.53;0.0;87.77;20.16;88.04;87.71;87.71;88.1;0.060000000000002274;0.632705328562516;0.7743926440821856;1153.4318454969314;2372.3402827991185;1.2189084373021872
2026-08-09 02:52:48;839551607;48.81;1009.4;0.0;87.77;20.06;88.004375;87.77;87.71;87.71;0.0;0.6819983600624985;0.7313537016191706;1150.7922886781353;2357.6977846304753;1.20690549595234
2026-08-09 03:07:48;839552507;49.98;1009.41;0.0;87.64;19.83;87.96249999999999;87.77;87.77;87.71;-0.12999999999999545;0.7283709698824002;0.6851829903263592;1161.6962078714912;2324.322144600823;1.1626259367293317
2026-08-09 03:22:48;839553407;50.52;1009.18;0.0;87.64;19.53;87.923125;87.64;87.77;87.77;0.0;0.7716245833877199;0.6360782202777641;1152.5679669880137;2281.40927749013;1.1288413105021164
2026-08-09 03:37:48;839554307;51.37;1009.1;0.0;87.64;19.25;87.8925;87.64;87.64;87.77;0.0;0.8115739819650123;0.5842496656374344;1151.7081692225174;2241.9859241240365;1.090277754901519
2026-08-09 03:52:48;839555207;51.9;1008.98;0.0;87.64;19.11;87.85499999999999;87.64;87.64;87.64;0.0;0.8480480961564258;0.5299192642332051;1153.476712391081;2222.498482449096;1.0690217700580151
2026-08-09 04:07:48;839556107;52.34;1008.83;0.0;87.64;18.89;87.82625;87.64;87.64;87.64;0.0;0.8808907382053854;0.4733196671848436;1147.3846102598789;2192.175411272218;1.044790801012339
2026-08-09 04:22:48;839557007;53.25;1008.75;0.0;87.64;18.66;87.795625;87.64;87.64;87.64;0.0;0.9099612708765432;0.41469324265623914;1150.6594085507093;2160.862739062365;1.0102033305116558
2026-08-09 04:37:48;839557907;53.93;1008.63;0.0;87.64;18.52;87.7775;87.64;87.64;87.64;0.0;0.9351352096860117;0.3542910379977158;1155.1778562164536;2141.994912324223;0.9868170561077695
2026-08-09 04:52:48;839558807;54.15;1008.53;0.0;87.64;18.38;87.755;87.64;87.64;87.64;0.0;0.9563047559630354;0.29237170472273677;1149.7516618470586;2123.2717670305788;0.9735201051835202
2026-08-09 05:07:48;839559707;54.66;1008.33;0.0;87.64;18.16;87.736875;87.64;87.64;87.64;0.0;0.9733792584604485;0.22920039092241426;1144.6564876103464;2094.139201628881;0.9494827140185346
2026-08-09 05:22:48;839560607;54.89;1008.29;0.0;87.71;18.1;87.71875;87.64;87.64;87.64;0.06999999999999318;0.9862856015372313;0.16504760586067782;1145.1454357844725;2086.2551207587403;0.9411096849742678
2026-08-09 05:37:48;839561507;55.07;1008.16;0.0;87.64;18.05;87.69812499999999;87.71;87.64;87.64;-0.06999999999999318;0.9949685182509117;0.10018806161207632;1145.2931760991771;2079.704332847607;0.9344111567484299
2026-08-09 05:52:48;839562407;55.11;1008.13;0.0;87.67;18.05;87.67125;87.64;87.71;87.64;0.030000000000001137;0.9993908270190958;0.03489949670250086;1146.1249532756876;2079.7041431240928;0.9335791898484052
2026-08-09 06:07:48;839563307;55.41;1008.17;0.0;87.64;17.86;87.666875;87.67;87.64;87.71;-0.030000000000001137;0.999533590836713;-0.030538513209822475;1138.6636795957384;2054.978667380867;0.9163149877851288
2026-08-09 06:22:48;839564207;56.23;1008.06;0.0;87.64;17.57;87.6625;87.64;87.67;87.64;0.0;0.9953961983671789;-0.09584575252022395;1134.572747058643;2017.7356341074926;0.8831628870488496
2026-08-09 06:37:48;839565107;56.91;1008.02;0.0;87.64;17.39;87.654375;87.64;87.64;87.67;0.0;0.9869963665602319;-0.160742565603826;1135.3080359962569;1994.9183552912616;0.8596103192950048
2026-08-09 06:52:48;839566007;57.84;1008.05;0.0;87.64;17.24;87.64625;87.64;87.64;87.64;0.0;0.9743700647852352;-0.22495105434386503;1142.9632502025772;1976.0775418440132;0.833114291641436
2026-08-09 07:07:48;839566907;57.73;1007.91;0.0;87.64;17.36;87.64625000000001;87.64;87.64;87.64;0.0;0.9575713608048145;-0.28819626813408905;1149.483350805156;1991.1369319334076;0.8416535811282515
2026-08-09 07:22:48;839567807;56.84;1007.75;0.0;87.09;17.7;87.611875;87.64;87.64;87.64;-0.5499999999999972;0.9366721892483977;-0.3502073812594673;1156.3272168089302;2034.354709375317;0.8780274925663869
2026-08-09 07:37:48;839568707;55.93;1007.77;0.0;87.64;18.1;87.611875;87.09;87.64;87.64;0.5499999999999972;0.9117620435770886;-0.4107188526134773;1166.8406446691226;2086.251823116615;0.9194111784474924
2026-08-09 07:52:48;839569607;55.55;1007.66;0.0;86.97;18.4;87.57000000000001;87.64;87.09;87.64;-0.6700000000000017;0.8829475928589269;-0.4694715627858909;1180.9552183822177;2125.9319862866205;0.9449767679044028
2026-08-09 08:07:48;839570507;55.24;1007.78;0.0;86.72;18.73;87.51249999999999;86.97;87.64;87.09;-0.25;0.8503522249955628;-0.5262139236518696;1198.898242128759;2170.344391978202;0.9714461498494431
2026-08-09 08:22:48;839571407;54.18;1007.74;0.0;86.55;19.24;87.44437500000001;86.72;86.97;87.64;-0.1700000000000017;0.8141155183563192;-0.5807029557109398;1213.9461850996595;2240.57989128767;1.0266337061880104
2026-08-09 08:37:48;839572307;51.57;1007.71;0.0;85.95;19.85;87.33875;86.55;86.72;86.97;-0.5999999999999943;0.7743926440821857;-0.632705328562516;1200.1349742683049;2327.1959943151146;1.1270610200468096
2026-08-09 08:52:48;839573207;51.62;1007.63;0.0;85.44;20.41;87.20125;85.95;86.55;86.72;-0.5100000000000051;0.7313537016191706;-0.6819983600624984;1243.6700189198534;2409.279385741677;1.1656093668218235
2026-08-09 09:07:48;839574107;48.68;1007.72;0.0;85.42;20.96;87.0625;85.44;85.95;86.55;-0.01999999999999602;0.685182990326359;-0.7283709698824004;1213.2779968536436;2492.354143084724;1.2790761462310805
2026-08-09 09:22:48;839575007;47.29;1007.69;0.0;85.1;21.52;86.89937499999999;85.42;85.44;85.95;-0.3200000000000074;0.6360782202777638;-0.77162458338772;1219.8471354424414;2579.5033525955623;1.359656217153121
2026-08-09 09:37:48;839575907;47.38;1007.48;0.0;84.96;22.12;86.731875;85.1;85.42;85.44;-0.14000000000000057;0.5842496656374344;-0.8115739819650123;1267.8050484313485;2675.8232343422296;1.4080181859108811
2026-08-09 09:52:48;839576807;45.09;1007.32;0.0;84.83;22.87;86.554375;84.96;85.1;85.42;-0.12999999999999545;0.5299192642332049;-0.848048096156426;1262.8068357328234;2800.63614045869;1.5378293047258667
2026-08-09 10:07:48;839577707;43.57;1007.26;0.0;84.77;23.38;86.375;84.83;84.96;85.1;-0.060000000000002274;0.4733196671848435;-0.8808907382053855;1258.4709149862235;2888.388604512792;1.6299176895265683
2026-08-09 10:22:48;839578607;41.33;1007.27;0.0;84.79;23.92;86.196875;84.77;84.83;84.96;0.020000000000010232;0.4146932426562392;-0.9099612708765431;1233.2512618424976;2983.9130458323198;1.7506617839898222
2026-08-09 10:37:48;839579507;40.58;1007.19;0.0;84.77;24.38;86.0175;84.79;84.77;84.83;-0.020000000000010232;0.35429103799771566;-0.9351352096860118;1244.7711144343882;3067.44976450071;1.8226786500663217
2026-08-09 10:52:48;839580407;40.35;1007.16;0.0;84.85;24.85;85.843125;84.77;84.79;84.77;0.0799999999999983;0.2923717047227366;-0.9563047559630355;1273.0041655195162;3154.9049950917374;1.8819008295722213
2026-08-09 11:07:48;839581307;40.06;1007.17;0.0;84.96;25.23;85.675625;84.85;84.77;84.79;0.10999999999999943;0.22920039092241454;-0.9733792584604484;1292.8152156254068;3227.1972431987188;1.934382027573312
2026-08-09 11:22:48;839582207;36.79;1007.04;0.0;85.21;25.83;85.558125;84.96;84.85;84.77;0.25;0.16504760586067765;-0.9862856015372314;1230.3627327488755;3344.285764470985;2.11392303172211
2026-08-09 11:37:48;839583107;36.33;1006.78;0.0;85.19;26.36;85.405;85.21;84.96;84.85;-0.01999999999999602;0.10018806161207638;-0.9949685182509117;1253.667593590153;3450.7778518859154;2.1971102582957625
2026-08-09 11:52:48;839584007;34.4;1006.62;0.0;85.05;27.05;85.285;85.19;85.21;84.96;-0.14000000000000057;0.0348994967025007;-0.9993908270190958;1236.2822180940734;3593.8436572502137;2.3575614391561404
2026-08-09 12:07:48;839584907;27.01;1006.54;0.0;84.96;32.33;85.17500000000001;85.05;85.19;85.21;-0.09000000000000341;-0.030538513209822857;-0.9995335908367129;1315.5443491657697;4870.582558925471;3.5550382097597013
2026-08-09 12:22:48;839585807;30.96;1006.62;0.0;84.88;29.76;85.07062499999999;84.96;85.05;85.19;-0.0799999999999983;-0.09584575252022366;-0.9953961983671789;1302.4830361408692;4206.986550842601;2.9045035147017315
2026-08-09 12:37:48;839586707;31.61;1006.57;0.0;84.85;28.74;85.00187499999998;84.88;84.96;85.05;-0.030000000000001137;-0.16074256560382613;-0.9869963665602319;1253.745849984269;3966.295001532012;2.7125491515477433
2026-08-09 12:52:48;839587607;31.4;1006.49;0.0;84.79;29.13;84.96125;84.85;84.88;84.96;-0.05999999999998806;-0.22495105434386498;-0.9743700647852352;1273.8565976695281;4056.868145444357;2.783011547774829
2026-08-09 13:07:48;839588507;31.36;1006.62;0.0;84.7;29.23;84.91624999999999;84.79;84.85;84.88;-0.09000000000000341;-0.2881962681340892;-0.9575713608048144;1279.6077116642587;4080.3817336232737;2.800774021959015
2026-08-09 13:22:48;839589407;30.25;1006.43;0.0;84.62;29.57;84.88625;84.7;84.79;84.85;-0.0799999999999983;-0.3502073812594677;-0.9366721892483976;1258.7660758041336;4161.210167947549;2.902444092143415
2026-08-09 13:37:48;839590307;29.29;1006.35;0.0;85.12;29.73;84.89625;84.62;84.7;84.79;0.5;-0.410718852613477;-0.9117620435770887;1230.0999984831956;4199.726864060074;2.9696268655768785
2026-08-09 13:52:48;839591207;29.59;1006.32;0.0;84.72;29.94;84.889375;85.12;84.62;84.7;-0.4000000000000057;-0.46947156278589086;-0.8829475928589269;1257.79735728126;4250.7514609032105;2.9929541036219507
2026-08-09 14:07:48;839592107;28.9;1006.19;0.0;84.41;30.25;84.86687500000001;84.72;85.12;84.62;-0.3100000000000023;-0.5262139236518696;-0.8503522249955628;1250.5197600786073;4327.057993351583;3.0765382332729754
2026-08-09 14:22:48;839593007;27.74;1006.09;0.0;84.39;30.33;84.84187499999999;84.41;84.72;85.12;-0.01999999999999602;-0.5807029557109398;-0.8141155183563192;1205.8415826889134;4346.941538172003;3.1410999554830896
2026-08-09 14:37:48;839593907;27.81;1006.08;0.0;84.45;30.55;84.82187499999999;84.39;84.41;84.72;0.060000000000002274;-0.6327053285625163;-0.7743926440821854;1224.205899080839;4402.0348762345875;3.1778289771537485
2026-08-09 14:52:48;839594807;25.46;1006.02;0.0;84.45;31.12;84.796875;84.45;84.39;84.41;0.0;-0.6819983600624984;-0.7313537016191706;1157.8215499801618;4547.610172742191;3.3897886227620293
2026-08-09 15:07:48;839595707;26.05;1006.03;0.0;84.18;30.92;84.748125;84.45;84.45;84.39;-0.269999999999996;-0.7283709698824001;-0.6851829903263593;1171.224010503543;4496.061460666192;3.324837450162649
2026-08-09 15:22:48;839596607;24.97;1006.17;0.0;84.08;30.95;84.6775;84.18;84.45;84.45;-0.10000000000000853;-0.77162458338772;-0.6360782202777638;1124.5896241781647;4503.763012327452;3.379173388149287
2026-08-09 15:37:48;839597507;24.48;1006.12;0.0;84.24;31.04;84.618125;84.08;84.18;84.45;0.1599999999999966;-0.8115739819650121;-0.5842496656374347;1108.1926056460252;4526.930578619384;3.4187379729733585
2026-08-09 15:52:48;839598407;25.01;1006.01;0.0;84.33;30.7;84.57312499999999;84.24;84.08;84.18;0.09000000000000341;-0.848048096156426;-0.529919264233205;1110.4302389075651;4439.944977639205;3.3295147387316395
2026-08-09 16:07:48;839599307;24.87;1005.92;0.0;84.08;30.78;84.51812500000001;84.33;84.24;84.08;-0.25;-0.8808907382053857;-0.47331966718484314;1109.2713573278802;4460.278879484842;3.3510075221569617
2026-08-09 16:22:48;839600207;24.52;1005.95;0.0;84.24;30.69;84.478125;84.08;84.33;84.24;0.1599999999999966;-0.9099612708765431;-0.41469324265623925;1088.052449145006;4437.408030770825;3.3493555816258187
2026-08-09 16:37:48;839601107;23.89;1006.06;0.0;84.72;30.81;84.47;84.24;84.08;84.33;0.480000000000004;-0.9351352096860117;-0.3542910379977157;1067.3877878426701;4467.927115289536;3.4005393274468663
2026-08-09 16:52:48;839602007;24.32;1006.06;0.0;85.03;30.61;84.485;84.72;84.24;84.08;0.3100000000000023;-0.9563047559630353;-0.2923717047227371;1074.2545522411397;4417.165099675739;3.3429105474345993
2026-08-09 17:07:48;839602907;23.64;1006.11;0.0;85.25;30.1;84.51937500000001;85.03;84.72;84.24;0.21999999999999886;-0.9733792584604485;-0.22920039092241415;1014.1527540257362;4289.9862691444;3.2758335151186633
2026-08-09 17:22:48;839603807;23.77;1006.07;0.0;85.58;29.79;84.579375;85.25;85.03;84.72;0.3299999999999983;-0.9862856015372314;-0.1650476058606773;1001.7266138656629;4214.24742896787;3.2125208151022075
2026-08-09 17:37:48;839604707;23.94;1006.14;0.0;85.77;29.84;84.62;85.58;85.25;85.03;0.18999999999999773;-0.9949685182509117;-0.10018806161207644;1011.7965343934729;4226.3848554447495;3.2145883210512767
2026-08-09 17:52:48;839605607;25.39;1006.14;0.0;85.85;29.38;84.690625;85.77;85.58;85.25;0.0799999999999983;-0.9993908270190958;-0.03489949670250076;1045.0185527567119;4115.866690652666;3.070848137895954
2026-08-09 18:07:48;839606507;24.16;1006.06;0.0;85.8;29.3;84.7775;85.85;85.77;85.58;-0.04999999999999716;-0.999533590836713;0.030538513209822354;989.812059197773;4096.9042185338285;3.107092159336055
2026-08-09 18:22:48;839607407;25.88;1006.12;0.0;85.85;29.09;84.86875;85.8;85.85;85.77;0.04999999999999716;-0.9953961983671789;0.09584575252022405;1047.4909690419859;4047.492152403346;3.0000011833613605
2026-08-09 18:37:48;839608307;26.54;1006.09;0.0;85.8;29.29;84.953125;85.85;85.8;85.85;-0.04999999999999716;-0.9869963665602318;0.16074256560382652;1086.6908434508184;4094.5397266421196;3.007848883191301
2026-08-09 18:52:48;839609207;25.03;1006.05;0.0;85.6;29.13;85.025;85.8;85.85;85.8;-0.20000000000000284;-0.9743700647852352;0.22495105434386492;1015.4328349127067;4056.863103926115;3.041430269013408
2026-08-09 19:07:48;839610107;22.9;1005.95;0.0;85.51;28.85;85.108125;85.6;85.8;85.85;-0.0899999999999892;-0.9575713608048146;0.2881962681340887;914.0888765782096;3991.654482874278;3.0775656062960683
2026-08-09 19:22:48;839611007;22.57;1006.03;0.0;85.68;28.41;85.208125;85.51;85.6;85.8;0.1700000000000017;-0.9366721892483977;0.3502073812594672;878.2054309156697;3891.029822399954;3.0128243914842843
2026-08-09 19:37:48;839611907;24.12;1006.04;0.0;85.6;28.17;85.293125;85.68;85.51;85.6;-0.0800000000000125;-0.9117620435770886;0.4107188526134774;925.5037140002098;3837.080074627735;2.911576360627525
2026-08-09 19:52:48;839612807;24.88;1005.91;0.0;85.49;27.99;85.36562500000001;85.6;85.68;85.51;-0.10999999999999943;-0.8829475928589268;0.4694715627858912;944.7047926302234;3797.0449864558823;2.852340193825659
2026-08-09 20:07:48;839613707;25.61;1005.84;0.0;85.53;27.86;85.45625;85.49;85.6;85.68;0.04000000000000625;-0.8503522249955628;0.5262139236518695;965.0764280285775;3768.3577822279485;2.803281354199371
2026-08-09 20:22:48;839614607;26.4;1005.93;0.0;85.46;27.74;85.5325;85.53;85.49;85.6;-0.07000000000000739;-0.8141155183563196;0.5807029557109393;987.9003320805483;3742.046712426319;2.754146380345771
2026-08-09 20:37:48;839615507;26.81;1005.96;0.0;85.37;27.53;85.573125;85.46;85.53;85.49;-0.0899999999999892;-0.7743926440821857;0.6327053285625159;991.0010836614164;3696.385989039226;2.7053849053778096
2026-08-09 20:52:48;839616407;28.58;1005.98;0.0;85.44;27.27;85.59875;85.37;85.46;85.53;0.06999999999999318;-0.7313537016191703;0.6819983600624986;1040.4625361128403;3640.5267183794267;2.6000641822665864
2026-08-09 21:07:48;839617307;29.15;1006.06;0.0;85.21;27.02;85.59625;85.44;85.37;85.46;-0.23000000000000398;-0.6851829903263593;0.7283709698824;1045.759675902185;3587.5117526661584;2.5417520767639736
2026-08-09 21:22:48;839618207;29.68;1006.18;0.0;85.28;26.88;85.5775;85.21;85.44;85.37;0.07000000000000739;-0.6360782202777646;0.7716245833877194;1056.0497493328419;3558.1191015257473;2.502069352192905
2026-08-09 21:37:48;839619107;30.75;1006.45;0.0;85.23;26.63;85.54375;85.28;85.21;85.44;-0.04999999999999716;-0.5842496656374341;0.8115739819650125;1078.1425593621095;3506.1546645922267;2.4280121052301173
2026-08-09 21:52:48;839620007;31.8;1006.52;0.0;85.1;26.44;85.496875;85.23;85.28;85.21;-0.13000000000000966;-0.529919264233205;0.8480480961564258;1102.5391048456897;3467.1041032883327;2.364564998442643
2026-08-09 22:07:48;839620907;34.34;1006.62;0.0;85.35;26.22;85.46874999999999;85.1;85.23;85.28;0.25;-0.4733196671848432;0.8808907382053857;1175.2391601991344;3422.3621438530413;2.247122983653907
2026-08-09 22:22:48;839621807;34.21;1006.6;0.0;85.28;25.74;85.433125;85.35;85.1;85.23;-0.06999999999999318;-0.4146932426562393;0.9099612708765431;1137.9906089323467;3326.485264344773;2.188494655412426
2026-08-09 22:37:48;839622707;38.16;1006.44;0.0;85.19;25.75;85.395;85.28;85.35;85.1;-0.09000000000000341;-0.3542910379977166;0.9351352096860114;1270.1391927555892;3328.457004076492;2.0583178113209026
2026-08-09 22:52:48;839623607;43.95;1006.43;0.0;85.82;25.35;85.40875;85.19;85.28;85.35;0.6299999999999955;-0.29237170472273627;0.9563047559630357;1428.5146433318914;3250.3177322682395;1.8218030889363481
2026-08-09 23:07:48;839624507;50.57;1006.48;0.0;85.44;24.83;85.40437499999999;85.82;85.19;85.28;-0.37999999999999545;-0.22920039092241423;0.9733792584604485;1593.528166615422;3151.1334123302786;1.5576052457148566
2026-08-09 23:22:48;839625407;46.95;1006.56;0.0;85.46;24.81;85.390625;85.44;85.82;85.19;0.01999999999999602;-0.16504760586067735;0.9862856015372314;1477.6914821082676;3147.37269884615;1.6696812167378823
2026-08-09 23:37:48;839626307;46.58;1006.56;0.0;85.37;24.67;85.37625;85.46;85.44;85.82;-0.0899999999999892;-0.1001880616120765;0.9949685182509117;1453.832675999839;3121.1521597248584;1.6673194837250194
2026-08-09 23:52:48;839627207;44.88;1006.61;0.0;85.37;24.64;85.36874999999999;85.37;85.46;85.44;0.0;-0.03489949670250171;0.9993908270190957;1398.262790316013;3115.5588019519005;1.7172960116358875
2026-08-10 00:07:48;839628107;45.52;1006.68;0.0;85.37;24.49;85.35875;85.37;85.37;85.46;0.0;0.03053851320982266;0.9995335908367129;1405.530810423246;3087.721464022948;1.682190653599702
2026-08-10 00:22:48;839629007;45.6;1006.8;0.0;85.32;24.41;85.35;85.37;85.37;85.37;-0.05000000000001137;0.09584575252022397;0.9953961983671789;1401.2718626505728;3072.964611075817;1.6716927484252444
2026-08-10 00:37:48;839629907;44.92;1006.67;0.0;85.14;24.45;85.335625;85.32;85.37;85.37;-0.1799999999999926;0.1607425656038261;0.9869963665602319;1383.686345136497;3080.3346953172236;1.6966483501807266
2026-08-10 00:52:48;839630807;44.93;1006.5;0.0;85.07;24.39;85.3125;85.14;85.32;85.37;-0.07000000000000739;0.224951054343865;0.9743700647852352;1379.0284432878627;3069.282090558341;1.6902536472704786
2026-08-10 01:07:48;839631707;44.4;1006.24;0.0;85.03;24.4;85.30125;85.07;85.14;85.32;-0.03999999999999204;0.28819626813408933;0.9575713608048144;1363.5769291082395;3071.1192097032417;1.7075422805950022
2026-08-10 01:22:48;839632607;43.72;1006.2;0.0;84.96;24.37;85.28125;85.03;85.07;85.14;-0.07000000000000739;0.35020738125946743;0.9366721892483976;1340.2818169859381;3065.6034240300505;1.7253216070441124
2026-08-10 01:37:48;839633507;43.07;1006.06;0.0;84.83;24.34;85.25625;84.96;85.03;85.07;-0.12999999999999545;0.4107188526134773;0.9117620435770886;1317.98308917135;3060.0954009086367;1.7421123117372868
2026-08-10 01:52:48;839634407;43.34;1006.01;0.0;84.75;24.27;85.234375;84.83;84.96;85.03;-0.0799999999999983;0.4694715627858908;0.882947592858927;1320.6908890649365;3047.279393320112;1.7265885042551754
2026-08-10 02:07:48;839635307;43.8;1005.93;0.0;84.72;24.1;85.19500000000001;84.75;84.83;84.96;-0.030000000000001137;0.5262139236518696;0.8503522249955628;1321.1613534085857;3016.3501219374107;1.695188768528825
2026-08-10 02:22:48;839636207;44.66;1005.76;0.0;84.72;23.77;85.16;84.72;84.75;84.83;0.0;0.5807029557109398;0.8141155183563192;1320.6375718655797;2957.092637406135;1.6364550655405554
2026-08-10 02:37:48;839637107;45.32;1005.62;0.0;84.83;23.63;85.1375;84.72;84.72;84.75;0.10999999999999943;0.632705328562516;0.7743926440821856;1328.9008516986576;2932.261367384505;1.6033605156858473
2026-08-10 02:52:48;839638007;46.75;1005.47;0.0;84.72;23.35;85.06875;84.83;84.72;84.72;-0.10999999999999943;0.6819983600624985;0.7313537016191706;1347.870685147252;2883.145850582357;1.5352751654351051
2026-08-10 03:07:48;839638907;47.64;1005.42;0.0;84.92;23.11;85.03625000000001;84.72;84.83;84.72;0.20000000000000284;0.7283709698824002;0.6851829903263592;1353.7483296344085;2841.621178913536;1.4878728492791273
2026-08-10 03:22:48;839639807;48.69;1005.29;0.0;84.83;22.83;84.996875;84.92;84.72;84.83;-0.09000000000000341;0.7716245833877199;0.6360782202777641;1360.3190007737571;2793.8365183276997;1.4335175175539425
2026-08-10 03:37:48;839640707;49.26;1005.2;0.0;84.85;22.69;84.96437499999999;84.83;84.92;84.72;0.01999999999999602;0.8115739819650123;0.5842496656374344;1364.604694480492;2770.2084743818355;1.4056037799013434
2026-08-10 03:52:48;839641607;49.49;1005.43;0.0;84.92;22.54;84.93625;84.85;84.83;84.92;0.07000000000000739;0.8480480961564258;0.5299192642332051;1358.5447268990592;2745.0893653244275;1.3865446384253683
2026-08-10 04:07:48;839642507;49.44;1005.48;0.0;84.77;22.42;84.89874999999999;84.92;84.85;84.83;-0.15000000000000568;0.8808907382053854;0.4733196671848436;1347.3075338978026;2725.1365976897305;1.377829063791928
2026-08-10 04:22:48;839643407;49.13;1005.57;0.0;84.75;22.4;84.863125;84.77;84.92;84.85;-0.01999999999999602;0.9099612708765432;0.41469324265623914;1337.2322040636686;2721.824148307894;1.3845919442442254
2026-08-10 04:37:48;839644307;49.13;1005.45;0.0;84.72;22.31;84.836875;84.75;84.77;84.92;-0.030000000000001137;0.9351352096860117;0.3542910379977158;1329.9282004933993;2706.957460804802;1.3770292603114025
2026-08-10 04:52:48;839645207;49.83;1005.48;0.0;84.72;22.06;84.815;84.72;84.75;84.77;0.0;0.9563047559630354;0.29237170472273677;1328.4856687850308;2666.035859492336;1.337550190707305
2026-08-10 05:07:48;839646107;50.14;1005.37;0.0;84.72;21.93;84.795625;84.72;84.72;84.75;0.0;0.9733792584604485;0.22920039092241426;1326.18807430935;2644.9702319691864;1.3187821576598364
2026-08-10 05:22:48;839647007;49.84;1005.06;0.0;84.77;21.81;84.78375;84.72;84.72;84.72;0.04999999999999716;0.9862856015372313;0.16504760586067782;1308.6253411784598;2625.6527712248394;1.3170274300463796
2026-08-10 05:37:48;839647907;50.15;1005.08;0.0;84.72;21.67;84.776875;84.77;84.72;84.72;-0.04999999999999716;0.9949685182509117;0.10018806161207632;1305.5422782990468;2603.2747324008915;1.2977324541018447
2026-08-10 05:52:48;839648807;49.88;1005.07;0.0;84.79;21.59;84.779375;84.72;84.77;84.72;0.07000000000000739;0.9993908270190958;0.03489949670250086;1292.172409340291;2590.5621678835023;1.2983897585432111
2026-08-10 06:07:48;839649707;49.08;1005.09;0.0;84.7;21.57;84.778125;84.79;84.72;84.77;-0.09000000000000341;0.999533590836713;-0.030538513209822475;1269.892335766113;2587.39269715997;1.3175003613938567
2026-08-10 06:22:48;839650607;48.43;1005.09;0.0;84.68;21.59;84.77562499999999;84.7;84.79;84.72;-0.01999999999999602;0.9953961983671789;-0.09584575252022395;1254.6093322436298;2590.5623213785457;1.335952989134916
2026-08-10 06:37:48;839651507;48.42;1005.15;0.0;84.72;21.53;84.76875;84.68;84.7;84.79;0.03999999999999204;0.9869963665602319;-0.160742565603826;1249.7512292678941;2581.064083576816;1.3313128543089217
2026-08-10 06:52:48;839652407;48.17;1005.13;0.0;84.7;21.48;84.7675;84.72;84.68;84.7;-0.01999999999999602;0.9743700647852352;-0.22495105434386503;1239.496777612819;2573.1716371451503;1.3336748595323313
2026-08-10 07:07:48;839653307;47.89;1005.16;0.0;84.66;21.41;84.75125;84.7;84.72;84.68;-0.04000000000000625;0.9575713608048145;-0.28819626813408905;1227.017526102902;2562.158125084364;1.3351405989814622
2026-08-10 07:22:48;839654207;48.09;1005.09;0.0;84.6;21.32;84.736875;84.66;84.7;84.72;-0.060000000000002274;0.9366721892483977;-0.3502073812594673;1225.3609412397752;2548.0576860881165;1.3226967448483413
2026-08-10 07:37:48;839655107;48.22;1005.21;0.0;84.56;21.36;84.71875;84.6;84.66;84.7;-0.03999999999999204;0.9117620435770886;-0.4107188526134773;1231.6915694251304;2554.316817555227;1.3226252481300964
2026-08-10 07:52:48;839656007;48.73;1005.38;0.0;84.53;21.24;84.694375;84.56;84.6;84.66;-0.030000000000001137;0.8829475928589269;-0.4694715627858909;1235.5899170903456;2535.5836591224006;1.299993742032055
2026-08-10 08:07:48;839656907;48.38;1005.38;0.0;84.41;21.36;84.671875;84.53;84.56;84.6;-0.12000000000000455;0.8503522249955628;-0.5262139236518696;1235.7790997367013;2554.3181061114124;1.318539006374711
2026-08-10 08:22:48;839657807;48.01;1005.57;0.0;84.37;21.6;84.648125;84.41;84.53;84.56;-0.03999999999999204;0.8141155183563192;-0.5807029557109398;1244.4922196915174;2592.1520926713547;1.3476598729798372
2026-08-10 08:37:48;839658707;48.1;1005.6;0.0;84.06;21.77;84.606875;84.37;84.41;84.53;-0.3100000000000023;0.7743926440821857;-0.632705328562516;1259.8573660139564;2619.246083189098;1.3593887171751418
2026-08-10 08:52:48;839659607;48.11;1005.51;0.0;83.86;22.13;84.553125;84.06;84.37;84.41;-0.20000000000000284;0.7313537016191706;-0.6819983600624984;1288.1160540952121;2677.4393142698236;1.3893232601746115
2026-08-10 09:07:48;839660507;47.04;1005.54;0.0;83.72;22.49;84.490625;83.86;84.06;84.37;-0.14000000000000057;0.685182990326359;-0.7283709698824004;1287.372357159959;2736.760963350253;1.449388606190294
2026-08-10 09:22:48;839661407;46.25;1005.74;0.0;83.78;22.94;84.42875;83.72;83.86;84.06;0.060000000000002274;0.6360782202777638;-0.77162458338772;1300.794166641331;2812.527927873148;1.5117337612318171
2026-08-10 09:37:48;839662307;46.48;1005.76;0.0;83.7;22.97;84.365;83.78;83.72;83.86;-0.0799999999999983;0.5842496656374344;-0.8115739819650123;1309.6407757304228;2817.643665512958;1.508002889782535
2026-08-10 09:52:48;839663207;45.86;1005.88;0.0;83.78;23.27;84.301875;83.7;83.78;83.72;0.0799999999999983;0.5299192642332049;-0.848048096156426;1315.8377537363604;2869.249353982469;1.5534116002461087
2026-08-10 10:07:48;839664107;46.04;1006.16;0.0;83.6;23.56;84.233125;83.78;83.7;83.78;-0.18000000000000682;0.4733196671848435;-0.8808907382053855;1344.3308873527847;2919.919390427421;1.5755885030746364
2026-08-10 10:22:48;839665007;45.12;1006.16;0.0;83.53;24.13;84.16125000000001;83.6;83.78;83.7;-0.06999999999999318;0.4146932426562392;-0.9099612708765431;1363.4317027635811;3021.7901213731857;1.6583584186096045
2026-08-10 10:37:48;839665907;45.02;1006.41;0.0;83.57;24.4;84.089375;83.53;83.6;83.78;0.03999999999999204;0.35429103799771566;-0.9351352096860118;1382.6185512583802;3071.12072691777;1.6885021756593896
2026-08-10 10:52:48;839666807;45.54;1006.51;0.0;83.55;24.61;84.0175;83.57;83.53;83.6;-0.01999999999999602;0.2923717047227366;-0.9563047559630355;1416.2816329047337;3109.972843444738;1.6936912105400042
2026-08-10 11:07:48;839667707;45.4;1006.58;0.0;83.55;25.3;83.94812499999999;83.55;83.57;83.53;0.0;0.22920039092241454;-0.9733792584604484;1471.2620036682972;3240.665206317836;1.7694032026495385
2026-08-10 11:22:48;839668607;44.71;1006.7;0.0;83.62;25.9;83.886875;83.55;83.55;83.57;0.07000000000000739;0.16504760586067765;-0.9862856015372314;1501.4429026385287;3358.1813970890826;1.8567384944505538
2026-08-10 11:37:48;839669507;43.83;1006.69;0.0;83.51;26.2;83.82125;83.62;83.55;83.55;-0.10999999999999943;0.10018806161207638;-0.9949685182509117;1498.249820086964;3418.3203743713534;1.9200705542843894
2026-08-10 11:52:48;839670407;41.72;1006.81;0.0;83.55;26.86;83.76;83.51;83.62;83.55;0.03999999999999204;0.0348994967025007;-0.9993908270190958;1482.7052567171115;3553.943568353575;2.0712383116364634
2026-08-10 12:07:48;839671307;35.1;1006.93;0.0;83.6;31.14;83.709375;83.55;83.51;83.62;0.04999999999999716;-0.030538513209822857;-0.9995335908367129;1598.0344792835137;4552.804784283515;2.9547703050000007
2026-08-10 12:22:48;839672207;38.87;1007.24;0.0;83.41;28.71;83.649375;83.6;83.55;83.51;-0.18999999999999773;-0.09584575252022366;-0.9953961983671789;1539.022195343453;3959.4087865795036;2.4203865912360505
2026-08-10 12:37:48;839673107;40.09;1007.24;0.0;83.43;28.08;83.61;83.41;83.6;83.55;0.020000000000010232;-0.16074256560382613;-0.9869963665602319;1530.2475379124703;3817.030526097456;2.2867829881849855
2026-08-10 12:52:48;839674007;39.44;1007.4;0.0;83.31;28.15;83.575625;83.43;83.41;83.6;-0.12000000000000455;-0.22495105434386498;-0.9743700647852352;1511.588723582049;3832.628609487954;2.321039885905905
2026-08-10 13:07:48;839674907;38.47;1007.35;0.0;83.11;28.31;83.5375;83.31;83.43;83.41;-0.20000000000000284;-0.2881962681340892;-0.9575713608048144;1488.2063533441917;3868.4854518954817;2.38027909855129
2026-08-10 13:22:48;839675807;38.2;1007.58;0.0;83.27;28.21;83.50562500000001;83.11;83.31;83.43;0.1599999999999966;-0.3502073812594677;-0.9366721892483976;1469.1884350194948;3846.043023611243;2.3768545885917485
2026-08-10 13:37:48;839676707;39.41;1007.94;0.0;83.49;27.78;83.49249999999999;83.27;83.11;83.31;0.21999999999999886;-0.410718852613477;-0.9117620435770887;1478.1985571946998;3750.821002777722;2.272622445583022
2026-08-10 13:52:48;839677607;41.56;1008.14;0.0;83.72;27.48;83.48875;83.49;83.27;83.11;0.23000000000000398;-0.46947156278589086;-0.8829475928589269;1531.7391221357282;3685.6090522996346;2.153869930163906
2026-08-10 14:07:48;839678507;42.56;1008.32;0.0;83.84;27.19;83.50375;83.72;83.49;83.27;0.12000000000000455;-0.5262139236518696;-0.8503522249955628;1542.1667408643928;3623.512079098667;2.081345338234274
2026-08-10 14:22:48;839679407;44.46;1008.49;0.0;84.06;26.62;83.536875;83.84;83.72;83.49;0.21999999999999886;-0.5807029557109398;-0.8141155183563192;1557.9274384326081;3504.110297869114;1.946182859436506
2026-08-10 14:37:48;839680307;40.71;1008.58;0.0;83.88;27.34;83.55624999999999;84.06;83.84;83.72;-0.18000000000000682;-0.6327053285625163;-0.7743926440821854;1488.1622200395095;3655.5200688762206;2.167357848836711
2026-08-10 14:52:48;839681207;40.05;1008.66;0.0;83.55;28.03;83.55625;83.88;84.06;83.84;-0.3299999999999983;-0.6819983600624984;-0.7313537016191706;1524.2787751767548;3805.9395135499494;2.281660738373194
2026-08-10 15:07:48;839682107;38.98;1008.91;0.0;83.33;27.89;83.5425;83.55;83.88;84.06;-0.21999999999999886;-0.7283709698824001;-0.6851829903263593;1471.492613299134;3774.993877114249;2.303501263815115
2026-08-10 15:22:48;839683007;38.29;1009.17;0.0;83.43;27.14;83.530625;83.33;83.55;83.88;0.10000000000000853;-0.77162458338772;-0.6360782202777638;1383.3820279541458;3612.906837174578;2.229524809220432
2026-08-10 15:37:48;839683907;38.48;1009.38;0.0;83.25;27.14;83.514375;83.43;83.33;83.55;-0.18000000000000682;-0.8115739819650121;-0.5842496656374347;1390.247384810223;3612.9090041845716;2.2226616193743483
2026-08-10 15:52:48;839684807;37.21;1009.36;0.0;82.82;27.49;83.46875;83.25;83.43;83.33;-0.4300000000000068;-0.848048096156426;-0.529919264233205;1372.2228092253224;3687.779653924543;2.3155568446992203
2026-08-10 16:07:48;839685707;36.28;1009.4;0.0;82.66;27.34;83.41000000000001;82.82;83.25;83.43;-0.1599999999999966;-0.8808907382053857;-0.47331966718484314;1326.2257834372474;3655.5286202790726;2.3293028368418254
2026-08-10 16:22:48;839686607;36.52;1009.52;0.0;82.74;27.46;83.36812499999999;82.66;82.82;83.25;0.0799999999999983;-0.9099612708765431;-0.41469324265623925;1344.4148794078708;3681.3112798682114;2.3368964004603403
2026-08-10 16:37:48;839687507;37.1;1009.67;0.0;83.29;27.0;83.359375;82.74;82.66;82.82;0.5500000000000114;-0.9351352096860117;-0.3542910379977157;1329.4179127686084;3583.336692098675;2.253918779330067
2026-08-10 16:52:48;839688407;38.37;1009.72;0.0;83.43;26.81;83.366875;83.29;82.74;82.66;0.14000000000000057;-0.9563047559630353;-0.2923717047227371;1359.6551296861612;3543.536955137246;2.183881825451085
2026-08-10 17:07:48;839689307;38.92;1009.9;0.0;83.53;26.68;83.39312500000001;83.43;83.29;82.74;0.09999999999999432;-0.9733792584604485;-0.22920039092241415;1368.6333126901056;3516.529580395955;2.147896267705849
2026-08-10 17:22:48;839690207;39.74;1010.05;0.0;83.76;26.63;83.42375;83.53;83.43;83.29;0.23000000000000398;-0.9862856015372314;-0.1650476058606773;1393.3602351433026;3506.1908282418285;2.112830593098526
2026-08-10 17:37:48;839691107;41.03;1010.19;0.0;83.82;26.28;83.44437500000001;83.76;83.53;83.43;0.05999999999998806;-0.9949685182509117;-0.10018806161207644;1409.1957606729281;3434.549745729779;2.0253539850568507
2026-08-10 17:52:48;839692007;44.61;1010.38;0.0;83.88;25.7;83.454375;83.82;83.76;83.53;0.060000000000002274;-0.9993908270190958;-0.03489949670250076;1480.4446432143127;3318.63851874986;1.8381938755355471
2026-08-10 18:07:48;839692907;44.05;1010.57;0.0;84.0;25.51;83.46437499999999;83.88;83.82;83.76;0.12000000000000455;-0.999533590836713;0.030538513209822354;1445.4647853457893;3281.418354928013;1.8359535695822236
2026-08-10 18:22:48;839693807;45.39;1010.57;0.0;84.06;25.19;83.464375;84.0;83.88;83.82;0.060000000000002274;-0.9953961983671789;0.09584575252022405;1461.3545272760825;3219.551723454687;1.7581971961786045
2026-08-10 18:37:48;839694707;45.37;1010.61;0.0;84.0;25.23;83.47187500000001;84.06;84.0;83.88;-0.060000000000002274;-0.9869963665602318;0.16074256560382652;1464.1939465544094;3227.2293289715876;1.7630353824171783
2026-08-10 18:52:48;839695607;46.02;1010.78;0.0;84.0;24.78;83.5;84.0;84.06;84.0;0.0;-0.9743700647852352;0.22495105434386492;1445.845458953404;3141.776312371586;1.6959308534181818
2026-08-10 19:07:48;839696507;43.45;1011.03;0.0;84.06;24.69;83.545625;84.0;84.0;84.06;0.060000000000002274;-0.9575713608048146;0.2881962681340887;1357.780672008269;3124.9267480052217;1.7671460759969528
2026-08-10 19:22:48;839697407;43.38;1011.17;0.0;84.06;24.62;83.585;84.06;84.0;84.0;0.0;-0.9366721892483977;0.3502073812594672;1349.9316498251337;3111.8756335295843;1.7619439837044506
2026-08-10 19:37:48;839698307;42.63;1011.35;0.0;83.94;24.58;83.628125;84.06;84.06;84.0;-0.12000000000000455;-0.9117620435770886;0.4107188526134774;1323.4228322173262;3104.44014125575;1.7810173090384238
2026-08-10 19:52:48;839699207;43.6;1011.51;0.0;83.96;24.05;83.699375;83.94;84.06;84.06;0.01999999999999602;-0.8829475928589268;0.4694715627858912;1311.2066471371543;3007.3546952687025;1.6961480481315483
2026-08-10 20:07:48;839700107;44.64;1011.76;0.0;84.0;23.9;83.783125;83.96;83.94;84.06;0.04000000000000625;-0.8503522249955628;0.5262139236518695;1330.4351694017548;2980.365522853393;1.6499303534516383
2026-08-10 20:22:48;839701007;45.79;1011.99;0.0;84.06;23.48;83.865625;84.0;83.96;83.94;0.060000000000002274;-0.8141155183563196;0.5807029557109393;1330.6180914107472;2905.9141546423834;1.5752960632316362
2026-08-10 20:37:48;839701907;46.74;1012.12;0.0;83.94;22.93;83.90625;84.06;84.0;83.96;-0.12000000000000455;-0.7743926440821857;0.6327053285625159;1313.803989567671;2810.877170662539;1.497073181094868
2026-08-10 20:52:48;839702807;46.73;1012.39;0.0;84.06;22.42;83.945625;83.94;84.06;84.0;0.12000000000000455;-0.7313537016191703;0.6819983600624986;1273.4822478370093;2725.192056145964;1.451709808308955
2026-08-10 21:07:48;839703707;46.03;1012.72;0.0;84.02;22.0;83.97625;84.06;83.94;84.06;-0.04000000000000625;-0.6851829903263593;0.7283709698824;1222.7189660541692;2656.3523051361485;1.4336333390819793
2026-08-10 21:22:48;839704607;45.44;1012.94;0.0;84.06;21.78;83.99499999999999;84.02;84.06;83.94;0.04000000000000625;-0.6360782202777646;0.7716245833877194;1190.9389724140656;2620.904428728137;1.4299654563140716
2026-08-10 21:37:48;839705507;46.26;1013.35;0.0;83.94;21.43;84.0025;84.06;84.02;84.06;-0.12000000000000455;-0.5842496656374341;0.8115739819650125;1186.7369243944897;2565.3630012851054;1.3786260768906156
2026-08-10 21:52:48;839706407;46.86;1013.54;0.0;84.08;21.01;84.015;83.94;84.06;84.02;0.14000000000000057;-0.529919264233205;0.8480480961564258;1171.5339481314843;2500.0724458631757;1.3285384977316914
2026-08-10 22:07:48;839707307;47.16;1013.65;0.0;84.08;20.83;84.02000000000001;84.08;83.94;84.06;0.0;-0.4733196671848432;0.8808907382053857;1166.0494747267287;2472.539174568976;1.306489699842247
2026-08-10 22:22:48;839708207;47.07;1013.99;0.0;83.94;20.78;84.01249999999999;84.08;84.08;83.94;-0.14000000000000057;-0.4146932426562393;0.9099612708765431;1160.247526414291;2464.940570244935;1.3046930438306439
2026-08-10 22:37:48;839709107;46.92;1014.2;0.0;84.02;20.69;84.01374999999999;83.94;84.08;84.08;0.0799999999999983;-0.3542910379977166;0.9351352096860114;1150.1554198707397;2451.3116365531537;1.301156216682414
2026-08-10 22:52:48;839710007;46.54;1014.31;0.0;83.8;20.6;84.00125;84.02;83.94;84.08;-0.21999999999999886;-0.29237170472273627;0.9563047559630357;1134.5279086293835;2437.7479772870292;1.3032200686576456
2026-08-10 23:07:48;839710907;47.57;1014.43;0.0;83.74;20.11;83.98125;83.8;84.02;83.94;-0.060000000000002274;-0.22920039092241423;0.9733792584604485;1125.0515586326505;2365.044268725353;1.2399927100927024
2026-08-10 23:22:48;839711807;47.08;1014.8;0.0;83.84;20.3;83.9675;83.74;83.8;84.02;0.10000000000000853;-0.16504760586067735;0.9862856015372314;1126.629072895346;2393.009925436164;1.2663808525408178
2026-08-10 23:37:48;839712707;48.22;1014.84;0.0;83.8;19.91;83.95875;83.84;83.74;83.8;-0.04000000000000625;-0.1001880616120765;0.9949685182509117;1126.38153239521;2335.9218838556826;1.2095403514604728
2026-08-10 23:52:48;839713607;50.24;1014.93;0.0;83.88;19.3;83.95375;83.8;83.84;83.74;0.0799999999999983;-0.03489949670250171;0.9993908270190957;1129.9082088419707;2249.021116325578;1.1191129074836075
2026-08-11 00:07:48;839714507;50.22;1015.15;0.0;83.86;19.48;83.945;83.88;83.8;83.84;-0.01999999999999602;0.03053851320982266;0.9995335908367129;1142.186666441586;2274.3661219466076;1.1321794555050215
2026-08-11 00:22:48;839715407;50.34;1015.34;0.0;83.94;19.49;83.9375;83.86;83.88;83.8;0.0799999999999983;0.09584575252022397;0.9953961983671789;1145.6290116991452;2275.782701031277;1.130153689332132
2026-08-11 00:37:48;839716307;51.26;1015.62;0.0;83.72;19.26;83.92375;83.94;83.86;83.88;-0.21999999999999886;0.1607425656038261;0.9869963665602319;1149.9809915956855;2243.427607482805;1.0934466158871194
2026-08-11 00:52:48;839717207;54.57;1015.8;0.0;83.84;18.44;83.91;83.72;83.94;83.86;0.12000000000000455;0.224951054343865;0.9743700647852352;1163.0640688444919;2131.325029951424;0.9682609611069319
2026-08-11 01:07:48;839718107;54.61;1016.03;0.0;83.8;18.65;83.89625;83.84;83.72;83.94;-0.04000000000000625;0.28819626813408933;0.9575713608048144;1179.3345502722855;2159.5578653585158;0.9802233150862303
2026-08-11 01:22:48;839719007;54.16;1016.25;0.0;83.76;18.85;83.8775;83.8;83.84;83.72;-0.03999999999999204;0.35020738125946743;0.9366721892483976;1184.3440531698386;2186.7504674480033;1.0024064142781646
2026-08-11 01:37:48;839719907;54.26;1016.38;0.0;83.68;18.8;83.86125;83.76;83.8;83.84;-0.0799999999999983;0.4107188526134773;0.9117620435770886;1182.827608435346;2179.925559224744;0.997097950789398
2026-08-11 01:52:48;839720807;54.74;1016.31;0.0;83.59;18.6;83.830625;83.68;83.76;83.8;-0.09000000000000341;0.4694715627858908;0.882947592858927;1178.4473085854875;2152.808382509111;0.9743610739236237
2026-08-11 02:07:48;839721707;55.12;1016.22;0.0;83.64;18.43;83.803125;83.59;83.68;83.76;0.04999999999999716;0.5262139236518696;0.8503522249955628;1174.0513148285777;2129.9915000518463;0.9559401852232686
2026-08-11 02:22:48;839722607;55.54;1016.3;0.0;83.68;18.28;83.78687500000001;83.64;83.59;83.68;0.04000000000000625;0.5807029557109398;0.8141155183563192;1171.9141571104074;2110.0362929607622;0.9381221358503549
2026-08-11 02:37:48;839723507;55.95;1016.53;0.0;83.57;18.14;83.75875;83.68;83.64;83.59;-0.11000000000001364;0.632705328562516;0.7743926440821856;1170.2280862476812;2091.560475867169;0.9213323896194877
2026-08-11 02:52:48;839724407;56.17;1016.67;0.0;83.6;18.0;83.74624999999999;83.57;83.68;83.64;0.030000000000001137;0.6819983600624985;0.7313537016191706;1164.5310851546883;2073.226072912032;0.9086949877573438
2026-08-11 03:07:48;839725307;56.46;1016.86;0.0;83.43;17.74;83.72687499999999;83.6;83.57;83.68;-0.1699999999999875;0.7283709698824002;0.6851829903263592;1151.5296961694335;2039.549585847385;0.8880198896779516
2026-08-11 03:22:48;839726207;57.17;1016.85;0.0;83.53;17.5;83.7075;83.43;83.6;83.57;0.09999999999999432;0.7716245833877199;0.6360782202777641;1148.481961615929;2008.8892104529107;0.8604072488369816
2026-08-11 03:37:48;839727107;58.07;1016.96;0.0;83.6;17.05;83.69500000000001;83.53;83.43;83.6;0.06999999999999318;0.8115739819650123;0.5842496656374344;1133.810816939591;1952.4897829164645;0.8186789659768735
2026-08-11 03:52:48;839728007;57.91;1017.08;0.0;83.62;17.09;83.67875;83.6;83.53;83.43;0.020000000000010232;0.8480480961564258;0.5299192642332051;1133.5575359582558;1957.4469624559763;0.8238894264977205
2026-08-11 04:07:48;839728907;58.29;1017.21;0.0;83.55;16.84;83.659375;83.62;83.6;83.53;-0.07000000000000739;0.8808907382053854;0.4733196671848436;1123.0443186119028;1926.6500576632404;0.8036057390513377
2026-08-11 04:22:48;839729807;58.98;1017.27;0.0;83.49;16.58;83.63125;83.55;83.62;83.6;-0.060000000000002274;0.9099612708765432;0.41469324265623914;1117.7138339532396;1895.072624539233;0.7773587905859933
2026-08-11 04:37:48;839730707;60.39;1017.37;0.0;83.53;16.07;83.61937499999999;83.49;83.55;83.62;0.04000000000000625;0.9351352096860117;0.3542910379977158;1107.8236505705806;1834.448833533003;0.7266251829624223
2026-08-11 04:52:48;839731607;59.91;1017.51;0.0;83.53;16.16;83.6;83.53;83.49;83.55;0.0;0.9563047559630354;0.29237170472273677;1105.3530804565548;1845.0226680964026;0.7396695876398478
2026-08-11 05:07:48;839732507;60.66;1017.58;0.0;83.6;15.99;83.5875;83.53;83.53;83.49;0.06999999999999318;0.9733792584604485;0.22920039092241426;1107.1035078597452;1825.0964521261874;0.7179929442664422
2026-08-11 05:22:48;839733407;60.64;1017.53;0.0;83.45;15.89;83.56812500000001;83.6;83.53;83.53;-0.14999999999999147;0.9862856015372313;0.16504760586067782;1099.6840259986316;1813.4631035597483;0.7137790775611168
2026-08-11 05:37:48;839734307;60.87;1017.73;0.0;83.49;15.66;83.55625;83.45;83.6;83.53;0.03999999999999204;0.9949685182509117;0.10018806161207632;1087.7194394849737;1786.954886618981;0.6992354471340072
2026-08-11 05:52:48;839735207;60.51;1017.68;0.0;83.57;15.6;83.555;83.49;83.45;83.6;0.0799999999999983;0.9993908270190958;0.03489949670250086;1077.1356922992527;1780.095343413077;0.7029596511138243
2026-08-11 06:07:48;839736107;60.73;1017.84;0.0;83.47;15.42;83.544375;83.57;83.49;83.45;-0.09999999999999432;0.999533590836713;-0.030538513209822475;1068.6396579756465;1759.6569372231954;0.691017279247549
2026-08-11 06:22:48;839737007;61.76;1018.02;0.0;83.6;15.28;83.53937499999999;83.47;83.57;83.49;0.12999999999999545;0.9953961983671789;-0.09584575252022395;1077.034782360403;1743.9034688478027;0.6668686864873998
2026-08-11 06:37:48;839737907;62.41;1018.21;0.0;83.6;14.9;83.54124999999999;83.6;83.47;83.57;0.0;0.9869963665602319;-0.160742565603826;1062.0716325360836;1701.76515387932;0.6396935213432364
2026-08-11 06:52:48;839738807;62.93;1018.23;0.0;83.53;14.79;83.53687500000001;83.6;83.6;83.47;-0.06999999999999318;0.9743700647852352;-0.22495105434386503;1063.350357329276;1689.7351935949084;0.6263848362656325
2026-08-11 07:07:48;839739707;63.09;1018.44;0.0;83.53;14.97;83.543125;83.53;83.6;83.6;0.0;0.9575713608048145;-0.28819626813408905;1078.49893916637;1709.4609909119827;0.6309620517456126
2026-08-11 07:22:48;839740607;63.23;1018.48;0.0;83.6;15.08;83.5475;83.53;83.53;83.6;0.06999999999999318;0.9366721892483977;-0.3502073812594673;1088.5768491425429;1721.6145012534287;0.6330376521108858
2026-08-11 07:37:48;839741507;63.6;1018.54;0.0;83.45;15.33;83.538125;83.6;83.53;83.53;-0.14999999999999147;0.9117620435770886;-0.4107188526134773;1112.6938322785384;1749.518604211538;0.6368247719329997
2026-08-11 07:52:48;839742407;63.7;1018.79;0.0;83.41;15.6;83.525;83.45;83.6;83.53;-0.04000000000000625;0.8829475928589269;-0.4694715627858909;1133.9246346237337;1780.1014672272113;0.6461768326034776
2026-08-11 08:07:48;839743307;63.28;1018.82;0.0;83.43;15.95;83.5175;83.41;83.45;83.6;0.020000000000010232;0.8503522249955628;-0.5262139236518696;1151.9759277614792;1820.442363719152;0.6684664359576727
2026-08-11 08:22:48;839744207;61.97;1018.92;0.0;83.13;16.58;83.495;83.43;83.41;83.45;-0.30000000000001137;0.8141155183563192;-0.5807029557109398;1174.3824645513073;1895.0822406830844;0.720699776131777
2026-08-11 08:37:48;839745107;59.58;1019.03;0.0;82.8;17.21;83.449375;83.13;83.43;83.41;-0.3299999999999983;0.7743926440821857;-0.632705328562516;1175.152588352713;1972.3944081113011;0.797241819758588
2026-08-11 08:52:48;839746007;57.49;1019.22;0.0;82.58;17.69;83.38999999999999;82.8;83.13;83.43;-0.21999999999999886;0.7313537016191706;-0.6819983600624984;1168.853925888522;2033.1430264194157;0.8642891005308936
2026-08-11 09:07:48;839746907;56.25;1019.33;0.0;82.44;18.15;83.3175;82.58;82.8;83.13;-0.14000000000000057;0.685182990326359;-0.7283709698824004;1177.252518177119;2092.8933656482113;0.9156408474710922
2026-08-11 09:22:48;839747807;54.7;1019.46;0.0;82.15;18.46;83.23625;82.44;82.58;82.8;-0.28999999999999204;0.6360782202777638;-0.77162458338772;1167.3107953811216;2134.0233919216116;0.96671259654049
2026-08-11 09:37:48;839748707;52.96;1019.48;0.0;82.35;18.48;83.16499999999999;82.15;82.44;82.58;0.19999999999998863;0.5842496656374344;-0.8115739819650123;1131.596943759088;2136.7011777928396;1.0051042340337517
2026-08-11 09:52:48;839749607;52.87;1019.6;0.0;82.25;18.6;83.0825;82.35;82.15;82.44;-0.09999999999999432;0.5299192642332049;-0.848048096156426;1138.2011296672824;2152.8298272503926;1.01462869758311
2026-08-11 10:07:48;839750507;52.69;1019.52;0.0;82.25;19.03;83.00625;82.25;82.35;82.15;0.0;0.4733196671848435;-0.8808907382053855;1165.2395462536663;2211.500372468526;1.0462608262148598
2026-08-11 10:22:48;839751407;50.34;1019.59;0.0;82.15;19.41;82.915625;82.25;82.25;82.35;-0.09999999999999432;0.4146932426562392;-0.9099612708765431;1139.954836102796;2264.5109974231145;1.1245561613203185
2026-08-11 10:37:48;839752307;48.87;1019.61;0.0;82.25;19.79;82.83125000000001;82.15;82.25;82.25;0.09999999999999432;0.35429103799771566;-0.9351352096860118;1133.1150087958513;2318.631079999696;1.1855160712038446
2026-08-11 10:52:48;839753207;46.35;1019.7;0.0;82.15;19.99;82.74499999999999;82.25;82.15;82.25;-0.09999999999999432;0.2923717047227366;-0.9563047559630355;1088.0978952802536;2347.5682746068037;1.25947037932655
2026-08-11 11:07:48;839754107;46.7;1019.7;0.0;82.33;20.48;82.67;82.15;82.25;82.15;0.1799999999999926;0.22920039092241454;-0.9733792584604484;1130.0480908441696;2419.8031923858016;1.289755101541632
2026-08-11 11:22:48;839755007;44.16;1019.78;0.0;82.46;20.87;82.59875;82.33;82.15;82.25;0.12999999999999545;0.16504760586067765;-0.9862856015372314;1094.5851117912973;2478.6800538752204;1.384094942083923
2026-08-11 11:37:48;839755907;43.53;1019.71;0.0;82.62;20.94;82.546875;82.46;82.33;82.15;0.1600000000000108;0.10018806161207638;-0.9949685182509117;1083.626562916244;2489.3787340138842;1.4057521710976402
2026-08-11 11:52:48;839756807;42.22;1019.76;0.0;82.74;21.39;82.505;82.62;82.46;82.33;0.11999999999999034;0.0348994967025007;-0.9993908270190958;1080.46458328349;2559.1297567112506;1.4786651734277607
2026-08-11 12:07:48;839757707;32.38;1019.52;0.0;82.56;27.45;82.450625;82.74;82.62;82.46;-0.1799999999999926;-0.030538513209822857;-0.9995335908367129;1191.344926622883;3679.261663443121;2.487916736820238
2026-08-11 12:22:48;839758607;36.77;1019.5;0.0;82.5;23.81;82.41125;82.56;82.74;82.62;-0.060000000000002274;-0.09584575252022366;-0.9953961983671789;1089.9875960849004;2964.339396477836;1.8743518003929358
2026-08-11 12:37:48;839759507;37.56;1019.38;0.0;82.58;23.01;82.3975;82.5;82.56;82.74;0.0799999999999983;-0.16074256560382613;-0.9869963665602319;1060.9159678950086;2824.589903873825;1.7636739359788163
2026-08-11 12:52:48;839760407;37.45;1019.35;0.0;82.46;22.75;82.39;82.58;82.5;82.56;-0.12000000000000455;-0.22495105434386498;-0.9743700647852352;1041.2705031596133;2780.428579865456;1.7391580767058425
2026-08-11 13:07:48;839761307;36.48;1019.31;0.0;82.15;23.54;82.371875;82.46;82.58;82.5;-0.30999999999998806;-0.2881962681340892;-0.9575713608048144;1063.9436558111652;2916.5122143946414;1.8525685585834764
2026-08-11 13:22:48;839762207;35.26;1019.38;0.0;82.15;23.65;82.37187499999999;82.15;82.46;82.58;0.0;-0.3502073812594677;-0.9366721892483976;1035.2037323547481;2935.9152931218046;1.9007115607670564
2026-08-11 13:37:48;839763107;35.53;1019.26;0.0;82.21;23.22;82.363125;82.15;82.15;82.46;0.05999999999998806;-0.410718852613477;-0.9117620435770887;1016.4080397781377;2860.7037426910715;1.8442957029129339
2026-08-11 13:52:48;839764007;35.17;1019.18;0.0;81.85;23.97;82.338125;82.21;82.15;82.15;-0.35999999999999943;-0.46947156278589086;-0.8829475928589269;1052.6380115778431;2992.9997485864174;1.9403617370085742
2026-08-11 14:07:48;839764907;35.05;1019.02;0.0;81.7;23.82;82.30375000000001;81.85;82.21;82.15;-0.14999999999999147;-0.5262139236518696;-0.8503522249955628;1039.6249338419439;2966.1196400626072;1.9264947062206634
2026-08-11 14:22:48;839765807;32.93;1019.02;0.0;81.45;24.31;82.25999999999999;81.7;81.85;82.21;-0.25;-0.5807029557109398;-0.8141155183563192;1005.9167793125155;3054.712357462847;2.0487955781503313
2026-08-11 14:37:48;839766707;33.64;1018.97;0.0;81.52;24.04;82.21437499999999;81.45;81.7;81.85;0.06999999999999318;-0.6327053285625163;-0.7743926440821854;1011.0885329969198;3005.6139506448267;1.994525417647907
2026-08-11 14:52:48;839767607;32.88;1018.81;0.0;81.22;24.23;82.15625;81.52;81.45;81.7;-0.29999999999999716;-0.6819983600624984;-0.7313537016191706;999.5817451567704;3040.0904658052623;2.040508720648492
2026-08-11 15:07:48;839768507;32.82;1018.78;0.0;80.94;24.63;82.069375;81.22;81.52;81.45;-0.28000000000000114;-0.7283709698824001;-0.6851829903263593;1021.9511554517192;3113.806079986957;2.091854924535238
2026-08-11 15:22:48;839769407;32.18;1018.71;0.0;80.87;24.61;81.97;80.94;81.22;81.52;-0.06999999999999318;-0.77162458338772;-0.6360782202777638;1000.8246878019615;3110.082932883659;2.1092582450816972
2026-08-11 15:37:48;839770307;33.3;1018.59;0.0;80.56;24.46;81.84125;80.87;80.94;81.22;-0.3100000000000023;-0.8115739819650121;-0.5842496656374347;1026.4014456549373;3082.2866235884007;2.0558851779334635
2026-08-11 15:52:48;839771207;32.72;1018.53;0.0;80.72;24.26;81.715;80.56;80.87;80.94;0.1599999999999966;-0.848048096156426;-0.529919264233205;996.5083182204785;3045.563319744739;2.049055001524261
2026-08-11 16:07:48;839772107;32.23;1018.42;0.0;80.69;24.26;81.598125;80.72;80.56;80.87;-0.030000000000001137;-0.8808907382053857;-0.47331966718484314;981.584743996245;3045.5623456290573;2.0639776016328124
2026-08-11 16:22:48;839773007;33.05;1018.52;0.0;80.79;24.02;81.49125000000001;80.69;80.72;80.56;0.10000000000000853;-0.9099612708765431;-0.41469324265623925;992.1612329922999;3002.000704969138;2.009839471976838
2026-08-11 16:37:48;839773907;33.34;1018.32;0.0;81.59;24.16;81.42937500000001;80.79;80.69;80.72;0.7999999999999972;-0.9351352096860117;-0.3542910379977157;1009.3164191531406;3027.343788701681;2.0180273695485407
2026-08-11 16:52:48;839774807;33.41;1018.34;0.0;81.96;23.9;81.39812500000001;81.59;80.79;80.69;0.36999999999999034;-0.9563047559630353;-0.2923717047227371;995.7592202087992;2980.422688442979;1.98466346823418
2026-08-11 17:07:48;839775707;33.69;1018.29;0.0;82.17;24.08;81.39937499999999;81.96;81.59;80.79;0.21000000000000796;-0.9733792584604485;-0.22920039092241415;1015.0251157349645;3012.8379808102245;1.99781286507526
2026-08-11 17:22:48;839776607;32.51;1018.16;0.0;82.37;23.88;81.413125;82.17;81.96;81.59;0.20000000000000284;-0.9862856015372314;-0.1650476058606773;967.7701161010405;2976.8382531560765;2.009068137055036
2026-08-11 17:37:48;839777507;33.18;1018.14;0.0;82.33;23.85;81.420625;82.37;82.17;81.96;-0.04000000000000625;-0.9949685182509117;-0.10018806161207644;985.9340202151055;2971.4708264469728;1.985536806231867
2026-08-11 17:52:48;839778407;33.74;1018.11;0.0;82.46;24.02;81.45875;82.33;82.37;82.17;0.12999999999999545;-0.9993908270190958;-0.03489949670250076;1012.8738284103923;3001.997120362751;1.9891232919523587
2026-08-11 18:07:48;839779307;33.46;1018.06;0.0;82.37;23.87;81.500625;82.46;82.33;82.37;-0.0899999999999892;-0.999533590836713;0.030538513209822354;995.450847071903;2975.0473612429855;1.9795965141710825
2026-08-11 18:22:48;839780207;33.21;1018.01;0.0;82.44;23.75;81.5625;82.37;82.46;82.33;0.06999999999999318;-0.9953961983671789;0.09584575252022405;980.9037980402403;2953.6398616086726;1.9727360635684321
2026-08-11 18:37:48;839781107;33.91;1017.99;0.0;82.54;23.67;81.62625;82.44;82.37;82.46;0.10000000000000853;-0.9869963665602318;0.16074256560382652;996.765181786314;2939.443178373088;1.942677996586774
2026-08-11 18:52:48;839782007;34.56;1017.98;0.0;82.33;23.55;81.695625;82.54;82.44;82.37;-0.21000000000000796;-0.9743700647852352;0.22495105434386492;1008.550688956098;2918.2600953590795;1.9097094064029816
2026-08-11 19:07:48;839782907;34.43;1017.97;0.0;82.21;23.22;81.775;82.33;82.54;82.44;-0.12000000000000455;-0.9575713608048146;0.2881962681340887;984.9365781710621;2860.692936889521;1.8757563587184591
2026-08-11 19:22:48;839783807;33.71;1018.05;0.0;82.46;23.0;81.874375;82.21;82.33;82.54;0.25;-0.9366721892483977;0.3502073812594672;951.5891816123124;2822.8691237386897;1.8712799421263773
2026-08-11 19:37:48;839784707;34.29;1017.95;0.0;82.5;22.88;81.99562499999999;82.46;82.21;82.33;0.04000000000000625;-0.9117620435770886;0.4107188526134774;960.9503576965773;2802.4215739182773;1.8414712162217002
2026-08-11 19:52:48;839785607;34.07;1017.99;0.0;82.5;22.7;82.10687499999999;82.5;82.46;82.21;0.0;-0.8829475928589268;0.4694715627858912;944.4185364905039;2771.99453035076;1.8275759938602565
2026-08-11 20:07:48;839786507;34.99;1017.96;0.0;82.5;22.47;82.22;82.5;82.5;82.46;0.0;-0.8503522249955628;0.5262139236518695;956.4640303572406;2733.5353825585607;1.7770713522013202
2026-08-11 20:22:48;839787407;35.56;1017.92;0.0;82.35;22.24;82.3175;82.5;82.5;82.5;-0.15000000000000568;-0.8141155183563196;0.5807029557109393;958.535257445243;2695.543468631167;1.7370082111859237
2026-08-11 20:37:48;839788307;36.33;1017.94;79.0;180.39;22.52;88.49249999999999;82.35;82.5;82.5;98.03999999999999;-0.7743926440821857;0.6327053285625159;996.1162607529837;2741.8559338094797;1.745739673056496
2026-08-11 20:52:48;839789207;35.55;1018.05;0.0;173.76;22.44;94.22999999999999;180.39;82.35;82.5;-6.6299999999999955;-0.7313537016191703;0.6819983600624986;970.0010471117957;2728.554281608427;1.7585532344966315
2026-08-11 21:07:48;839790107;35.93;1018.14;0.0;170.7;22.16;99.763125;173.76;180.39;82.35;-3.0600000000000023;-0.6851829903263593;0.7283709698824;963.8004762118048;2682.439399420553;1.718638923208748
2026-08-11 21:22:48;839791007;36.34;1018.39;0.0;168.79;21.5;105.16437499999999;170.7;173.76;180.39;-1.9099999999999966;-0.6360782202777646;0.7716245833877194;936.2736727429814;2576.427277773751;1.6401536050307695
2026-08-11 21:37:48;839791907;37.0;1018.59;0.0;167.45;20.89;110.484375;168.79;170.7;173.76;-1.3400000000000034;-0.5842496656374341;0.8115739819650125;918.2379031808011;2481.724062650814;1.5634861594700131
2026-08-11 21:52:48;839792807;37.23;1018.79;0.0;164.03;20.49;115.5825;167.45;168.79;170.7;-3.4199999999999875;-0.529919264233205;0.8480480961564258;901.4465763733577;2421.290830978667;1.5198442546053093
2026-08-11 22:07:48;839793707;37.71;1018.97;0.0;162.74;20.12;120.60562499999999;164.03;167.45;168.79;-1.289999999999992;-0.4733196671848432;0.8808907382053857;892.4226126364498;2366.5410040743827;1.474118391437933
2026-08-11 22:22:48;839794607;38.42;1019.05;0.0;161.97;19.78;125.57625;162.74;164.03;167.45;-0.7700000000000102;-0.4146932426562393;0.9099612708765431;890.263857783915;2317.188593919612;1.4269247361356967
2026-08-11 22:37:48;839795507;39.24;1019.26;0.0;161.21;19.42;130.493125;161.97;162.74;164.03;-0.7599999999999909;-0.3542910379977166;0.9351352096860114;889.1464794159107;2265.9186529457456;1.376772173529835
2026-08-11 22:52:48;839796407;39.88;1019.36;0.0;161.97;19.2;135.47062499999998;161.21;161.97;162.74;0.7599999999999909;-0.29237170472273627;0.9563047559630357;891.3492730524327;2235.0784178847357;1.343729144832303
2026-08-11 23:07:48;839797307;41.11;1019.47;0.0;159.45;18.77;140.298125;161.97;161.21;161.97;-2.5200000000000102;-0.22920039092241423;0.9733792584604485;894.4957983139261;2175.859397504077;1.281363599190151
2026-08-11 23:22:48;839798207;41.48;1019.57;0.0;158.46;18.77;145.048125;159.45;161.97;161.21;-0.9899999999999807;-0.16504760586067735;0.9862856015372314;902.546750993467;2175.8600554326595;1.2733133044391924
2026-08-11 23:37:48;839799107;42.51;1019.61;0.0;157.97;18.52;149.765;158.46;159.45;161.97;-0.4900000000000091;-0.1001880616120765;0.9949685182509117;910.5923290122051;2142.0661703415785;1.2314738413293735
2026-08-11 23:52:48;839800007;43.76;1019.81;0.0;157.97;18.41;154.481875;157.97;158.46;159.45;0.0;-0.03489949670250171;0.9993908270190957;930.9258973046283;2127.344372268346;1.1964184749637177
2026-08-12 00:07:48;839800907;44.76;1019.85;0.0;156.99;18.24;159.1375;157.97;157.97;158.46;-0.9799999999999898;0.03053851320982266;0.9995335908367129;942.092908399053;2104.765210900476;1.162672302501423
2026-08-12 00:22:48;839801807;45.87;1019.9;0.0;156.5;18.17;163.771875;156.99;157.97;157.97;-0.4900000000000091;0.09584575252022397;0.9953961983671789;961.2193177387372;2095.52936066871;1.134310042929973
2026-08-12 00:37:48;839802707;45.91;1020.06;0.0;155.54;18.21;162.21875;156.5;156.99;157.97;-0.960000000000008;0.1607425656038261;0.9869963665602319;964.4790392703933;2100.803831998243;1.1363247927278497
2026-08-12 00:52:48;839803607;47.86;1020.17;0.0;156.02;18.03;161.10999999999999;155.54;156.5;156.99;0.4800000000000182;0.224951054343865;0.9743700647852352;994.131295218545;2077.165263724499;1.083033968505954
2026-08-12 01:07:48;839804507;47.83;1020.35;0.0;156.02;18.04;160.1925;156.02;155.54;156.5;0.0;0.28819626813408933;0.9575713608048144;994.1338985279851;2078.4735490863163;1.0843396505583311
2026-08-12 01:22:48;839805407;49.12;1020.35;0.0;155.54;17.74;159.364375;156.02;156.02;155.54;-0.4800000000000182;0.35020738125946743;0.9366721892483976;1001.8374124542729;2039.5712794264516;1.0377338669721787
2026-08-12 01:37:48;839806307;49.72;1020.28;0.0;154.82;17.73;158.57500000000002;155.54;156.02;156.02;-0.7199999999999989;0.4107188526134773;0.9117620435770886;1013.435388531299;2038.2851740372066;1.0248497855059078
2026-08-12 01:52:48;839807207;51.54;1020.39;0.0;155.3;17.2;158.02937500000002;154.82;155.54;156.02;0.4800000000000182;0.4694715627858908;0.882947592858927;1015.9328536972528;1971.154159288422;0.9552213055911694
2026-08-12 02:07:48;839808107;52.36;1020.34;0.0;154.82;16.99;157.534375;155.3;154.82;155.54;-0.4800000000000182;0.5262139236518696;0.8503522249955628;1018.4522083018388;1945.095890568829;0.9266436822669901
2026-08-12 02:22:48;839809007;53.03;1020.52;0.0;154.82;16.87;157.0875;154.82;155.3;154.82;0.0;0.5807029557109398;0.8141155183563192;1023.6607833362382;1930.3427933928685;0.9066820100566304
2026-08-12 02:37:48;839809907;53.5;1020.35;0.0;153.64;16.71;156.614375;154.82;154.82;155.3;-1.1800000000000068;0.632705328562516;0.7743926440821856;1022.2899626878176;1910.8223601641448;0.8885323974763272
2026-08-12 02:52:48;839810807;53.58;1020.48;0.0;153.41;16.69;156.079375;153.64;154.82;154.82;-0.22999999999998977;0.6819983600624985;0.7313537016191706;1022.5182628757655;1908.3954141018392;0.8858771512260737
2026-08-12 03:07:48;839811707;53.04;1020.42;0.0;154.11;16.81;155.745625;153.41;153.64;154.82;0.700000000000017;0.7283709698824002;0.6851829903263592;1019.9602659367787;1923.002009684726;0.9030417437479474
2026-08-12 03:22:48;839812607;53.6;1020.41;0.0;154.35;16.62;155.48874999999998;154.11;153.41;153.64;0.23999999999998067;0.7716245833877199;0.6360782202777641;1018.3567575260505;1899.9193237426311;0.8815625662165807
2026-08-12 03:37:48;839813507;54.08;1020.38;0.0;152.01;16.48;155.11625;154.35;154.11;153.41;-2.3400000000000034;0.8115739819650123;0.5842496656374344;1018.3625432306696;1883.0668328969487;0.864704289666279
2026-08-12 03:52:48;839814407;54.12;1020.27;0.0;152.47;16.45;154.7725;152.01;154.35;154.11;0.46000000000000796;0.8480480961564258;0.5299192642332051;1017.1703014980396;1879.4721018071684;0.8623018003091288
2026-08-12 04:07:48;839815307;54.79;1020.37;0.0;152.7;16.28;154.504375;152.47;152.01;154.35;0.22999999999998977;0.8808907382053854;0.4733196671848436;1018.6664396393975;1859.2196379620325;0.840553198322635
2026-08-12 04:22:48;839816207;55.9;1020.31;0.0;151.78;15.91;154.209375;152.7;152.47;152.01;-0.9199999999999875;0.9099612708765432;0.41469324265623914;1015.0322565056865;1815.8001010835183;0.8007678445778318
2026-08-12 04:37:48;839817107;56.22;1020.31;0.0;151.55;15.83;153.96;151.78;152.7;152.47;-0.22999999999998977;0.9351352096860117;0.3542910379977158;1015.6312172066239;1806.5300910825752;0.7908988738759513
2026-08-12 04:52:48;839818007;56.99;1020.23;0.0;151.78;15.61;153.695;151.55;151.78;152.7;0.22999999999998977;0.9563047559630354;0.29237170472273677;1015.134957688891;1781.2510224405876;0.7661160647516966
2026-08-12 05:07:48;839818907;57.42;1020.2;0.0;152.47;15.48;153.473125;151.78;151.55;151.78;0.6899999999999977;0.9733792584604485;0.22920039092241426;1014.3013008181084;1766.4599456950684;0.75215864487696
2026-08-12 05:22:48;839819807;58.77;1020.31;0.0;152.47;15.05;153.28125;152.47;151.78;151.55;0.0;0.9862856015372313;0.16504760586067782;1009.8462326266465;1718.3022505132658;0.7084560178866193
2026-08-12 05:37:48;839820707;59.63;1020.34;0.0;151.09;14.75;153.048125;152.47;152.47;151.78;-1.3799999999999955;0.9949685182509117;0.10018806161207632;1004.9982248935104;1685.3902815587965;0.6803920566652861
2026-08-12 05:52:48;839821607;59.44;1020.2;0.0;151.32;14.89;152.799375;151.09;152.47;152.47;0.22999999999998977;0.9993908270190958;0.03489949670250086;1010.8835736216173;1700.6789596595177;0.6897953860379004
2026-08-12 06:07:48;839822507;60.4;1020.25;0.0;152.24;14.51;152.638125;151.32;151.09;152.47;0.9200000000000159;0.999533590836713;-0.030538513209822475;1002.3139588045494;1659.460196696274;0.6571462378917244
2026-08-12 06:22:48;839823407;59.61;1020.17;0.0;151.32;14.78;152.419375;152.24;151.32;151.09;-0.9200000000000159;0.9953961983671789;-0.09584575252022395;1006.6075346400916;1688.655485052997;0.6820479504129053
2026-08-12 06:37:48;839824307;59.32;1020.19;0.0;151.32;14.91;152.274375;151.32;152.24;151.32;0.0;0.9869963665602319;-0.160742565603826;1010.1442786494912;1702.8730253700123;0.6927287467205211
2026-08-12 06:52:48;839825207;59.82;1020.29;0.0;152.24;14.74;152.20125000000002;151.32;151.32;152.24;0.9200000000000159;0.9743700647852352;-0.22495105434386503;1007.5497872635842;1684.302553098603;0.6767527658350189
2026-08-12 07:07:48;839826107;59.6;1020.35;0.0;150.86;14.88;151.99812500000002;152.24;151.32;151.32;-1.3799999999999955;0.9575713608048145;-0.28819626813408905;1012.9518414359445;1699.583626570377;0.6866317851344325
2026-08-12 07:22:48;839827007;59.68;1020.38;0.0;150.63;14.95;151.765625;150.86;152.24;151.32;-0.2300000000000182;0.9366721892483977;-0.3502073812594673;1018.8985777445886;1707.2697348267234;0.6883711570821348
2026-08-12 07:37:48;839827907;58.92;1020.39;0.0;151.32;15.25;151.7225;150.63;150.86;152.24;0.6899999999999977;0.9117620435770886;-0.4107188526134773;1025.5358890205105;1740.556498677037;0.7150206096565266
2026-08-12 07:52:48;839828807;58.37;1020.33;0.0;149.95;15.51;151.565;151.32;150.63;150.86;-1.3700000000000045;0.8829475928589269;-0.4694715627858909;1033.0698148486963;1769.8643392987774;0.7367945244500811
2026-08-12 08:07:48;839829707;57.02;1020.37;0.0;149.5;15.83;151.36499999999998;149.95;151.32;150.63;-0.44999999999998863;0.8503522249955628;-0.5262139236518696;1030.083649129568;1806.5304263934897;0.7764467772639219
2026-08-12 08:22:48;839830607;55.4;1020.43;0.0;147.49;16.43;151.096875;149.5;149.95;151.32;-2.009999999999991;0.8141155183563192;-0.5807029557109398;1039.902491776956;1877.0803100667076;0.8371778182897517
2026-08-12 08:37:48;839831507;53.55;1020.38;0.0;145.96;16.96;150.7475;147.49;149.5;149.95;-1.5300000000000011;0.7743926440821857;-0.632705328562516;1039.6188127241912;1941.3983430890594;0.9017795303648681
2026-08-12 08:52:48;839832407;52.36;1020.34;0.0;144.03;17.49;150.263125;145.96;147.49;149.5;-1.9300000000000068;0.7313537016191706;-0.6819983600624984;1051.201305733289;2007.6419131651817;0.9564406074318926
2026-08-12 09:07:48;839833307;51.6;1020.51;0.0;144.46;17.89;149.7625;144.03;145.96;147.49;0.4300000000000068;0.685182990326359;-0.7283709698824004;1062.4145138673048;2058.9428563319857;0.9965283424646809
2026-08-12 09:22:48;839834207;50.26;1020.46;0.0;143.19;18.29;149.1825;144.46;144.03;145.96;-1.2700000000000102;0.6360782202777638;-0.77162458338772;1061.1837159384877;2111.3882131684995;1.0502044972300117
2026-08-12 09:37:48;839835107;49.4;1020.46;0.0;141.32;18.75;148.571875;143.19;144.46;144.03;-1.8700000000000045;0.5842496656374344;-0.8115739819650123;1073.5337704920487;2173.1452843968596;1.0996115139048108
2026-08-12 09:52:48;839836007;48.59;1020.45;0.0;140.71;19.25;147.90875;141.32;143.19;144.46;-0.6099999999999852;0.5299192642332049;-0.848048096156426;1089.4182163127139;2242.062597885807;1.1526443815730931
2026-08-12 10:07:48;839836907;48.27;1020.37;0.0;140.31;19.71;147.163125;140.71;141.32;143.19;-0.4000000000000057;0.4733196671848435;-0.8808907382053855;1113.6610530623414;2307.1494780657576;1.1934884250034163
2026-08-12 10:22:48;839837807;46.19;1020.41;0.0;140.31;20.14;146.475;140.31;140.71;141.32;0.0;0.4146932426562392;-0.9099612708765431;1094.4640953888518;2369.4827784993545;1.2750186831105028
2026-08-12 10:37:48;839838707;45.32;1020.38;0.0;139.7;20.63;145.74875;140.31;140.31;140.71;-0.6100000000000136;0.35429103799771566;-0.9351352096860118;1106.8532420103386;2442.3063592461135;1.3354531172357749
2026-08-12 10:52:48;839839607;44.4;1020.28;0.0;135.6;21.21;144.70874999999998;139.7;140.31;140.31;-4.099999999999994;0.2923717047227366;-0.9563047559630355;1123.777712548789;2531.030884118894;1.407253171570105
2026-08-12 11:07:48;839840507;42.31;1020.16;0.0;135.6;21.86;143.755;135.6;139.7;140.31;0.0;0.22920039092241454;-0.9733792584604484;1114.3621486837915;2633.803234894331;1.5194410862105396
2026-08-12 11:22:48;839841407;38.97;1020.11;0.0;139.9;22.4;143.084375;135.6;135.6;139.7;4.300000000000011;0.16504760586067765;-0.9862856015372314;1060.7402942555902;2721.9407088929697;1.6612004146373796
2026-08-12 11:37:48;839842307;37.41;1019.96;0.0;134.46;23.1;142.030625;139.9;135.6;135.6;-5.439999999999998;0.10018806161207638;-0.9949685182509117;1062.4527665166854;2840.023433618512;1.7775706671018268
2026-08-12 11:52:48;839843207;35.15;1020.07;0.0;131.89;23.88;140.90187500000002;134.46;139.9;135.6;-2.5700000000000216;0.0348994967025007;-0.9993908270190958;1046.3644718498515;2976.8548274533473;1.9304903556034958
2026-08-12 12:07:48;839844107;26.69;1019.9;0.0;133.17;28.89;139.88125;131.89;134.46;139.9;1.2800000000000011;-0.030538513209822857;-0.9995335908367129;1067.8859549293443;4001.0713935157146;2.9331854385863703
2026-08-12 12:22:48;839845007;29.53;1019.91;0.0;130.82;26.35;138.839375;133.17;131.89;134.46;-2.3499999999999943;-0.09584575252022366;-0.9953961983671789;1018.4517266823984;3448.871407661356;2.4304196809789573
2026-08-12 12:37:48;839845907;30.27;1019.84;0.0;131.71;25.75;137.94875;130.82;133.17;131.89;0.8900000000000148;-0.16074256560382613;-0.9869963665602319;1007.5628215909071;3328.585469411653;2.321022647820746
2026-08-12 12:52:48;839846807;29.64;1019.73;0.0;132.8;25.96;137.24687500000002;131.71;130.82;133.17;1.0900000000000034;-0.22495105434386498;-0.9743700647852352;998.9454016184746;3370.26113906368;2.3713157374452054
2026-08-12 13:07:48;839847707;28.67;1019.61;0.0;133.17;26.08;136.54125;132.8;131.71;130.82;0.3699999999999761;-0.2881962681340892;-0.9575713608048144;973.1397938046168;3394.2790157119525;2.4211392219073358
2026-08-12 13:22:48;839848607;29.82;1019.71;0.0;130.64;26.2;135.756875;133.17;132.8;131.71;-2.530000000000001;-0.3502073812594677;-0.9366721892483976;1019.3812549917724;3418.448205874488;2.3990669508827156
2026-08-12 13:37:48;839849507;27.33;1019.55;0.0;132.25;26.44;135.19;130.64;133.17;132.8;1.6100000000000136;-0.410718852613477;-0.9117620435770887;947.5949612514598;3467.2336672208558;2.5196387059693963
2026-08-12 13:52:48;839850407;26.46;1019.53;0.0;131.89;26.6;134.63875;132.25;130.64;133.17;-0.36000000000001364;-0.46947156278589086;-0.8829475928589269;926.1249948779669;3500.0944628796938;2.573969468001727
2026-08-12 14:07:48;839851307;27.17;1019.33;0.0;131.89;26.78;134.1125;131.89;132.25;130.64;0.0;-0.5262139236518696;-0.8503522249955628;961.1075994538998;3537.3853494806763;2.576277750026777
2026-08-12 14:22:48;839852207;25.66;1019.25;0.0;132.07;26.85;133.5975;131.89;131.89;132.25;0.18000000000000682;-0.5807029557109398;-0.8141155183563192;911.4382237003924;3551.9806067825116;2.6405423830821193
2026-08-12 14:37:48;839853107;25.08;1019.3;0.0;131.17;26.83;133.064375;132.07;131.89;131.89;-0.9000000000000057;-0.6327053285625163;-0.7743926440821854;889.7896097397995;3547.8054614824546;2.6580158517426553
2026-08-12 14:52:48;839854007;25.12;1019.15;0.0;133.9;26.89;132.958125;131.17;132.07;131.89;2.730000000000018;-0.6819983600624984;-0.7313537016191706;894.3583498206906;3560.343749286188;2.6659853994654976
2026-08-12 15:07:48;839854907;24.41;1019.2;0.0;131.89;26.77;132.72625;133.9;131.17;132.07;-2.0100000000000193;-0.7283709698824001;-0.6851829903263593;862.9675004083256;3535.3031561176795;2.672335655709354
2026-08-12 15:22:48;839855807;23.54;1019.04;0.0;131.17;27.01;132.180625;131.89;133.9;131.17;-0.7199999999999989;-0.77162458338772;-0.6360782202777638;844.0356933602353;3585.5382045889355;2.7415025112287004
2026-08-12 15:37:48;839856707;25.52;1019.13;0.0;129.41;27.08;131.86499999999998;131.17;131.89;133.9;-1.759999999999991;-0.8115739819650121;-0.5842496656374347;918.7986546893736;3600.3082080304607;2.6815095533410873
2026-08-12 15:52:48;839857607;24.81;1018.96;0.0;131.53;26.92;131.8425;129.41;131.17;131.89;2.1200000000000045;-0.848048096156426;-0.529919264233205;884.8799586101004;3566.6261935110865;2.681746234900986
2026-08-12 16:07:48;839858507;25.62;1018.89;0.0;131.89;26.8;131.7625;131.53;129.41;131.17;0.3599999999999852;-0.8808907382053857;-0.47331966718484314;907.3440471498653;3541.5458514826905;2.6342018043328252
2026-08-12 16:22:48;839859407;26.3;1018.7;0.0;131.17;26.88;131.78437499999998;131.89;131.53;129.41;-0.7199999999999989;-0.9099612708765431;-0.41469324265623925;935.8188355079312;3558.246522843845;2.622427687335914
2026-08-12 16:37:48;839860307;25.3;1018.55;0.0;134.46;26.63;131.95624999999998;131.17;131.89;131.53;3.2900000000000205;-0.9351352096860117;-0.3542910379977157;887.0878778129111;3506.276196888977;2.6191883190760663
2026-08-12 16:52:48;839861207;26.05;1018.52;0.0;134.28;26.8;132.04874999999998;134.46;131.17;131.89;-0.18000000000000682;-0.9563047559630353;-0.2923717047227371;922.5717177048052;3541.5421025136475;2.618970384808842
2026-08-12 17:07:48;839862107;25.55;1018.34;0.0;133.35;26.86;132.06;134.28;134.46;131.17;-0.9300000000000068;-0.9733792584604485;-0.22920039092241415;908.0625317692972;3554.060789703707;2.64599825793441
2026-08-12 17:22:48;839863007;25.07;1018.42;0.0;133.53;26.66;132.240625;133.35;134.28;134.46;0.18000000000000682;-0.9862856015372314;-0.1650476058606773;880.5777322693108;3512.4759962876383;2.6318982640183277
2026-08-12 17:37:48;839863907;25.33;1018.2;0.0;133.9;26.65;132.34375;133.53;133.35;134.28;0.37000000000000455;-0.9949685182509117;-0.10018806161207644;889.1857608109735;3510.4056881601805;2.621219927349207
2026-08-12 17:52:48;839864807;24.87;1018.21;0.0;132.62;26.61;132.389375;133.9;133.53;133.35;-1.2800000000000011;-0.9993908270190958;-0.03489949670250076;870.9832177492311;3502.144019900407;2.6311608021511756
2026-08-12 18:07:48;839865707;24.87;1018.05;0.0;132.62;26.63;132.435;132.62;133.9;133.53;0.0;-0.999533590836713;0.030538513209822354;872.0096414426819;3506.2711758853306;2.6342615344426488
2026-08-12 18:22:48;839866607;24.71;1018.09;0.0;133.17;26.57;132.50375;132.62;132.62;133.9;0.549999999999983;-0.9953961983671789;0.09584575252022405;863.3421979389132;3493.8980086560628;2.6305558107171496
2026-08-12 18:37:48;839867507;23.83;1018.0;0.0;133.35;26.47;132.64;133.17;132.62;132.62;0.18000000000000682;-0.9869963665602318;0.16074256560382652;827.7014726914324;3473.3590964810423;2.6456576237896097
2026-08-12 18:52:48;839868407;23.59;1017.89;0.0;132.8;26.32;132.57125;133.35;133.17;132.62;-0.549999999999983;-0.9743700647852352;0.22495105434386492;812.1443448014935;3442.7483883064583;2.630604043504965
2026-08-12 19:07:48;839869307;24.53;1017.84;0.0;132.43;26.19;132.60500000000002;132.8;133.35;133.17;-0.37000000000000455;-0.9575713608048146;0.2881962681340887;838.0454036079911;3416.4101247777867;2.578364721169795
2026-08-12 19:22:48;839870207;24.76;1017.98;0.0;131.71;26.04;132.63875;132.43;132.8;133.35;-0.7199999999999989;-0.9366721892483977;0.3502073812594672;838.4330902091554;3386.2402674036966;2.5478071771945414
2026-08-12 19:37:48;839871107;24.95;1017.93;0.0;131.53;25.88;132.77125;131.71;132.43;132.8;-0.18000000000000682;-0.9117620435770886;0.4107188526134774;836.9012324819512;3354.3135570418885;2.517412324559938
2026-08-12 19:52:48;839872007;25.21;1017.9;0.0;132.07;25.68;132.805;131.53;131.71;132.43;0.539999999999992;-0.8829475928589268;0.4694715627858912;835.6547708336424;3314.774973556693;2.479120202723051
2026-08-12 20:07:48;839872907;25.83;1017.91;0.0;133.17;25.43;132.885;132.07;131.53;131.71;1.0999999999999943;-0.8503522249955628;0.5262139236518695;843.5882811131045;3265.924433267923;2.4223361521548186
2026-08-12 20:22:48;839873807;27.43;1017.94;0.0;131.89;25.11;132.93;133.17;132.07;131.53;-1.2800000000000011;-0.8141155183563196;0.5807029557109393;878.9431535668185;3204.313356058398;2.3253702024915794
2026-08-12 20:37:48;839874707;28.83;1017.9;0.0;131.89;24.87;132.769375;131.89;133.17;132.07;0.0;-0.7743926440821857;0.6327053285625159;910.6741293357702;3158.7725609981626;2.2480984316623926
2026-08-12 20:52:48;839875607;30.39;1018.0;0.0;132.43;24.58;132.65375;131.89;131.89;133.17;0.5400000000000205;-0.7313537016191703;0.6819983600624986;943.4575651570442;3104.500049875104;2.16104248471806
2026-08-12 21:07:48;839876507;31.18;1018.16;0.0;131.71;24.32;132.55125;132.43;131.89;131.89;-0.7199999999999989;-0.6851829903263593;0.7283709698824;953.0280904995742;3056.5365314290384;2.103508440929464
2026-08-12 21:22:48;839877407;32.15;1018.16;0.0;132.25;24.04;132.47125;131.71;132.43;131.89;0.539999999999992;-0.6360782202777646;0.7716245833877194;966.3026059205075;3005.606861339059;2.039304255418551
2026-08-12 21:37:48;839878307;33.31;1018.2;0.0;132.8;23.75;132.4025;132.25;131.71;132.43;0.5500000000000114;-0.5842496656374341;0.8115739819650125;983.8579833117503;2953.6414989845402;1.9697835156727899
2026-08-12 21:52:48;839879207;32.65;1018.24;0.0;133.17;23.53;132.43687500000001;132.8;132.25;131.71;0.3699999999999761;-0.529919264233205;0.8480480961564258;951.6641796532048;2914.744807513644;1.9630806278604391
2026-08-12 22:07:48;839880107;32.21;1018.22;0.0;132.62;23.44;132.436875;133.17;132.8;132.25;-0.549999999999983;-0.4733196671848432;0.8808907382053857;933.7555525118214;2898.9616656684925;1.9652061131566712
2026-08-12 22:22:48;839881007;32.06;1018.26;0.0;131.53;23.31;132.334375;132.62;133.17;132.8;-1.0900000000000034;-0.4146932426562393;0.9099612708765431;922.1405662242515;2876.2962140494433;1.9541556478251918
2026-08-12 22:37:48;839881907;31.87;1018.31;0.0;131.89;23.23;132.243125;131.53;132.62;133.17;0.3599999999999852;-0.3542910379977166;0.9351352096860114;912.2550238426726;2862.4255533187093;1.9501705294760368
2026-08-12 22:52:48;839882807;32.38;1018.4;0.0;132.43;23.03;132.22;131.89;131.53;132.62;0.5400000000000205;-0.29237170472273627;0.9563047559630357;915.7077060175193;2828.004033408027;1.912296327390508
2026-08-12 23:07:48;839883707;32.88;1018.46;0.0;132.43;22.91;132.22;132.43;131.89;131.53;0.0;-0.22920039092241423;0.9733792584604485;923.1143128468697;2807.5252823809906;1.884410969534121
2026-08-12 23:22:48;839884607;32.92;1018.49;0.0;132.07;22.79;132.2425;132.43;132.43;131.89;-0.36000000000001364;-0.16504760586067735;0.9862856015372314;917.5383445458891;2787.1760162390315;1.8696376716931422
2026-08-12 23:37:48;839885507;33.2;1018.69;0.0;130.99;22.7;132.20875;132.07;132.43;132.43;-1.079999999999984;-0.1001880616120765;0.9949685182509117;920.3040772205093;2772.000232591895;1.8516961553713858
2026-08-12 23:52:48;839886407;33.95;1018.68;0.0;131.53;22.51;132.175;130.99;132.07;132.43;0.539999999999992;-0.03489949670250171;0.9993908270190957;930.2965382850479;2740.1959890575786;1.8098994507725306
2026-08-13 00:07:48;839887307;34.29;1018.66;0.0;130.99;22.36;132.03875;131.53;130.99;132.07;-0.539999999999992;0.03053851320982266;0.9995335908367129;931.080855421122;2715.313080843167;1.7842322254220448
2026-08-13 00:22:48;839888207;34.64;1018.6;0.0;131.53;22.22;132.01625;130.99;131.53;130.99;0.539999999999992;0.09584575252022397;0.9953961983671789;932.6013498630815;2692.2671762791038;1.7596658264160223
2026-08-13 00:37:48;839889107;35.07;1018.72;0.0;131.89;22.08;132.01625;131.53;130.99;131.53;0.3599999999999852;0.1607425656038261;0.9869963665602319;936.1564426308564;2669.393905420178;1.7332374627893214
2026-08-13 00:52:48;839890007;35.49;1018.71;0.0;131.17;21.93;131.9375;131.89;131.53;130.99;-0.7199999999999989;0.224951054343865;0.9743700647852352;938.7369394220294;2645.0744982305705;1.706337558808541
2026-08-13 01:07:48;839890907;35.97;1018.55;0.0;131.53;21.75;131.92624999999998;131.17;131.89;131.53;0.36000000000001364;0.28819626813408933;0.9575713608048144;941.0277226705035;2616.1460179886117;1.6751182953181083
2026-08-13 01:22:48;839891807;36.67;1018.51;0.0;131.35;21.56;131.87;131.53;131.17;131.89;-0.18000000000000682;0.35020738125946743;0.9366721892483976;948.2539204842784;2585.911972959581;1.6376580524753026
2026-08-13 01:37:48;839892707;37.09;1018.44;0.0;130.46;21.4;131.72375;131.35;131.53;131.17;-0.8899999999999864;0.4107188526134773;0.9117620435770886;949.7595391718678;2560.6889705361764;1.6109294313643086
2026-08-13 01:52:48;839893607;37.39;1018.42;0.0;131.17;21.25;131.59875;130.46;131.35;131.53;0.7099999999999795;0.4694715627858908;0.882947592858927;948.6734746925529;2537.238498776552;1.5885650240839992
2026-08-13 02:07:48;839894507;37.57;1018.29;0.0;131.17;21.15;131.508125;131.17;130.46;131.35;0.0;0.5262139236518696;0.8503522249955628;947.4059078860402;2521.7085650413633;1.5743026571553231
2026-08-13 02:22:48;839895407;38.08;1018.25;0.0;130.29;21.01;131.430625;131.17;131.17;130.46;-0.8799999999999955;0.5807029557109398;0.8141155183563192;952.0409241509743;2500.107468883861;1.548066544732887
2026-08-13 02:37:48;839896307;38.28;1018.27;0.0;130.46;20.89;131.34125;130.29;131.17;131.17;0.17000000000001592;0.632705328562516;0.7743926440821856;950.0030662676503;2481.72169871382;1.5317186324461696
2026-08-13 02:52:48;839897207;38.58;1018.34;0.0;129.24;20.75;131.141875;130.46;130.29;131.17;-1.2199999999999989;0.6819983600624985;0.7313537016191706;949.2306615280492;2460.4216213790805;1.5111909598510316
2026-08-13 03:07:48;839898107;38.84;1018.27;0.0;131.17;20.6;131.06312499999999;129.24;130.46;130.29;1.9299999999999784;0.7283709698824002;0.6851829903263592;946.8324992644415;2437.7767746252352;1.4909442753607935
2026-08-13 03:22:48;839899007;38.93;1018.25;0.0;129.76;20.51;130.91875;131.17;129.24;130.46;-1.4099999999999966;0.7716245833877199;0.6360782202777641;943.7713367217684;2424.2777722110673;1.480506435489299
2026-08-13 03:37:48;839899907;39.14;1018.13;0.0;130.46;20.38;130.885625;129.76;131.17;129.24;0.700000000000017;0.8115739819650123;0.5842496656374344;941.2755452124907;2404.894085877595;1.4636185406651043
2026-08-13 03:52:48;839900807;39.63;1018.02;0.0;129.59;20.25;130.764375;130.46;129.76;131.17;-0.8700000000000045;0.8480480961564258;0.5299192642332051;945.4316232067478;2385.646286163885;1.4402146629571375
2026-08-13 04:07:48;839901707;39.63;1018.0;0.0;128.89;20.14;130.633125;129.59;130.46;129.76;-0.700000000000017;0.8808907382053854;0.4733196671848436;939.0192518269531;2369.4656871737398;1.4304464353467865
2026-08-13 04:22:48;839902607;39.8;1017.88;0.0;129.59;20.03;130.51187499999997;128.89;129.59;130.46;0.700000000000017;0.9099612708765432;0.41469324265623914;936.645460368411;2353.380553689475;1.416735093321064
2026-08-13 04:37:48;839903507;40.12;1017.84;0.0;130.29;19.88;130.411875;129.59;128.89;129.59;0.6999999999999886;0.9351352096860117;0.3542910379977158;935.4384294765484;2331.601269881726;1.3961628404051774
2026-08-13 04:52:48;839904407;40.28;1017.85;0.0;128.72;19.74;130.25875;130.29;129.59;128.89;-1.5699999999999932;0.9563047559630354;0.29237170472273677;931.0455032686683;2311.4337221168526;1.3803882188481844
2026-08-13 05:07:48;839905307;40.52;1017.76;0.0;128.72;19.62;130.083125;128.72;130.29;129.59;0.0;0.9733792584604485;0.22920039092241426;929.6375307049677;2294.2683383636913;1.3646308076587237
2026-08-13 05:22:48;839906207;40.84;1017.89;0.0;128.72;19.46;129.91875;128.72;128.72;130.29;0.0;0.9862856015372313;0.16504760586067782;927.7037158659613;2271.5566010430002;1.3438528851770388
2026-08-13 05:37:48;839907107;41.18;1017.98;0.0;128.21;19.33;129.778125;128.72;128.72;128.72;-0.5099999999999909;0.9949685182509117;0.10018806161207632;927.887718796361;2253.2484672082587;1.3253607484118977
2026-08-13 05:52:48;839908007;41.29;1017.89;0.0;128.55;19.16;129.614375;128.21;128.72;128.72;0.3400000000000034;0.9993908270190958;0.03489949670250086;920.5608742382201;2229.5007852705744;1.3089399110323543
2026-08-13 06:07:48;839908907;41.37;1017.99;0.0;128.21;19.04;129.429375;128.55;128.21;128.72;-0.3400000000000034;0.999533590836713;-0.030538513209822475;915.4647760970096;2212.871104899709;1.2974063288026991
2026-08-13 06:22:48;839909807;41.75;1018.0;0.0;129.07;18.99;129.353125;128.21;128.55;128.21;0.8599999999999852;0.9953961983671789;-0.09584575252022395;920.9941454627591;2205.974001108405;1.2849798556456458
2026-08-13 06:37:48;839910707;41.79;1017.98;0.0;128.72;18.85;129.244375;129.07;128.21;128.55;-0.3499999999999943;0.9869963665602319;-0.160742565603826;913.847798057274;2186.761900113123;1.272914102055849
2026-08-13 06:52:48;839911607;41.84;1017.96;0.0;129.24;18.81;129.244375;128.72;129.07;128.21;0.5200000000000102;0.9743700647852352;-0.22495105434386503;912.6557674945973;2181.2996355033392;1.268643868008742
2026-08-13 07:07:48;839912507;41.8;1017.89;0.0;128.21;18.8;129.059375;129.24;128.72;129.07;-1.0300000000000011;0.9575713608048145;-0.28819626813408905;911.2130434444692;2179.9355106327016;1.2687224671882322
2026-08-13 07:22:48;839913407;41.75;1018.01;0.0;128.38;18.92;128.973125;128.21;129.24;128.72;0.1699999999999875;0.9366721892483977;-0.3502073812594673;916.9759897847729;2196.3496761311926;1.2793736863464196
2026-08-13 07:37:48;839914307;42.18;1017.97;0.0;127.87;18.98;128.81125;128.38;128.21;129.24;-0.5099999999999909;0.9117620435770886;-0.4107188526134773;929.8988585134598;2204.5966299513034;1.2746977714378436
2026-08-13 07:52:48;839915207;41.61;1017.95;0.0;126.69;19.12;128.63;127.87;128.38;128.21;-1.1800000000000068;0.8829475928589269;-0.4694715627858909;925.3837695931758;2223.9456130573803;1.2985618434642048
2026-08-13 08:07:48;839916107;41.02;1018.05;0.0;127.03;19.36;128.51375;126.69;127.87;128.38;0.3400000000000034;0.8503522249955628;-0.5262139236518696;926.0111277641673;2257.4625250223485;1.3314513972581812
2026-08-13 08:22:48;839917007;40.49;1018.03;0.0;125.06;19.79;128.230625;127.03;126.69;127.87;-1.9699999999999989;0.8141155183563192;-0.5807029557109398;938.80927317712;2318.6200868785377;1.3798108137014178
2026-08-13 08:37:48;839917907;38.82;1018.04;0.0;123.62;20.23;127.81375;125.06;127.03;126.69;-1.4399999999999977;0.7743926440821857;-0.632705328562516;924.9631122283378;2382.6973524686705;1.4577342402403328
2026-08-13 08:52:48;839918807;38.07;1018.04;0.0;123.46;20.7;127.485;123.62;125.06;127.03;-0.1600000000000108;0.7313537016191706;-0.6819983600624984;933.800355083197;2452.850945845015;1.519050590761818
2026-08-13 09:07:48;839919707;37.59;1017.87;0.0;122.37;21.11;127.088125;123.46;123.62;125.06;-1.0899999999999892;0.685182990326359;-0.7283709698824004;945.5829035107869;2515.517168158518;1.5699342646477312
2026-08-13 09:22:48;839920607;36.28;1017.79;0.0;121.61;21.5;126.64375;122.37;123.46;123.62;-0.7600000000000051;0.6360782202777638;-0.77162458338772;934.7261542473603;2576.422696381919;1.641696542134559
2026-08-13 09:37:48;839921507;35.55;1017.74;0.0;121.46;21.87;126.221875;121.61;122.37;123.46;-0.15000000000000568;0.5842496656374344;-0.8115739819650123;936.8824253229476;2635.39360147102;1.698511176148072
2026-08-13 09:52:48;839922407;35.21;1017.75;0.0;121.16;22.34;125.76;121.46;121.61;122.37;-0.29999999999999716;0.5299192642332049;-0.848048096156426;954.8962855341186;2712.0030830278856;1.7571067974937669
2026-08-13 10:07:48;839923307;34.92;1017.68;0.0;119.38;22.94;125.208125;121.16;121.46;121.61;-1.7800000000000011;0.4733196671848435;-0.8808907382053855;982.1691626596228;2812.6264680974305;1.8304573054378077
2026-08-13 10:22:48;839924207;34.22;1017.69;0.0;118.81;23.45;124.566875;119.38;121.16;121.46;-0.5699999999999932;0.4146932426562392;-0.9099612708765431;992.6219829852959;2900.707139056972;1.9080851560716765
2026-08-13 10:37:48;839925107;32.98;1017.71;0.0;119.09;23.97;123.965;118.81;119.38;121.16;0.28000000000000114;0.35429103799771566;-0.9351352096860118;987.0870897682576;2992.986930770945;2.0058998410026874
2026-08-13 10:52:48;839926007;32.31;1017.72;0.0;117.39;24.5;123.224375;119.09;118.81;119.38;-1.7000000000000028;0.2923717047227366;-0.9563047559630355;998.2722443515694;3089.6695894508493;2.09139734509928
2026-08-13 11:07:48;839926907;32.02;1017.56;0.0;117.25;25.19;122.53937499999999;117.39;119.09;118.81;-0.14000000000000057;0.22920039092241454;-0.9733792584604484;1030.921290659352;3219.616772827457;2.188695482168105
2026-08-13 11:22:48;839927807;30.13;1017.57;0.0;120.12;25.9;122.02312500000001;117.25;117.39;119.09;2.8700000000000045;0.16504760586067765;-0.9862856015372314;1011.851704997857;3358.286442077189;2.346434737079332
2026-08-13 11:37:48;839928707;28.57;1017.48;0.0;116.02;26.5;121.2825;120.12;117.25;117.39;-4.1000000000000085;0.10018806161207638;-0.9949685182509117;994.0943587409034;3479.5042308047023;2.485409872063799
2026-08-13 11:52:48;839929607;27.53;1017.4;0.0;114.95;27.46;120.54875;116.02;120.12;117.25;-1.0699999999999932;0.0348994967025007;-0.9993908270190958;1013.4877582396363;3681.393963819965;2.6679062055803286
2026-08-13 12:07:48;839930507;20.44;1017.15;0.0;115.48;33.32;119.826875;114.95;116.02;120.12;0.5300000000000011;-0.030538513209822857;-0.9995335908367129;1052.5816959843494;5149.616907946914;4.097035211962564
2026-08-13 12:22:48;839931407;22.07;1017.14;0.0;114.69;30.37;119.17875;115.48;114.95;116.02;-0.7900000000000063;-0.09584575252022366;-0.9953961983671789;961.6006582885166;4357.048746209862;3.3954480879213453
2026-08-13 12:37:48;839932307;23.82;1017.04;0.0;113.91;29.53;118.571875;114.69;115.48;114.95;-0.7800000000000011;-0.16074256560382613;-0.9869963665602319;988.9475739729226;4151.7530393489615;3.162805465376039
2026-08-13 12:52:48;839933207;23.13;1016.91;0.0;114.95;29.55;118.04;113.91;114.69;115.48;1.0400000000000063;-0.22495105434386498;-0.9743700647852352;961.4076705853604;4156.539864182276;3.1951321935969155
2026-08-13 13:07:48;839934107;23.46;1016.76;0.0;113.91;29.87;117.51124999999999;114.95;113.91;114.69;-1.0400000000000063;-0.2881962681340892;-0.9575713608048144;993.251323404714;4233.807857650102;3.240556534245388
2026-08-13 13:22:48;839935007;23.19;1016.64;0.0;116.16;29.8;117.170625;113.91;114.95;113.91;2.25;-0.3502073812594677;-0.9366721892483976;977.875391591991;4216.797721397114;3.2389223298051233
2026-08-13 13:37:48;839935907;22.87;1016.53;0.0;115.22;30.06;116.780625;116.16;113.91;114.95;-0.9399999999999977;-0.410718852613477;-0.9117620435770887;978.8983969842081;4280.272833337158;3.3013744363529494
2026-08-13 13:52:48;839936807;21.32;1016.47;0.0;116.16;29.97;116.46812499999999;115.22;116.16;113.91;0.9399999999999977;-0.46947156278589086;-0.8829475928589269;907.8495366897741;4258.206082034588;3.3503565453448134
2026-08-13 14:07:48;839937707;21.25;1016.3;0.0;116.56;30.08;116.291875;116.16;115.22;116.16;0.4000000000000057;-0.5262139236518696;-0.8503522249955628;910.6022618573672;4285.187114622905;3.374584852765538
2026-08-13 14:22:48;839938607;20.94;1016.31;0.0;116.16;30.43;116.12625;116.56;116.16;115.22;-0.4000000000000057;-0.5807029557109398;-0.8141155183563192;915.504030233158;4372.034528334088;3.4565304981009293
2026-08-13 14:37:48;839939507;21.14;1016.11;0.0;115.75;30.62;115.91749999999999;116.16;116.56;116.16;-0.4099999999999966;-0.6327053285625163;-0.7743926440821854;934.3490365210473;4419.815688368247;3.4854666518471995
2026-08-13 14:52:48;839940407;20.84;1015.98;0.0;117.39;30.59;115.9175;115.75;116.16;116.56;1.6400000000000006;-0.6819983600624984;-0.7313537016191706;919.5106581631421;4412.239242625442;3.4927285844623
2026-08-13 15:07:48;839941307;20.71;1015.86;0.0;118.66;30.55;116.00562500000001;117.39;115.75;116.16;1.269999999999996;-0.7283709698824001;-0.6851829903263593;911.686413102125;4402.155543708957;3.4904691306068325
2026-08-13 15:22:48;839942207;20.76;1015.66;0.0;117.25;30.62;115.82625;118.66;117.39;115.75;-1.4099999999999966;-0.77162458338772;-0.6360782202777638;917.5525803572232;4419.810117327665;3.502257536970441
2026-08-13 15:37:48;839943107;20.17;1015.61;0.0;117.25;30.53;115.903125;117.25;118.66;117.39;0.0;-0.8115739819650121;-0.5842496656374347;886.898876679383;4397.118872976614;3.5102199962972307
2026-08-13 15:52:48;839944007;19.47;1015.39;0.0;118.66;30.7;116.13499999999999;117.25;117.25;118.66;1.4099999999999966;-0.848048096156426;-0.529919264233205;864.4799975814705;4440.061620860147;3.5755816232786763
2026-08-13 16:07:48;839944907;19.4;1015.22;0.0;117.67;30.67;116.271875;118.66;117.25;117.25;-0.9899999999999949;-0.8808907382053857;-0.47331966718484314;859.8961738780406;4432.454504525983;3.5725583306479423
2026-08-13 16:22:48;839945807;19.44;1015.06;0.0;118.24;30.67;116.49375;117.67;118.66;117.25;0.5699999999999932;-0.9099612708765431;-0.41469324265623925;861.6687695889354;4432.452518461601;3.5707837488726657
2026-08-13 16:37:48;839946707;19.78;1014.89;0.0;119.53;30.81;116.845;118.24;117.67;118.66;1.2900000000000063;-0.9351352096860117;-0.3542910379977157;883.7778278467251;4468.037552309024;3.5842597244622993
2026-08-13 16:52:48;839947607;20.56;1014.72;0.0;120.71;30.63;117.205;119.53;118.24;117.67;1.1799999999999926;-0.9563047559630353;-0.2923717047227371;909.2302109450881;4422.325928721246;3.513095717776158
2026-08-13 17:07:48;839948507;21.07;1014.51;0.0;120.86;30.67;117.639375;120.71;119.53;118.24;0.15000000000000568;-0.9733792584604485;-0.22920039092241415;933.9163071434741;4432.445691236232;3.498529384092758
2026-08-13 17:22:48;839949407;20.87;1014.5;0.0;120.56;30.63;117.91437499999999;120.86;120.71;119.53;-0.29999999999999716;-0.9862856015372314;-0.1650476058606773;922.938852569756;4422.323203496675;3.499384350926919
2026-08-13 17:37:48;839950307;20.91;1014.27;0.0;119.97;30.64;118.21124999999999;120.56;120.86;120.71;-0.5900000000000034;-0.9949685182509117;-0.10018806161207644;925.2359378869853;4424.849057326567;3.499613119439582
2026-08-13 17:52:48;839951207;20.58;1014.21;0.0;121.01;30.64;118.51437499999999;119.97;120.56;120.86;1.0400000000000063;-0.9993908270190958;-0.03489949670250076;910.6337829555789;4424.848313681142;3.5142145307255634
2026-08-13 18:07:48;839952107;20.79;1013.97;0.0;121.01;30.61;118.79249999999999;121.01;119.97;120.56;0.0;-0.999533590836713;0.030538513209822354;918.3489788992762;4417.263005768524;3.498914026869248
2026-08-13 18:22:48;839953007;20.79;1013.73;0.0;120.26;30.56;119.04875000000001;121.01;121.01;119.97;-0.75;-0.9953961983671789;0.09584575252022405;915.7263043790801;4404.647928711304;3.4889216243322245
2026-08-13 18:37:48;839953907;21.24;1013.84;0.0;120.71;30.46;119.35875;120.26;121.01;121.01;0.44999999999998863;-0.9869963665602318;0.16074256560382652;930.2098320051272;4379.518983074987;3.4493091510698597
2026-08-13 18:52:48;839954807;21.72;1013.64;0.0;119.38;30.35;119.483125;120.71;120.26;121.01;-1.3299999999999983;-0.9743700647852352;0.22495105434386492;945.258161969337;4352.017320300815;3.4067591583314782
2026-08-13 19:07:48;839955707;21.52;1013.53;0.0;120.56;30.27;119.60187499999999;119.38;120.71;120.26;1.1800000000000068;-0.9575713608048146;0.2881962681340887;932.2702884083683;4332.111005615094;3.3998407172067253
2026-08-13 19:22:48;839956607;21.69;1013.49;0.0;119.97;30.12;119.771875;120.56;119.38;120.71;-0.5900000000000034;-0.9366721892483977;0.3502073812594672;931.585946248168;4295.002057391277;3.363416111143109
2026-08-13 19:37:48;839957507;21.77;1013.46;0.0;119.38;29.94;119.90499999999999;119.97;120.56;119.38;-0.5900000000000034;-0.9117620435770886;0.4107188526134774;925.4071709616331;4250.836798170111;3.325429627208478
2026-08-13 19:52:48;839958407;22.39;1013.38;0.0;119.67;29.7;119.968125;119.38;119.97;120.56;0.29000000000000625;-0.8829475928589268;0.4694715627858912;938.7151340086668;4192.564243004318;3.2538491089956514
2026-08-13 20:07:48;839959307;22.65;1013.34;0.0;119.09;29.52;120.05687499999999;119.67;119.38;119.97;-0.5799999999999983;-0.8503522249955628;0.5262139236518695;939.8203946746642;4149.317415782182;3.2094970211075178
2026-08-13 20:22:48;839960207;23.16;1013.17;0.0;119.38;29.28;120.128125;119.09;119.67;119.38;0.28999999999999204;-0.8141155183563196;0.5807029557109393;947.7669124577732;4092.257825810765;3.1444909133529917
2026-08-13 20:37:48;839961107;23.69;1013.37;0.0;119.24;29.02;120.11;119.38;119.09;119.67;-0.14000000000000057;-0.7743926440821857;0.6327053285625159;954.9959009836194;4031.219506051581;3.0762236050679617
2026-08-13 20:52:48;839962007;24.28;1013.43;0.0;119.67;28.75;120.045;119.24;119.38;119.09;0.4300000000000068;-0.7313537016191703;0.6819983600624986;963.593627107424;3968.672269799934;3.0050786426925096
2026-08-13 21:07:48;839962907;25.03;1013.39;0.0;119.53;28.48;119.961875;119.67;119.24;119.38;-0.14000000000000057;-0.6851829903263593;0.7283709698824;977.9147417573951;3906.970602306812;2.929055860549417
2026-08-13 21:22:48;839963807;25.68;1013.33;0.0;121.16;28.22;119.999375;119.53;119.67;119.24;1.6299999999999955;-0.6360782202777646;0.7716245833877194;988.2550483928266;3848.3452040219104;2.860090155629084
2026-08-13 21:37:48;839964707;26.14;1013.43;0.0;120.86;27.99;120.055;121.16;119.53;119.67;-0.29999999999999716;-0.5842496656374341;0.8115739819650125;992.5687718334192;3797.1261355524834;2.804557363719064
2026-08-13 21:52:48;839965607;26.61;1013.32;0.0;120.26;27.79;120.008125;120.86;121.16;119.53;-0.5999999999999943;-0.529919264233205;0.8480480961564258;998.6917819260362;3753.069454814116;2.7543776728880798
2026-08-13 22:07:48;839966507;27.42;1013.38;0.0;120.86;27.58;119.99875;120.26;120.86;121.16;0.5999999999999943;-0.4733196671848432;0.8808907382053857;1016.5394000362036;3707.2917579730256;2.690752357936822
2026-08-13 22:22:48;839967407;27.7;1013.36;0.0;120.12;27.36;119.99;120.86;120.26;120.86;-0.7399999999999949;-0.4146932426562393;0.9099612708765431;1013.7800837686749;3659.8558980818593;2.646075814313184
2026-08-13 22:37:48;839968307;27.78;1013.29;0.0;120.26;27.2;119.961875;120.12;120.86;120.26;0.14000000000000057;-0.3542910379977166;0.9351352096860114;1007.2165668391876;3625.6895854542395;2.618473018615052
2026-08-13 22:52:48;839969207;28.27;1013.2;0.0;117.95;26.99;119.8725;120.26;120.12;120.86;-2.3100000000000023;-0.29237170472273627;0.9563047559630357;1012.42457838333;3581.2684060252213;2.5688438276418917
2026-08-13 23:07:48;839970107;28.05;1013.15;0.0;120.56;26.79;119.8725;117.95;120.26;120.12;2.6099999999999994;-0.22920039092241423;0.9733792584604485;992.8030198277676;3539.404705268333;2.5466016854405655
2026-08-13 23:22:48;839971007;27.88;1013.22;0.0;120.26;26.62;119.890625;120.56;117.95;120.26;-0.29999999999999716;-0.16504760586067735;0.9862856015372314;976.9591900457074;3504.1577835211883;2.527198593475481
2026-08-13 23:37:48;839971907;28.21;1013.14;0.0;119.67;26.44;119.90875000000001;120.26;120.56;117.95;-0.5900000000000034;-0.1001880616120765;0.9949685182509117;978.0886390533304;3467.1699363818875;2.489081297328557
2026-08-13 23:52:48;839972807;28.24;1013.11;0.0;120.71;26.26;119.97375;119.67;120.26;120.56;1.039999999999992;-0.03489949670250171;0.9993908270190957;968.7798353109386;3430.5234961435503;2.4617436608326115
2026-08-14 00:07:48;839973707;28.37;1012.93;0.0;120.41;26.06;120.05624999999999;120.71;119.67;120.26;-0.29999999999999716;0.03053851320982266;0.9995335908367129;961.7998563220024;3390.2004100176327;2.42840055369563
2026-08-14 00:22:48;839974607;28.51;1012.82;0.0;120.56;25.89;120.13;120.41;120.71;119.67;0.15000000000000568;0.09584575252022397;0.9953961983671789;956.867409402208;3356.251874437769;2.3993844650355607
2026-08-14 00:37:48;839975507;28.19;1012.81;0.0;120.26;25.79;120.19375;120.56;120.41;120.71;-0.29999999999999716;0.1607425656038261;0.9869963665602319;940.5372257725028;3336.4215174618753;2.395884291689373
2026-08-14 00:52:48;839976407;28.22;1012.86;0.0;120.26;25.66;120.230625;120.26;120.56;120.41;0.0;0.224951054343865;0.9743700647852352;934.3064941894224;3310.7955144912207;2.3764890203017983
2026-08-14 01:07:48;839977307;28.53;1012.72;0.0;119.09;25.49;120.203125;120.26;120.26;120.56;-1.1700000000000017;0.28819626813408933;0.9575713608048144;935.0826913654934;3277.541855469658;2.3424591641041648
2026-08-14 01:22:48;839978207;29.14;1012.58;0.0;119.24;25.26;120.08312500000001;119.09;120.26;120.26;0.14999999999999147;0.35020738125946743;0.9366721892483976;942.1009021048721;3233.0161362555664;2.2909152341506944
2026-08-14 01:37:48;839979107;29.63;1012.56;0.0;119.67;25.06;120.00874999999999;119.24;119.09;120.26;0.4300000000000068;0.4107188526134773;0.9117620435770886;946.5982256290959;3194.7290773847308;2.248130851755635
2026-08-14 01:52:48;839980007;30.21;1012.47;0.0;118.66;24.82;119.90875;119.67;119.24;119.09;-1.0100000000000051;0.4694715627858908;0.882947592858927;951.405603920844;3149.3068650143787;2.1979012610935347
2026-08-14 02:07:48;839980907;31.1;1012.56;0.0;119.38;24.46;119.81625000000001;118.66;119.67;119.24;0.7199999999999989;0.5262139236518696;0.8503522249955628;958.5743534993651;3082.2326479079265;2.1236582944085614
2026-08-14 02:22:48;839981807;31.25;1012.47;0.0;119.97;24.26;119.80687499999999;119.38;118.66;119.67;0.5900000000000034;0.5807029557109398;0.8141155183563192;951.7217658617634;3045.5096507576427;2.0937878848958795
2026-08-14 02:37:48;839982707;31.79;1012.41;0.0;119.97;24.05;119.78875;119.97;119.38;118.66;0.0;0.632705328562516;0.7743926440821856;956.0405634760799;3007.362577779427;2.051322014303347
2026-08-14 02:52:48;839983607;32.41;1012.25;0.0;120.12;23.76;119.924375;119.97;119.97;119.38;0.15000000000000568;0.6819983600624985;0.7313537016191706;957.8350804162988;2955.3689614819464;1.9975338810656476
2026-08-14 03:07:48;839984507;33.14;1012.17;0.0;119.38;23.57;119.850625;120.12;119.97;119.97;-0.7400000000000091;0.7283709698824002;0.6851829903263592;968.2618895638435;2921.731712624754;1.9534698230609107
2026-08-14 03:22:48;839985407;33.59;1012.07;0.0;120.26;23.38;119.850625;119.38;120.12;119.97;0.8800000000000097;0.7716245833877199;0.6360782202777641;970.2233854806847;2888.429251207754;1.9182058657270695
2026-08-14 03:37:48;839986307;34.08;1011.9;0.0;118.66;23.16;119.7875;120.26;119.38;120.12;-1.6000000000000085;0.8115739819650123;0.5842496656374344;971.376384481266;2850.282818313574;1.8789064338323078
2026-08-14 03:52:48;839987207;34.69;1011.84;0.0;118.66;22.96;119.659375;118.66;120.26;119.38;0.0;0.8480480961564258;0.5299192642332051;976.8661702243044;2815.987806930829;1.8391216367065244
2026-08-14 04:07:48;839988107;35.13;1011.95;0.0;119.09;22.7;119.576875;118.66;118.66;120.26;0.4300000000000068;0.8808907382053854;0.4733196671848436;973.7843925608666;2771.9453246822277;1.798160932121361
2026-08-14 04:22:48;839989007;35.51;1011.76;0.0;118.66;22.53;119.45812500000001;119.09;118.66;118.66;-0.4300000000000068;0.9099612708765432;0.41469324265623914;974.2072064209423;2743.472842638531;1.7692656362175885
2026-08-14 04:37:48;839989907;36.0;1011.78;0.0;118.95;22.34;119.37625;118.66;119.09;118.66;0.29000000000000625;0.9351352096860117;0.3542910379977158;976.303936992037;2711.9553805334363;1.7356514435413992
2026-08-14 04:52:48;839990807;36.32;1011.72;0.0;118.24;22.14;119.24999999999999;118.95;118.66;119.09;-0.710000000000008;0.9563047559630354;0.29237170472273677;973.0567168292455;2679.120916380081;1.7060641995508354
2026-08-14 05:07:48;839991707;36.67;1011.69;0.0;118.66;22.0;119.223125;118.24;118.95;118.66;0.4200000000000017;0.9733792584604485;0.22920039092241426;974.0814269941469;2656.344224145478;1.682262797151331
2026-08-14 05:22:48;839992607;37.33;1011.6;0.0;118.38;21.79;119.169375;118.66;118.24;118.95;-0.28000000000000114;0.9862856015372313;0.16504760586067782;978.9778900144411;2622.496356856258;1.643518466841817
2026-08-14 05:37:48;839993507;37.38;1011.49;0.0;118.24;21.66;119.07999999999998;118.38;118.66;118.24;-0.14000000000000057;0.9949685182509117;0.10018806161207632;972.5274485074597;2601.732071983573;1.6292046234761133
2026-08-14 05:52:48;839994407;37.82;1011.4;0.0;118.81;21.56;119.089375;118.24;118.38;118.66;0.5700000000000074;0.9993908270190958;0.03489949670250086;977.9713079720872;2585.857503892351;1.6078861959202637
2026-08-14 06:07:48;839995307;38.25;1011.3;0.0;118.66;21.4;119.04437499999999;118.81;118.24;118.38;-0.15000000000000568;0.999533590836713;-0.030538513209822475;979.4427892510244;2560.634743139933;1.5811919538889088
2026-08-14 06:22:48;839996207;38.27;1011.33;0.0;118.52;21.28;118.95374999999999;118.66;118.81;118.24;-0.14000000000000057;0.9953961983671789;-0.09584575252022395;972.7698119794801;2541.859973816253;1.569090161836773
2026-08-14 06:37:48;839997107;38.52;1011.26;0.0;117.39;21.17;118.7925;118.52;118.66;118.81;-1.1299999999999955;0.9869963665602319;-0.160742565603826;972.5356085750437;2524.7549547638723;1.5522193461888287
2026-08-14 06:52:48;839998007;38.46;1011.23;0.0;117.25;21.18;118.613125;117.39;118.52;118.66;-0.14000000000000057;0.9743700647852352;-0.22495105434386503;971.6170994010638;2526.3055106631923;1.5546884112621284
2026-08-14 07:07:48;839998907;38.78;1011.14;0.0;117.25;21.13;118.48;117.25;117.39;118.52;0.0;0.9575713608048145;-0.28819626813408905;976.6972805205817;2518.5592586915463;1.5418619781709646
2026-08-14 07:22:48;839999807;38.57;1011.05;0.0;116.84;21.21;118.26625;117.25;117.25;117.39;-0.4099999999999966;0.9366721892483977;-0.3502073812594673;976.191851393968;2530.9615021881464;1.5547696507941782
2026-08-14 07:37:48;840000707;38.3;1011.03;0.0;116.43;21.37;118.126875;116.84;117.25;117.25;-0.4099999999999966;0.9117620435770886;-0.4107188526134773;978.9202741898945;2555.9276088508996;1.5770073346610052
2026-08-14 07:52:48;840001607;38.55;1011.15;0.0;116.29;21.51;117.97874999999999;116.43;116.84;117.25;-0.14000000000000057;0.8829475928589269;-0.4694715627858909;993.7999083260762;2577.9504755540243;1.5841505672279481
2026-08-14 08:07:48;840002507;38.85;1011.16;0.0;116.02;21.77;117.786875;116.29;116.43;116.84;-0.27000000000001023;0.8503522249955628;-0.5262139236518696;1017.5938423553598;2619.2891695118656;1.6016953271565058
2026-08-14 08:22:48;840003407;38.54;1011.16;0.0;114.3;22.18;117.514375;116.02;116.29;116.43;-1.7199999999999989;0.8141155183563192;-0.5807029557109398;1035.051562230934;2685.655324937556;1.6506037627066221
2026-08-14 08:37:48;840004307;37.4;1010.97;0.0;112.27;22.74;117.09687500000001;114.3;116.02;116.29;-2.030000000000001;0.7743926440821857;-0.632705328562516;1039.223994747428;2778.673782747134;1.739449787999706
2026-08-14 08:52:48;840005207;36.05;1010.93;0.0;111.66;23.23;116.685625;112.27;114.3;116.02;-0.6099999999999994;0.7313537016191706;-0.6819983600624984;1031.8821121887975;2862.363695391949;1.8304815832031516
2026-08-14 09:07:48;840006107;34.65;1011.01;0.0;110.94;23.75;116.203125;111.66;112.27;114.3;-0.7199999999999989;0.685182990326359;-0.7283709698824004;1023.4153078498229;2953.579532034121;1.9301642241842978
2026-08-14 09:22:48;840007007;33.64;1010.89;0.0;109.3;24.43;115.63562499999999;110.94;111.66;112.27;-1.6400000000000006;0.6360782202777638;-0.77162458338772;1034.9967888149001;3076.68486568044;2.04168807686554
2026-08-14 09:37:48;840007907;32.33;1010.65;0.0;109.3;24.88;115.07687499999999;109.3;110.94;111.66;0.0;0.5842496656374344;-0.8115739819650123;1021.8195136019411;3160.59237117829;2.1387728575763485
2026-08-14 09:52:48;840008807;31.96;1010.51;0.0;109.07;25.32;114.468125;109.3;109.3;110.94;-0.23000000000000398;0.5299192642332049;-0.848048096156426;1036.9615694318165;3244.560605230965;2.2075990357991486
2026-08-14 10:07:48;840009707;31.15;1010.47;0.0;109.53;25.86;113.89750000000001;109.07;109.3;109.3;0.46000000000000796;0.4733196671848435;-0.8808907382053855;1043.6089078324733;3350.269367038437;2.306660459205964
2026-08-14 10:22:48;840010607;30.22;1010.47;0.0;109.3;26.35;113.32125;109.53;109.07;109.3;-0.23000000000000398;0.4146932426562392;-0.9099612708765431;1042.2207094967744;3448.777993040286;2.406557283543512
2026-08-14 10:37:48;840011507;29.18;1010.41;0.0;108.74;26.94;112.780625;109.3;109.53;109.07;-0.5600000000000023;0.35429103799771566;-0.9351352096860118;1041.9401413733433;3570.733863513856;2.5287937221405126
2026-08-14 10:52:48;840012407;28.67;1010.26;0.0;107.42;27.6;112.16625;108.74;109.3;109.53;-1.3199999999999932;0.2923717047227366;-0.9563047559630355;1064.1150184840717;3711.5975531359322;2.6474825346518607
2026-08-14 11:07:48;840013307;26.75;1010.18;0.0;107.96;28.4;111.585625;107.42;108.74;109.3;0.539999999999992;0.22920039092241454;-0.9733792584604484;1040.2578931879546;3888.814553973661;2.8485566607857065
2026-08-14 11:22:48;840014207;26.33;1010.1;0.0;108.85;28.97;111.08625;107.96;107.42;108.74;0.8900000000000006;0.16504760586067765;-0.9862856015372314;1058.3435897652973;4019.535092158365;2.961191502393068
2026-08-14 11:37:48;840015107;24.95;1009.9;0.0;105.23;29.73;110.38625;108.85;107.96;107.42;-3.6199999999999903;0.10018806161207638;-0.9949685182509117;1047.8423240893726;4199.768834025542;3.1519265099361693
2026-08-14 11:52:48;840016007;24.96;1009.72;0.0;103.86;30.61;109.609375;105.23;108.85;107.96;-1.3700000000000045;0.0348994967025007;-0.9993908270190958;1102.53571747007;4417.210406530729;3.3146746890606593
2026-08-14 12:07:48;840016907;18.55;1009.65;0.0;103.57;36.09;108.83125;103.86;105.23;108.85;-0.29000000000000625;-0.030538513209822857;-0.9995335908367129;1113.8765382834115;6004.7252737650215;4.89084873548161
2026-08-14 12:22:48;840017807;21.17;1009.49;0.0;103.1;33.41;108.13125;103.57;103.86;105.23;-0.46999999999999886;-0.09584575252022366;-0.9953961983671789;1095.6607313365412;5175.5348669652385;4.079874135628697
2026-08-14 12:37:48;840018707;21.38;1009.48;0.0;102.92;32.86;107.54687499999999;103.1;103.57;103.86;-0.1799999999999926;-0.16074256560382613;-0.9869963665602319;1072.9011747450884;5018.246841651489;3.945345666906401
2026-08-14 12:52:48;840019607;20.99;1009.39;0.0;105.23;32.84;107.145;102.92;103.1;103.57;2.3100000000000023;-0.22495105434386498;-0.9743700647852352;1052.145814944379;5012.605121221434;3.9604593062770554
2026-08-14 13:07:48;840020507;21.52;1009.29;0.0;103.76;32.96;106.69624999999999;105.23;102.92;103.1;-1.4699999999999989;-0.2881962681340892;-0.9575713608048144;1086.0130999261282;5046.529274749666;3.9605161748235376
2026-08-14 13:22:48;840021407;21.68;1009.1;0.0;104.15;33.3;106.374375;103.76;105.23;102.92;0.39000000000000057;-0.3502073812594677;-0.9366721892483976;1115.1614989777704;5143.733851373479;4.028572352395709
2026-08-14 13:37:48;840022307;21.6;1008.97;0.0;103.86;33.59;106.03437500000001;104.15;103.76;105.23;-0.29000000000000625;-0.410718852613477;-0.9117620435770887;1129.2316520788982;5227.924315180084;4.098692663101185
2026-08-14 13:52:48;840023207;21.08;1008.66;0.0;105.03;33.83;105.781875;103.86;104.15;103.76;1.1700000000000017;-0.46947156278589086;-0.8829475928589269;1116.923395360404;5298.498080457324;4.181574685096921
2026-08-14 14:07:48;840024107;20.7;1008.44;40.0;141.32;33.9;107.76875;105.03;103.86;104.15;36.28999999999999;-0.5262139236518696;-0.8503522249955628;1101.0817033053684;5319.235281668447;4.218153578363079
2026-08-14 14:22:48;840025007;20.49;1008.4;0.0;144.25;34.03;109.953125;141.32;105.03;103.86;2.930000000000007;-0.5807029557109398;-0.8141155183563192;1097.8418172464567;5357.939566844591;4.260097749598135
2026-08-14 14:37:48;840025907;20.6;1008.35;0.0;135.22;34.18;111.608125;144.25;141.32;105.03;-9.030000000000001;-0.6327053285625163;-0.7743926440821854;1112.9977528080394;5402.901712660385;4.289903959852345
2026-08-14 14:52:48;840026807;20.34;1008.07;0.0;133.9;34.25;113.26312499999999;135.22;144.25;141.32;-1.3199999999999932;-0.6819983600624984;-0.7313537016191706;1103.2399691974667;5423.99198228843;4.320752013090964
2026-08-14 15:07:48;840027707;19.53;1007.96;0.0;132.43;34.23;114.7925;133.9;135.22;144.25;-1.4699999999999989;-0.7283709698824001;-0.6851829903263593;1058.126821738489;5417.956076489959;4.35982925475147
2026-08-14 15:22:48;840028607;20.45;1007.76;0.0;133.17;34.16;116.3125;132.43;133.9;135.22;0.7399999999999807;-0.77162458338772;-0.6360782202777638;1103.6617608656882;5396.8790262380835;4.2932172653723955
2026-08-14 15:37:48;840029507;19.58;1007.75;0.0;134.28;34.25;118.128125;133.17;132.43;133.9;1.1100000000000136;-0.8115739819650121;-0.5842496656374347;1062.016692695167;5423.98719456163;4.3619705018664625
2026-08-14 15:52:48;840030407;19.31;1007.78;0.0;134.09;34.34;120.0175;134.28;133.17;132.43;-0.18999999999999773;-0.848048096156426;-0.529919264233205;1052.6294246592468;5451.214006521216;4.398584581861969
2026-08-14 16:07:48;840031307;19.56;1007.67;0.0;135.03;34.32;121.98375;134.09;134.28;133.17;0.9399999999999977;-0.8808907382053857;-0.47331966718484314;1065.071697672475;5445.151828591385;4.38008013091891
2026-08-14 16:22:48;840032207;19.2;1007.53;0.0;131.71;34.34;123.771875;135.03;134.09;134.28;-3.319999999999993;-0.9099612708765431;-0.41469324265623925;1046.6323677103733;5451.210248491528;4.404577880781154
2026-08-14 16:37:48;840033107;18.7;1007.48;0.0;138.11;34.31;125.97125000000001;131.71;135.03;134.09;6.400000000000006;-0.9351352096860117;-0.3542910379977157;1017.6766096404815;5442.12090716835;4.424444297527868
2026-08-14 16:52:48;840034007;18.75;1007.29;0.0;137.91;34.19;128.01375000000002;138.11;131.71;135.03;-0.20000000000001705;-0.9563047559630353;-0.2923717047227371;1013.6053185619112;5405.895032330193;4.392289713768282
2026-08-14 17:07:48;840034907;19.08;1007.25;0.0;137.72;34.1;130.13625000000002;137.91;138.11;131.71;-0.18999999999999773;-0.9733792584604485;-0.22920039092241415;1026.287367956122;5378.864611929361;4.352577243973239
2026-08-14 17:22:48;840035807;19.26;1007.27;0.0;139.7;33.96;132.358125;137.72;137.91;138.11;1.9799999999999898;-0.9862856015372314;-0.1650476058606773;1027.9161333619286;5337.051575087894;4.3091354417259655
2026-08-14 17:37:48;840036707;19.39;1007.25;0.0;137.91;33.8;134.48624999999998;139.7;137.72;137.91;-1.789999999999992;-0.9949685182509117;-0.10018806161207644;1025.6554216450538;5289.610219933233;4.263954798288179
2026-08-14 17:52:48;840037607;19.46;1007.08;0.0;140.1;33.55;136.678125;137.91;139.7;137.72;2.1899999999999977;-0.9993908270190958;-0.03489949670250076;1015.0751819010945;5216.21367883399;4.201138496932896
2026-08-14 18:07:48;840038507;20.39;1007.06;0.0;138.11;33.39;136.4775;140.1;137.91;139.7;-1.9899999999999807;-0.999533590836713;0.030538513209822354;1054.1031454544468;5169.706451468597;4.115603306014151
2026-08-14 18:22:48;840039407;20.19;1006.93;0.0;138.7;33.24;136.130625;138.11;140.1;137.91;0.589999999999975;-0.9953961983671789;0.09584575252022405;1035.0265516267953;5126.431657388782;4.091405105761987
2026-08-14 18:37:48;840040307;20.78;1006.92;0.0;136.17;33.09;136.19;138.7;138.11;140.1;-2.530000000000001;-0.9869963665602318;0.16074256560382652;1056.345765496706;5083.473366201665;4.027127600704959
2026-08-14 18:52:48;840041207;20.85;1006.9;0.0;135.41;32.94;136.284375;136.17;138.7;138.11;-0.7599999999999909;-0.9743700647852352;0.22495105434386492;1051.012598047698;5040.827808382244;3.9898152103345463
2026-08-14 19:07:48;840042107;21.29;1006.8;0.0;135.98;32.81;136.50625;135.41;136.17;138.7;0.5699999999999932;-0.9575713608048146;0.2881962681340887;1065.3768897335308;5004.118786911841;3.9387418971783106
2026-08-14 19:22:48;840043007;21.39;1006.83;0.0;135.98;32.53;136.68187500000002;135.98;135.41;136.17;0.0;-0.9366721892483977;0.3502073812594672;1053.6380613263284;4925.844138973017;3.872206077646689
2026-08-14 19:37:48;840043907;21.81;1006.74;0.0;138.51;32.26;136.94625;135.98;135.98;135.41;2.530000000000001;-0.9117620435770886;0.4107188526134774;1058.0843885811023;4851.372712430547;3.7932883238494446
2026-08-14 19:52:48;840044807;22.65;1006.77;0.0;135.6;32.05;137.04062499999998;138.51;135.98;135.98;-2.9099999999999966;-0.8829475928589268;0.4694715627858912;1085.8704209169139;4794.12989367291;3.708259472755996
2026-08-14 20:07:48;840045707;23.15;1006.65;0.0;134.46;31.66;137.005;135.6;138.51;135.98;-1.1399999999999864;-0.8503522249955628;0.5262139236518695;1085.5902902092594;4689.374903711703;3.6037846135024436
2026-08-14 20:22:48;840046607;24.86;1006.68;0.0;135.41;31.3;137.23625;134.46;135.6;138.51;0.9499999999999886;-0.8141155183563196;0.5807029557109393;1142.1805461962608;4594.451111006681;3.4522705648104197
2026-08-14 20:37:48;840047507;26.57;1006.63;0.0;134.84;30.88;137.03187499999999;135.41;134.46;135.6;-0.5699999999999932;-0.7743926440821857;0.6327053285625159;1191.8824845066795;4485.820415907714;3.2939379314010346
2026-08-14 20:52:48;840048407;27.7;1006.62;0.0;137.72;30.44;137.02;134.84;135.41;134.46;2.8799999999999955;-0.7313537016191703;0.6819983600624986;1211.7141568094455;4374.419338662258;3.1627051818528127
2026-08-14 21:07:48;840049307;29.48;1006.77;0.0;135.41;30.04;136.87562499999999;137.72;134.84;135.41;-2.3100000000000023;-0.6851829903263593;0.7283709698824;1260.3417662586269;4275.243440497377;3.01490167423875
2026-08-14 21:22:48;840050207;30.45;1006.73;0.0;137.72;29.58;136.75187499999998;135.41;137.72;134.84;2.3100000000000023;-0.6360782202777646;0.7716245833877194;1267.8198544072927;4163.6120013375785;2.8957921469302854
2026-08-14 21:37:48;840051107;31.43;1006.86;0.0;134.65;29.25;136.548125;137.72;135.41;137.72;-3.069999999999993;-0.5842496656374341;0.8115739819650125;1283.9472842086975;4085.101126976447;2.8011538427677496
2026-08-14 21:52:48;840052007;31.93;1006.97;0.0;138.51;28.76;136.44875;134.65;137.72;135.41;3.859999999999985;-0.529919264233205;0.8480480961564258;1267.9087265567027;3970.9011166824394;2.7029923901257367
2026-08-14 22:07:48;840052907;32.72;1007.03;0.0;138.9;28.38;136.498125;138.51;134.65;137.72;0.3900000000000148;-0.4733196671848432;0.8808907382053857;1270.9302589510078;3884.2611826131047;2.613330923662097
2026-08-14 22:22:48;840053807;33.44;1007.15;0.0;140.31;28.11;136.59875;138.9;138.51;134.65;1.4099999999999966;-0.4146932426562393;0.9099612708765431;1278.6475915536494;3823.706912540818;2.5450593209871686
2026-08-14 22:37:48;840054707;34.65;1007.16;0.0;140.31;27.53;136.8575;140.31;138.9;138.51;0.0;-0.3542910379977166;0.9351352096860114;1280.802125404229;3696.398630315235;2.415596504911006
2026-08-14 22:52:48;840055607;35.09;1007.18;0.0;140.71;27.18;137.18875;140.31;140.31;138.9;0.4000000000000057;-0.29237170472273627;0.9563047559630357;1270.7405982579846;3621.375315639739;2.350634717381754
2026-08-14 23:07:48;840056507;35.23;1007.29;0.0;141.32;27.1;137.5225;140.71;140.31;140.31;0.6099999999999852;-0.22920039092241423;0.9733792584604485;1269.835675652914;3604.415769664815;2.334580094011901
2026-08-14 23:22:48;840057407;35.85;1007.14;0.0;141.32;27.03;137.85625;141.32;140.71;140.31;0.0;-0.16504760586067735;0.9862856015372314;1286.8825242333285;3589.630472059493;2.3027479478261648
2026-08-14 23:37:48;840058307;36.29;1007.13;0.0;142.98;27.06;138.13562499999998;141.32;141.32;140.71;1.6599999999999966;-0.1001880616120765;0.9949685182509117;1304.9738036560314;3595.959778605763;2.2909859749497317
2026-08-14 23:52:48;840059207;36.44;1007.2;0.0;142.56;26.54;138.570625;142.98;141.32;141.32;-0.4199999999999875;-0.03489949670250171;0.9993908270190957;1270.8875090105744;3487.616654803991;2.2167291457934164
2026-08-15 00:07:48;840060107;37.22;1007.12;0.0;144.03;26.59;139.16875;142.56;142.98;141.32;1.4699999999999989;0.03053851320982266;0.9995335908367129;1301.9214858957375;3497.9083446956947;2.1959868587999574
2026-08-15 00:22:48;840061007;37.51;1007.08;0.0;144.25;26.39;139.72125;144.03;142.56;142.98;0.21999999999999886;0.09584575252022397;0.9953961983671789;1296.6817891479163;3456.89626539034;2.1602144762424236
2026-08-15 00:37:48;840061907;38.72;1007.18;0.0;144.46;25.63;140.3225;144.25;144.03;142.56;0.21000000000000796;0.1607425656038261;0.9869963665602319;1279.6387112704942;3304.8520435704913;2.0252133322999972
2026-08-15 00:52:48;840062807;38.24;1007.2;0.0;143.82;25.73;140.70375;144.46;144.25;144.03;-0.6400000000000148;0.224951054343865;0.9743700647852352;1271.295973154435;3324.518758249045;2.05322278509461
2026-08-15 01:07:48;840063707;39.36;1007.21;0.0;143.61;25.63;141.21625;143.82;144.46;144.25;-0.20999999999997954;0.28819626813408933;0.9575713608048144;1300.7898768549285;3304.852329407847;2.0040624525529185
2026-08-15 01:22:48;840064607;39.47;1007.26;0.0;144.46;25.51;141.6375;143.61;143.82;144.46;0.8499999999999943;0.35020738125946743;0.9366721892483976;1295.163456528134;3281.3870193264106;1.9862235627982765
2026-08-15 01:37:48;840065507;39.76;1007.09;0.0;143.61;25.5;142.1975;144.46;143.61;143.82;-0.8499999999999943;0.4107188526134773;0.9117620435770886;1303.9039552782476;3279.4365072390533;1.9755325519608056
2026-08-15 01:52:48;840066407;39.7;1006.8;0.0;143.61;25.32;142.51625;143.61;144.46;143.61;0.0;0.4694715627858908;0.882947592858927;1288.076756509775;3244.5258350372164;1.9564490785274415
2026-08-15 02:07:48;840067307;40.55;1006.84;0.0;144.03;25.16;142.836875;143.61;143.61;144.46;0.4199999999999875;0.5262139236518696;0.8503522249955628;1303.183573594473;3213.769601959243;1.91058602836477
2026-08-15 02:22:48;840068207;41.96;1006.71;0.0;143.4;24.73;143.03;144.03;143.61;143.61;-0.6299999999999955;0.5807029557109398;0.8141155183563192;1314.3413826025555;3132.367451388359;1.8180260687858034
2026-08-15 02:37:48;840069107;42.0;1006.85;0.0;141.74;24.55;143.11937500000002;143.4;144.03;143.61;-1.6599999999999966;0.632705328562516;0.7743926440821856;1301.5094443838707;3098.832010437787;1.7973225660539165
2026-08-15 02:52:48;840070007;42.37;1006.7;0.0;142.36;24.38;143.22250000000003;141.74;143.4;144.03;0.6200000000000045;0.6819983600624985;0.7313537016191706;1299.6766143224472;3067.4453960879096;1.7677687817654624
2026-08-15 03:07:48;840070907;43.02;1006.56;0.0;141.74;24.16;143.24875;142.36;141.74;143.4;-0.6200000000000045;0.7283709698824002;0.6851829903263592;1302.3187276257495;3027.240185090073;1.7249214574643232
2026-08-15 03:22:48;840071807;43.28;1006.59;0.0;142.15;24.12;143.300625;141.74;142.36;141.74;0.4099999999999966;0.7716245833877199;0.6360782202777641;1307.0474702871447;3019.9802917909997;1.7129328215038548
2026-08-15 03:37:48;840072707;44.0;1006.58;0.0;140.71;23.88;143.15875000000003;142.15;141.74;142.36;-1.4399999999999977;0.8115739819650123;0.5842496656374344;1309.7646097752277;2976.7377494891534;1.6669731397139258
2026-08-15 03:52:48;840073607;44.38;1006.43;0.0;140.71;23.77;143.043125;140.71;142.15;141.74;0.0;0.8480480961564258;0.5299192642332051;1312.3602784309949;2957.0984191775456;1.6447381407465507
2026-08-15 04:07:48;840074507;45.08;1006.43;0.0;140.71;23.41;142.83562500000002;140.71;140.71;142.15;0.0;0.8808907382053854;0.4733196671848436;1304.4427733477708;2893.617509644567;1.589174736296796
2026-08-15 04:22:48;840075407;46.07;1006.43;0.0;140.71;23.01;142.61437500000002;140.71;140.71;140.71;0.0;0.9099612708765432;0.41469324265623914;1301.2391469717506;2824.482628547321;1.5232434815755702
2026-08-15 04:37:48;840076307;46.19;1006.5;0.0;140.71;23.07;142.38;140.71;140.71;140.71;0.0;0.9351352096860117;0.3542910379977158;1309.3758763542296;2834.7605030401164;1.5253846266858868
2026-08-15 04:52:48;840077207;46.52;1006.54;0.0;139.5;22.88;142.11;140.71;140.71;140.71;-1.210000000000008;0.9563047559630354;0.29237170472273677;1303.6428515430475;2802.3277118294227;1.4986848602863752
2026-08-15 05:07:48;840078107;46.72;1006.7;0.0;135.6;22.84;141.60937500000003;139.5;140.71;140.71;-3.9000000000000057;0.9733792584604485;0.22920039092241426;1306.077446148846;2795.542478914482;1.489465032765636
2026-08-15 05:22:48;840079007;46.51;1006.72;0.0;139.5;22.8;141.29937500000003;135.6;139.5;140.71;3.9000000000000057;0.9862856015372313;0.16504760586067782;1297.057142441316;2788.770463215042;1.491713320773726
2026-08-15 05:37:48;840079907;46.76;1006.72;0.0;138.51;22.65;140.980625;139.5;135.6;139.5;-0.9900000000000091;0.9949685182509117;0.10018806161207632;1292.213690081229;2763.5023312258963;1.4712886411446673
2026-08-15 05:52:48;840080807;47.28;1006.73;0.0;137.91;22.53;140.624375;138.51;139.5;135.6;-0.5999999999999943;0.9993908270190958;0.03489949670250086;1297.0947598586658;2743.4322332036077;1.446337473344942
2026-08-15 06:07:48;840081707;47.77;1006.69;0.0;138.51;22.29;140.27937500000002;137.91;138.51;139.5;0.5999999999999943;0.999533590836713;-0.030538513209822475;1291.544834199305;2703.6735068019775;1.4121286726026727
2026-08-15 06:22:48;840082607;47.85;1006.74;0.0;134.28;22.31;139.70937500000002;138.51;137.91;138.51;-4.22999999999999;0.9953961983671789;-0.09584575252022395;1295.2840700724544;2706.967753547449;1.4116836834749944
2026-08-15 06:37:48;840083507;48.27;1006.96;0.0;132.43;22.26;139.1275;134.28;138.51;137.91;-1.8499999999999943;0.9869963665602319;-0.160742565603826;1302.6825000185552;2698.7414543578934;1.3960589543393382
2026-08-15 06:52:48;840084407;48.51;1006.94;0.0;130.64;22.24;138.395;132.43;134.28;138.51;-1.7900000000000205;0.9743700647852352;-0.22495105434386503;1307.5658034638743;2695.456201739589;1.3878903982757145
2026-08-15 07:07:48;840085307;48.24;1007.1;0.0;129.07;22.44;137.603125;130.64;132.43;134.28;-1.5699999999999932;0.9575713608048145;-0.28819626813408905;1316.212148282507;2728.4663107017145;1.4122541624192075
2026-08-15 07:22:48;840086207;48.59;1007.12;0.0;129.59;22.52;136.818125;129.07;130.64;132.43;0.5200000000000102;0.9366721892483977;-0.3502073812594673;1332.225378328973;2741.768632082677;1.409543253753704
2026-08-15 07:37:48;840087107;49.36;1007.26;0.0;128.72;22.51;136.06875;129.59;129.07;130.64;-0.8700000000000045;0.9117620435770886;-0.4107188526134773;1352.5152833676761;2740.103896611986;1.3875886132443098
2026-08-15 07:52:48;840088007;50.14;1007.22;0.0;128.72;22.52;135.319375;128.72;129.59;129.07;0.0;0.8829475928589269;-0.4694715627858909;1374.7231967286639;2741.76943902805;1.367046242299386
2026-08-15 08:07:48;840088907;50.93;1007.22;0.0;128.72;22.59;134.57;128.72;128.72;129.59;0.0;0.8503522249955628;-0.5262139236518696;1402.3347872166096;2753.455305746337;1.3511205185297277
2026-08-15 08:22:48;840089807;50.96;1007.35;0.0;126.86;22.82;133.704375;128.72;128.72;128.72;-1.8599999999999994;0.8141155183563192;-0.5807029557109398;1422.8846977914209;2792.1599250224112;1.3692752272309903
2026-08-15 08:37:48;840090707;50.67;1007.38;0.0;126.2;23.32;132.79749999999999;126.86;128.72;128.72;-0.6599999999999966;0.7743926440821857;-0.632705328562516;1458.253506725702;2877.94258284133;1.419689076115628
2026-08-15 08:52:48;840091607;49.74;1007.36;0.0;127.03;23.67;132.018125;126.2;126.86;128.72;0.8299999999999983;0.7313537016191706;-0.6819983600624984;1462.0336603039786;2939.3519507518668;1.477318290447888
2026-08-15 09:07:48;840092507;50.49;1007.76;0.0;126.86;23.54;131.471875;127.03;126.2;126.86;-0.1700000000000017;0.685182990326359;-0.7283709698824004;1472.4973177716736;2916.4137804945008;1.4439164627228271
2026-08-15 09:22:48;840093407;51.39;1007.95;0.0;127.7;23.49;130.734375;126.86;127.03;126.2;0.8400000000000034;0.6360782202777638;-0.77162458338772;1494.2328284400091;2907.6334470519732;1.413400618611964
2026-08-15 09:37:48;840094307;50.82;1007.93;0.0;126.69;23.96;129.99562500000002;127.7;126.86;127.03;-1.0100000000000051;0.5842496656374344;-0.8115739819650123;1520.078637714126;2991.103183223389;1.471024545509263
2026-08-15 09:52:48;840095207;51.71;1008.1;0.0;127.2;23.5;129.32625;126.69;127.7;126.86;0.5100000000000051;0.5299192642332049;-0.848048096156426;1504.44518777202;2909.389262757726;1.404944074985706
2026-08-15 10:07:48;840096107;52.18;1008.23;0.0;127.53;23.56;128.64;127.2;126.69;127.7;0.3299999999999983;0.4733196671848435;-0.8808907382053855;1523.6231544579427;2919.9370533881615;1.3963138989302188
2026-08-15 10:22:48;840097007;50.14;1008.25;0.0;125.54;24.07;128.09375;127.53;127.2;126.69;-1.9899999999999949;0.4146932426562392;-0.9099612708765431;1509.6858364623954;3010.9410380183394;1.501255201555944
2026-08-15 10:37:48;840097907;47.7;1009.04;0.0;126.2;24.02;127.704375;125.54;127.53;127.2;0.6599999999999966;0.35429103799771566;-0.9351352096860118;1431.9147965798973;3001.917812536472;1.5700030159565748
2026-08-15 10:52:48;840098807;49.53;1009.31;0.0;128.21;23.71;127.55250000000001;126.2;125.54;127.53;2.010000000000005;0.2923717047227366;-0.9563047559630355;1459.381298509473;2946.45931457596;1.487078016066487
2026-08-15 11:07:48;840099707;44.67;1008.92;0.0;127.03;24.16;127.425;128.21;126.2;125.54;-1.1800000000000068;0.22920039092241454;-0.9733792584604484;1352.2774792275914;3027.260978794697;1.6749834995671058
2026-08-15 11:22:48;840100607;46.27;1008.3;0.0;126.36;24.17;127.223125;127.03;128.21;126.2;-0.6700000000000017;0.16504760586067765;-0.9862856015372314;1401.5520509464127;3029.0729434761456;1.6275208925297329
2026-08-15 11:37:48;840101507;48.2;1007.91;0.0;127.87;23.98;127.17;126.36;127.03;128.21;1.5100000000000051;0.10018806161207638;-0.9949685182509117;1443.4458188844928;2994.700869054964;1.5512550501704714
2026-08-15 11:52:48;840102407;47.38;1008.04;0.0;126.03;24.03;127.001875;127.87;126.36;127.03;-1.8400000000000034;0.0348994967025007;-0.9993908270190958;1423.1593135112314;3003.713198630712;1.580553885119481
2026-08-15 12:07:48;840103307;46.74;1008.06;0.0;126.03;24.45;126.83375;126.03;127.87;126.36;0.0;-0.030538513209822857;-0.9995335908367129;1439.7542502217511;3080.3471335510294;1.6405928833292782
2026-08-15 12:22:48;840104207;45.43;1008.17;0.0;124.09;25.03;126.660625;126.03;126.03;127.87;-1.9399999999999977;-0.09584575252022366;-0.9953961983671789;1448.7535245702993;3188.979803148359;1.74022627857806
2026-08-15 12:37:48;840105107;44.58;1008.04;0.0;124.41;25.4;126.54875;124.09;126.03;126.03;0.3199999999999932;-0.16074256560382613;-0.9869963665602319;1453.3133063501011;3260.011902983628;1.8066985966335267
2026-08-15 12:52:48;840106007;42.93;1008.38;0.0;121.01;26.23;126.1725;124.41;124.09;126.03;-3.3999999999999915;-0.22495105434386498;-0.9743700647852352;1470.09588413727;3424.4022458357094;1.9543063616984393
2026-08-15 13:07:48;840106907;43.64;1008.32;0.0;123.46;25.98;125.96000000000001;121.01;124.41;124.09;2.4499999999999886;-0.2881962681340892;-0.9575713608048144;1472.4761198331623;3374.143262679107;1.9016671428459446
2026-08-15 13:22:48;840107807;42.19;1008.0;0.0;121.61;26.64;125.579375;123.46;121.01;124.41;-1.8499999999999943;-0.3502073812594677;-0.9366721892483976;1480.124833302267;3508.2361538332943;2.0281113205310275
2026-08-15 13:37:48;840108707;41.4;1007.9;0.0;119.53;27.22;125.13187500000001;121.61;123.46;121.01;-2.0799999999999983;-0.410718852613477;-0.9117620435770887;1502.7741168835723;3629.8891712163586;2.127115054332786
2026-08-15 13:52:48;840109607;40.65;1007.91;0.0;121.91;27.4;124.80125;119.53;121.61;123.46;2.3799999999999955;-0.46947156278589086;-0.8829475928589269;1491.1980939155924;3668.3839948723066;2.1771859009567143
2026-08-15 14:07:48;840110507;41.78;1007.99;0.0;121.91;26.91;124.45;121.91;119.53;121.61;0.0;-0.5262139236518696;-0.8503522249955628;1489.2140526744067;3564.418508076608;2.0752044554022016
2026-08-15 14:22:48;840111407;41.94;1008.19;0.0;122.53;26.89;124.261875;121.91;121.91;119.53;0.6200000000000045;-0.5807029557109398;-0.8141155183563192;1493.161364022373;3560.232150744809;2.0670707867224363
2026-08-15 14:37:48;840112307;41.89;1008.39;0.0;123.62;26.98;124.100625;122.53;121.91;121.91;1.0900000000000034;-0.6327053285625163;-0.7743926440821854;1499.2916197358006;3579.1158265356903;2.07982420679989
2026-08-15 14:52:48;840113207;43.42;1008.24;0.0;123.46;26.67;123.80375;123.62;122.53;121.91;-0.1600000000000108;-0.6819983600624984;-0.7313537016191706;1525.9710177287227;3514.442693986003;1.9884716762572805
2026-08-15 15:07:48;840114107;43.8;1008.38;0.0;124.25;26.26;123.63;123.46;123.62;122.53;0.7900000000000063;-0.7283709698824001;-0.6851829903263593;1502.5488845052112;3430.47690526304;1.9279280207578289
2026-08-15 15:22:48;840115007;49.62;1008.59;0.0;125.54;25.67;123.57875;124.25;123.46;123.62;1.2900000000000063;-0.77162458338772;-0.6360782202777638;1643.7716149140076;3312.719901076194;1.6689482861621867
2026-08-15 15:37:48;840115907;50.79;1007.91;0.0;126.53;25.68;123.495;125.54;124.25;123.46;0.9899999999999949;-0.8115739819650121;-0.5842496656374347;1683.525745365013;3314.6795537802973;1.6311538084152841
2026-08-15 15:52:48;840116807;52.56;1008.12;0.0;125.06;25.75;123.434375;126.53;125.54;124.25;-1.4699999999999989;-0.848048096156426;-0.529919264233205;1749.4454682485884;3328.4731131061417;1.5790276448575533
2026-08-15 16:07:48;840117707;53.29;1008.57;0.0;125.54;25.66;123.40375;125.06;126.53;125.54;0.480000000000004;-0.8808907382053857;-0.47331966718484314;1764.3011152117326;3310.754579117531;1.5464534639057985
2026-08-15 16:22:48;840118607;55.02;1008.9;0.0;126.03;25.39;123.525;125.54;125.06;126.53;0.4899999999999949;-0.9099612708765431;-0.41469324265623925;1792.5968110367446;3258.082172004261;1.4654853609675162
2026-08-15 16:37:48;840119507;60.84;1009.25;0.0;125.71;25.13;123.60625;126.03;125.54;125.06;-0.3200000000000074;-0.9351352096860117;-0.3542910379977157;1951.7797579439189;3208.0535140432585;1.2562737560993396
2026-08-15 16:52:48;840120407;62.94;1009.19;0.0;127.03;24.95;123.9825;125.71;126.03;125.54;1.3200000000000074;-0.9563047559630353;-0.2923717047227371;1997.5956929644226;3173.8094899339417;1.176213796969519
2026-08-15 17:07:48;840121307;64.29;1009.35;0.0;124.25;24.69;124.031875;127.03;125.71;126.03;-2.780000000000001;-0.9733792584604485;-0.22920039092241415;2009.0056177691672;3124.9115224283205;1.1159059046591533
2026-08-15 17:22:48;840122207;65.09;1009.26;0.0;126.53;24.62;124.339375;124.25;127.03;125.71;2.280000000000001;-0.9862856015372314;-0.1650476058606773;2025.5086246999288;3111.858387924303;1.0863497632243742
2026-08-15 17:37:48;840123107;63.73;1008.91;0.0;128.21;24.54;124.88187500000001;126.53;124.25;127.03;1.6800000000000068;-0.9949685182509117;-0.10018806161207644;1973.715938984193;3096.996609107474;1.123280670123281
2026-08-15 17:52:48;840124007;67.4;1008.05;0.0;127.03;23.77;125.201875;128.21;126.53;124.25;-1.1800000000000068;-0.9993908270190958;-0.03489949670250076;1993.0937566471105;2957.112398586217;0.9640186419391064
2026-08-15 18:07:48;840124907;68.79;1007.79;0.0;119.38;23.34;125.04375;127.03;128.21;126.53;-7.650000000000006;-0.999533590836713;0.030538513209822354;1982.1320586857007;2881.4247109837193;0.8992926522980186
2026-08-15 18:22:48;840125807;71.92;1007.72;0.0;120.26;22.63;124.901875;119.38;127.03;128.21;0.8800000000000097;-0.9953961983671789;0.09584575252022405;1985.104578051029;2760.1565323290165;0.7750519542779876
2026-08-15 18:37:48;840126707;72.24;1007.09;0.0;124.41;22.2;124.95125;120.26;119.38;127.03;4.1499999999999915;-0.9869963665602318;0.16074256560382652;1942.4596931631083;2688.897692639962;0.7464379994768535
2026-08-15 18:52:48;840127607;71.47;1007.13;0.0;125.87;22.31;125.101875;124.41;120.26;119.38;1.460000000000008;-0.9743700647852352;0.22495105434386492;1934.672077396301;2706.970865252975;0.7722987878566739
2026-08-15 19:07:48;840128507;71.5;1007.47;0.0;125.22;22.23;125.16250000000001;125.87;124.41;120.26;-0.6500000000000057;-0.9575713608048146;0.2881962681340887;1926.0807116373512;2693.8191771151764;0.7677384654778252
2026-08-15 19:22:48;840129407;72.02;1007.88;0.0;124.41;22.42;125.091875;125.22;125.87;124.41;-0.8100000000000023;-0.9366721892483977;0.3502073812594672;1962.657250784673;2725.155860572998;0.762498609788325
2026-08-15 19:37:48;840130307;71.18;1008.09;0.0;123.78;22.69;124.92;124.41;125.22;125.87;-0.6299999999999955;-0.9117620435770886;0.4107188526134774;1971.8511444864916;2770.2320096747562;0.7983808651882646
2026-08-15 19:52:48;840131207;70.88;1007.99;0.0;124.57;22.9;124.889375;123.78;124.41;125.22;0.789999999999992;-0.8829475928589268;0.4694715627858912;1988.707324055302;2805.7383240057875;0.8170309999504854
2026-08-15 20:07:48;840132107;70.23;1008.06;0.0;121.91;22.96;124.6625;124.57;123.78;124.41;-2.6599999999999966;-0.8503522249955628;0.5262139236518695;1977.6463033646494;2815.9565760567416;0.8383102726920922
2026-08-15 20:22:48;840133007;70.82;1008.19;0.0;123.78;22.85;124.521875;121.91;124.57;123.78;1.8700000000000045;-0.8141155183563196;0.5807029557109393;1981.0124548124609;2797.250006795342;0.8162375519828811
2026-08-15 20:37:48;840133907;71.17;1008.41;0.0;123.78;22.8;124.40125;123.78;121.91;124.57;0.0;-0.7743926440821857;0.6327053285625159;1984.7777916009481;2788.7843074342395;0.8040065158332914
2026-08-15 20:52:48;840134807;72.09;1008.39;0.0;123.46;22.57;124.178125;123.78;123.78;121.91;-0.3200000000000074;-0.7313537016191703;0.6819983600624986;1982.5626027929632;2750.1215186474733;0.7675589158545101
2026-08-15 21:07:48;840135707;74.03;1008.5;0.0;124.41;22.2;124.188125;123.46;123.78;123.78;0.9500000000000028;-0.6851829903263593;0.7283709698824;1990.5992408603815;2688.9088759427013;0.6983096350823198
2026-08-15 21:22:48;840136607;74.74;1008.52;0.0;123.46;22.14;123.99625;124.41;123.46;123.78;-0.9500000000000028;-0.6360782202777646;0.7716245833877194;2002.3560656440975;2679.09561900468;0.6767395533605824
2026-08-15 21:37:48;840137507;75.51;1008.81;0.0;123.46;21.81;123.699375;123.46;124.41;123.46;0.0;-0.5842496656374341;0.8115739819650125;1982.652398866947;2625.6818949370236;0.6430294960700766
2026-08-15 21:52:48;840138407;76.8;1008.91;0.0;123.46;21.18;123.47625;123.46;123.46;124.41;0.0;-0.529919264233205;0.8480480961564258;1940.1892591626838;2526.288097868078;0.5860988387053939
2026-08-15 22:07:48;840139307;75.68;1009.07;0.0;123.46;21.12;123.73124999999999;123.46;123.46;123.46;0.0;-0.4733196671848432;0.8808907382053857;1904.8634457521791;2516.997153478038;0.6121337077258588
2026-08-15 22:22:48;840140207;73.81;1009.22;0.0;123.46;20.8;123.93124999999999;123.46;123.46;123.46;0.0;-0.4146932426562393;0.9099612708765431;1821.5890871543095;2467.943486186573;0.6463543990322634
2026-08-15 22:37:48;840141107;70.8;1009.31;0.0;124.25;20.7;123.92125;123.46;123.46;123.46;0.7900000000000063;-0.3542910379977166;0.9351352096860114;1736.5732752911556;2452.787111993158;0.7162138367020022
2026-08-15 22:52:48;840142007;68.07;1009.5;0.0;124.57;20.78;123.83999999999999;124.25;123.46;123.46;0.3199999999999932;-0.29237170472273627;0.9563047559630357;1677.862600067776;2464.9075952222356;0.7870449951544597
2026-08-15 23:07:48;840142907;66.48;1009.67;0.0;123.94;20.72;123.75999999999999;124.57;124.25;123.46;-0.6299999999999955;-0.22920039092241423;0.9733792584604485;1632.6255590913702;2455.814619571857;0.8231890604804867
2026-08-15 23:22:48;840143807;66.42;1009.82;0.0;124.09;20.58;123.74;123.94;124.57;124.25;0.15000000000000568;-0.16504760586067735;0.9862856015372314;1617.134363349439;2434.7099719202633;0.8175756085708245
2026-08-15 23:37:48;840144707;65.26;1009.9;0.0;123.62;20.7;123.73;124.09;123.94;124.57;-0.46999999999999886;-0.1001880616120765;0.9949685182509117;1600.691684845615;2452.791426364718;0.852099741519103
2026-08-15 23:52:48;840145607;63.91;1010.01;0.0;123.46;20.71;123.660625;123.62;124.09;123.94;-0.1600000000000108;-0.03489949670250171;0.9993908270190957;1568.5458536825156;2454.3042617470123;0.8857584080644967
2026-08-16 00:07:48;840146507;63.94;1010.06;0.0;123.62;20.56;123.7675;123.46;123.62;124.09;0.1600000000000108;0.03053851320982266;0.9995335908367129;1554.8351218676162;2431.709605673469;0.8768744838058529
2026-08-16 00:22:48;840147407;64.72;1010.24;0.0;123.46;20.3;123.7475;123.62;123.46;123.62;-0.1600000000000108;0.09584575252022397;0.9953961983671789;1548.7349086341567;2392.977300114581;0.8442423914804242
2026-08-16 00:37:48;840148307;67.46;1010.29;0.0;124.25;19.97;123.77687499999999;123.46;123.62;123.46;0.7900000000000063;0.1607425656038261;0.9869963665602319;1581.6633386429423;2344.5943353734697;0.7629309967305273
2026-08-16 00:52:48;840149207;68.35;1010.2;0.0;123.62;19.77;123.78687500000001;124.25;123.46;123.62;-0.6299999999999955;0.224951054343865;0.9743700647852352;1582.7736188462711;2315.6892740984213;0.7329156552521502
2026-08-16 01:07:48;840150107;70.14;1010.26;0.0;123.46;19.6;123.72749999999999;123.62;124.25;123.46;-0.1600000000000108;0.28819626813408933;0.9575713608048144;1607.1646590257685;2291.3667793352843;0.6842021203095158
2026-08-16 01:22:48;840151007;69.79;1010.31;0.0;123.62;19.43;123.7375;123.46;123.62;124.25;0.1600000000000108;0.35020738125946743;0.9366721892483976;1582.3265228347575;2267.268265990482;0.6849417431557246
2026-08-16 01:37:48;840151907;67.59;1010.31;0.0;123.62;19.19;123.74749999999999;123.62;123.46;123.62;0.0;0.4107188526134773;0.9117620435770886;1509.7067344942802;2233.62440374949;0.7239176692552096
2026-08-16 01:52:48;840152807;64.77;1010.33;0.0;124.09;19.34;123.78687500000001;123.62;123.62;123.46;0.46999999999999886;0.4694715627858908;0.882947592858927;1460.3046101709688;2254.600293609648;0.7942956834386792
2026-08-16 02:07:48;840153707;63.56;1010.26;0.0;124.89;19.31;123.87625;124.09;123.62;123.62;0.7999999999999972;0.5262139236518696;0.8503522249955628;1430.3484672347183;2250.3909176128354;0.8200424503781171
2026-08-16 02:22:48;840154607;63.46;1010.27;0.0;124.25;19.2;123.925625;124.89;124.09;123.62;-0.6400000000000006;0.5807029557109398;0.8141155183563192;1418.3419021136278;2235.0171795046135;0.8166752773909857
2026-08-16 02:37:48;840155507;63.22;1010.13;0.0;124.25;19.26;123.925625;124.25;124.89;124.09;0.0;0.632705328562516;0.7743926440821856;1418.2714735250677;2243.390499090585;0.8251190255655172
2026-08-16 02:52:48;840156407;63.15;1009.96;0.0;122.68;19.36;123.8075;124.25;124.25;124.89;-1.5699999999999932;0.6819983600624985;0.7313537016191706;1425.5528632720363;2257.40754279024;0.8318546795182035
2026-08-16 03:07:48;840157307;63.37;1009.94;0.0;123.46;19.4;123.7775;122.68;124.25;124.25;0.7799999999999869;0.7283709698824002;0.6851829903263592;1434.0859972982698;2263.03613270991;0.8289501354116401
2026-08-16 03:22:48;840158207;64.15;1010.0;0.0;123.78;19.3;123.758125;123.46;122.68;124.25;0.3200000000000074;0.7716245833877199;0.6360782202777641;1442.7256222421524;2248.9877197851165;0.8062620975429641
2026-08-16 03:37:48;840159107;65.4;1010.14;0.0;123.62;19.0;123.758125;123.78;123.46;122.68;-0.1599999999999966;0.8115739819650123;0.5842496656374344;1443.573906936842;2207.2995518911957;0.7637256449543538
2026-08-16 03:52:48;840160007;66.4;1010.05;0.0;123.31;18.71;123.74875;123.62;123.78;123.46;-0.3100000000000023;0.8480480961564258;0.5299192642332051;1439.316084174431;2167.6447050819743;0.7283286209075434
2026-08-16 04:07:48;840160907;66.8;1010.03;0.0;123.62;18.58;123.74875;123.31;123.62;123.78;0.3100000000000023;0.8808907382053854;0.4733196671848436;1436.2481961459453;2150.07214991908;0.7138239537731347
2026-08-16 04:22:48;840161807;66.86;1009.94;0.0;123.78;18.52;123.76875;123.62;123.31;123.62;0.1599999999999966;0.9099612708765432;0.41469324265623914;1432.1434829009504;2142.003414449522;0.7098599315485717
2026-08-16 04:37:48;840162707;66.85;1010.01;0.0;123.94;18.55;123.749375;123.78;123.62;123.31;0.1599999999999966;0.9351352096860117;0.3542910379977158;1434.6241441709326;2146.034621048516;0.7114104768775833
2026-08-16 04:52:48;840163607;67.32;1010.2;0.0;123.46;18.38;123.739375;123.94;123.78;123.62;-0.480000000000004;0.9563047559630354;0.29237170472273677;1429.3937940105895;2123.28252229737;0.6938887282867806
2026-08-16 05:07:48;840164507;67.43;1010.26;0.0;124.25;18.28;123.78875000000001;123.46;123.94;123.78;0.7900000000000063;0.9733792584604485;0.22920039092241426;1422.7713879983958;2109.9976093703035;0.6872262213719077
2026-08-16 05:22:48;840165407;67.73;1010.31;0.0;124.25;18.18;123.828125;124.25;123.46;123.94;0.0;0.9862856015372313;0.16504760586067782;1420.152855467736;2096.7855536213433;0.6766326981536074
2026-08-16 05:37:48;840166307;68.99;1010.3;0.0;123.46;17.75;123.81812500000001;124.25;124.25;123.46;-0.7900000000000063;0.9949685182509117;0.10018806161207632;1407.9445769329163;2040.795154272962;0.6328505773400457
2026-08-16 05:52:48;840167207;69.85;1010.18;0.0;123.46;17.55;123.77875;123.46;124.25;124.25;0.0;0.9993908270190958;0.03489949670250086;1407.6187352087031;2015.2021978650014;0.6075834626562983
2026-08-16 06:07:48;840168107;68.45;1010.18;0.0;123.46;17.93;123.689375;123.46;123.46;124.25;0.0;0.999533590836713;-0.030538513209822475;1412.8563384928782;2064.0706186893767;0.6512142801964985
2026-08-16 06:22:48;840169007;68.7;1010.22;0.0;123.15;17.94;123.620625;123.46;123.46;123.46;-0.30999999999998806;0.9953961983671789;-0.09584575252022395;1418.9097329786323;2065.37079036191;0.6464610573832779
2026-08-16 06:37:48;840169907;67.8;1010.14;0.0;123.46;18.19;123.57125;123.15;123.46;123.46;0.30999999999998806;0.9869963665602319;-0.160742565603826;1422.513451512516;2098.1024358591685;0.6755889843466525
2026-08-16 06:52:48;840170807;68.01;1010.13;0.0;123.46;18.19;123.62;123.46;123.15;123.46;0.0;0.9743700647852352;-0.22495105434386503;1426.919423284612;2098.1023721285283;0.6711829488439162
2026-08-16 07:07:48;840171707;68.91;1010.24;0.0;123.15;17.82;123.600625;123.46;123.46;123.15;-0.30999999999998806;0.9575713608048145;-0.28819626813408905;1412.5303737927488;2049.819146412348;0.637288772619599
2026-08-16 07:22:48;840172607;69.58;1010.24;0.0;123.15;17.67;123.56125;123.15;123.46;123.46;0.0;0.9366721892483977;-0.3502073812594673;1412.8385280003704;2030.5238976722774;0.617685369671907
2026-08-16 07:37:48;840173507;69.01;1010.19;0.0;122.53;17.91;123.493125;123.15;123.15;123.46;-0.6200000000000045;0.9117620435770886;-0.4107188526134773;1422.6225123772715;2061.4729928666443;0.6388504804893728
2026-08-16 07:52:48;840174407;68.72;1010.22;0.0;122.37;18.02;123.43437499999999;122.53;123.15;123.15;-0.1599999999999966;0.8829475928589269;-0.4694715627858909;1426.487025524724;2075.796020845058;0.6493089953203341
2026-08-16 08:07:48;840175307;68.44;1010.43;0.0;122.53;18.14;123.36625000000001;122.37;122.53;123.15;0.1599999999999966;0.8503522249955628;-0.5262139236518696;1431.4374575018103;2091.5217087986707;0.6600842512968604
2026-08-16 08:22:48;840176207;69.21;1010.57;0.0;122.07;17.91;123.259375;122.53;122.37;122.53;-0.46000000000000796;0.8141155183563192;-0.5807029557109398;1426.7471087300862;2061.4753774455808;0.6347282687154946
2026-08-16 08:37:48;840177107;69.59;1010.55;0.0;120.86;17.99;123.066875;122.07;122.53;122.37;-1.2099999999999937;0.7743926440821857;-0.632705328562516;1441.8235504224958;2071.8832453261903;0.6300596949036944
2026-08-16 08:52:48;840178007;68.5;1010.71;0.0;120.41;18.42;122.87625;120.86;122.07;122.53;-0.45000000000000284;0.7313537016191706;-0.6819983600624984;1458.1049933730333;2128.6204282818003;0.670515434908767
2026-08-16 09:07:48;840178907;67.3;1010.68;0.0;118.81;18.92;122.53625;120.41;120.86;122.07;-1.5999999999999943;0.685182990326359;-0.7283709698824004;1478.1106050562692;2196.301047631901;0.7181904425756318
2026-08-16 09:22:48;840179807;63.78;1010.66;0.0;118.95;19.45;122.205;118.81;120.41;120.86;0.14000000000000057;0.6360782202777638;-0.77162458338772;1447.8661088946556;2270.0942441120346;0.822228135217379
2026-08-16 09:37:48;840180707;63.02;1010.52;0.0;118.66;19.46;121.905;118.95;118.81;120.41;-0.29000000000000625;0.5842496656374344;-0.8115739819650123;1431.5032306605292;2271.5062371636454;0.8400030065031162
2026-08-16 09:52:48;840181607;60.19;1010.53;0.0;117.39;20.0;121.52562499999999;118.66;118.95;118.81;-1.269999999999996;0.5299192642332049;-0.848048096156426;1413.8383172305098;2348.958825769247;0.9351205085387373
2026-08-16 10:07:48;840182507;58.91;1010.43;0.0;116.43;20.5;121.08625;117.39;118.66;118.95;-0.9599999999999937;0.4733196671848435;-0.8808907382053855;1427.2275244572058;2422.7253852609165;0.9954978608037106
2026-08-16 10:22:48;840183407;57.84;1010.37;0.0;115.75;20.97;120.62375;116.43;117.39;118.66;-0.6800000000000068;0.4146932426562392;-0.9099612708765431;1442.4759016037779;2493.907160449132;1.051431258845354
2026-08-16 10:37:48;840184307;56.62;1010.41;0.0;115.62;21.3;120.13374999999999;115.75;116.43;117.39;-0.12999999999999545;0.35429103799771566;-0.9351352096860118;1440.9641657783252;2544.9738003855978;1.1040096346072725
2026-08-16 10:52:48;840185207;53.46;1010.37;0.0;115.48;21.65;119.63499999999999;115.62;115.75;116.43;-0.14000000000000057;0.2923717047227366;-0.9563047559630355;1390.030692845842;2600.132235027763;1.2101015421819208
2026-08-16 11:07:48;840186107;52.45;1010.44;0.0;114.3;22.15;119.08187500000001;115.48;115.62;115.75;-1.1800000000000068;0.22920039092241454;-0.9733792584604484;1406.0503312787396;2680.7441969089405;1.274693865630201
2026-08-16 11:22:48;840187007;50.52;1010.37;0.0;117.11;22.5;118.704375;114.3;115.48;115.62;2.8100000000000023;0.16504760586067765;-0.9862856015372314;1383.472004961074;2738.463984483519;1.3549919795224452
2026-08-16 11:37:48;840187907;49.14;1010.24;0.0;112.89;23.05;118.101875;117.11;114.3;115.48;-4.219999999999999;0.10018806161207638;-0.9949685182509117;1391.33136746103;2831.36216414536;1.4400307966843302
2026-08-16 11:52:48;840188807;48.33;1010.22;0.0;112.27;23.75;117.47062500000001;112.89;117.11;114.3;-0.6200000000000045;0.0348994967025007;-0.9993908270190958;1427.4616969142348;2953.5727227689526;1.526111025854718
2026-08-16 12:07:48;840189707;35.58;1009.96;0.0;114.3;29.18;116.95625;112.27;112.89;117.11;2.030000000000001;-0.030538513209822857;-0.9995335908367129;1447.6254091893243;4068.6492669739296;2.6210238577846052
2026-08-16 12:22:48;840190607;41.68;1009.98;0.0;114.3;25.62;116.470625;114.3;112.27;112.89;0.0;-0.09584575252022366;-0.9953961983671789;1376.6560758119176;3302.9176483011456;1.926261572489228
2026-08-16 12:37:48;840191507;45.6;1010.03;0.0;115.08;25.99;116.109375;114.3;114.3;112.27;0.7800000000000011;-0.16074256560382613;-0.9869963665602319;1539.5279480023369;3376.157780706879;1.836629832704542
2026-08-16 12:52:48;840192407;42.18;1009.96;0.0;117.25;25.85;115.911875;115.08;114.3;114.3;2.1700000000000017;-0.22495105434386498;-0.9743700647852352;1412.3044621628896;3348.27990081292;1.9359754386500303
2026-08-16 13:07:48;840193307;42.48;1009.94;0.0;118.24;25.66;115.87625;117.25;115.08;114.3;0.9899999999999949;-0.2881962681340892;-0.9575713608048144;1406.4140987000596;3310.767652307109;1.9043535536070495
2026-08-16 13:22:48;840194207;41.69;1009.79;0.0;117.11;26.2;115.76125;118.24;117.25;115.08;-1.1299999999999955;-0.3502073812594677;-0.9366721892483976;1425.1104549283584;3418.350815371452;1.9932403604430935
2026-08-16 13:37:48;840195107;40.52;1009.72;0.0;117.11;26.61;115.66437499999999;117.11;118.24;117.25;0.0;-0.410718852613477;-0.9117620435770887;1419.0342422567246;3502.0588407125483;2.0830245984558236
2026-08-16 13:52:48;840196007;40.74;1009.67;0.0;116.98;26.78;115.63875;117.11;117.11;118.24;-0.12999999999999545;-0.46947156278589086;-0.8829475928589269;1441.0909519461145;3537.28756000519;2.0961966080590755
2026-08-16 14:07:48;840196907;40.95;1009.69;0.0;118.09;26.61;115.74249999999999;116.98;117.11;117.11;1.1099999999999994;-0.5262139236518696;-0.8503522249955628;1434.092971999855;3502.058539682186;2.0679655676823314
2026-08-16 14:22:48;840197807;41.89;1009.53;0.0;118.66;26.37;115.924375;118.09;116.98;117.11;0.5699999999999932;-0.5807029557109398;-0.8141155183563192;1446.3957358678408;3452.842530121367;2.006446794253526
2026-08-16 14:37:48;840198707;44.38;1009.37;0.0;120.86;25.3;116.25187500000001;118.66;118.09;116.98;2.200000000000003;-0.6327053285625163;-0.7743926440821854;1438.2188109322517;3240.6913270217474;1.8024725160894957
2026-08-16 14:52:48;840199607;44.71;1009.21;0.0;119.97;25.27;116.5325;120.86;118.66;118.09;-0.8900000000000006;-0.6819983600624984;-0.7313537016191706;1446.3280143029417;3234.909448228454;1.7885814339255124
2026-08-16 15:07:48;840200507;42.35;1009.13;0.0;118.09;26.05;116.769375;119.97;120.86;118.66;-1.8799999999999955;-0.7283709698824001;-0.6851829903263593;1434.885008361828;3388.158225175509;1.9532732168136808
2026-08-16 15:22:48;840201407;42.34;1009.18;0.0;116.02;26.13;116.70125;118.09;119.97;120.86;-2.0700000000000074;-0.77162458338772;-0.6360782202777638;1441.3505203519612;3404.228909664528;1.962878389312567
2026-08-16 15:37:48;840202307;42.13;1009.12;0.0;117.39;26.07;116.98249999999999;116.02;118.09;119.97;1.3700000000000045;-0.8115739819650121;-0.5842496656374347;1429.1209936620637;3392.169460389422;1.9630484667273584
2026-08-16 15:52:48;840203207;42.18;1009.17;0.0;116.7;26.07;117.25937499999999;117.39;116.02;118.09;-0.6899999999999977;-0.848048096156426;-0.529919264233205;1430.8172840631876;3392.169947992384;1.9613526639291965
2026-08-16 16:07:48;840204107;41.34;1009.04;0.0;116.56;26.22;117.40062499999999;116.7;117.39;116.02;-0.14000000000000057;-0.8808907382053857;-0.47331966718484314;1414.8143446837046;3422.3859329552597;2.007571588271555
2026-08-16 16:22:48;840205007;41.46;1008.98;0.0;116.29;25.99;117.525;116.56;116.7;117.39;-0.269999999999996;-0.9099612708765431;-0.41469324265623925;1399.7507885096254;3376.1475844419324;1.976396795932307
2026-08-16 16:37:48;840205907;41.28;1009.07;0.0;118.66;25.75;117.74875;116.29;116.56;116.7;2.3699999999999903;-0.9351352096860117;-0.3542910379977157;1373.9974612427782;3328.482222002854;1.954484760760076
2026-08-16 16:52:48;840206807;41.27;1009.01;0.0;119.67;25.66;117.9;118.66;116.29;116.56;1.0100000000000051;-0.9563047559630353;-0.2923717047227371;1366.3501476255176;3310.7587778665315;1.944408630241014
2026-08-16 17:07:48;840207707;41.19;1008.78;0.0;119.09;25.55;117.953125;119.67;118.66;116.29;-0.5799999999999983;-0.9733792584604485;-0.22920039092241415;1354.8244305681517;3289.2071633118517;1.9343827327437
2026-08-16 17:22:48;840208607;40.61;1008.67;0.0;118.95;25.52;118.068125;119.09;119.67;118.66;-0.14000000000000057;-0.9862856015372314;-0.1650476058606773;1333.3685524299779;3283.3502891651756;1.9499817367351977
2026-08-16 17:37:48;840209507;41.5;1008.59;0.0;118.81;25.25;118.174375;118.95;119.09;119.67;-0.14000000000000057;-0.9949685182509117;-0.10018806161207644;1340.887855080291;3231.055072482629;1.8901672174023378
2026-08-16 17:52:48;840210407;41.92;1008.63;0.0;119.97;24.99;118.36125;118.81;118.95;119.09;1.1599999999999966;-0.9993908270190958;-0.03489949670250076;1333.6371343717549;3181.386293825751;1.8477491594539963
2026-08-16 18:07:48;840211307;42.44;1008.44;0.0;119.09;24.93;118.42375000000001;119.97;118.81;118.95;-0.8799999999999955;-0.999533590836713;0.030538513209822354;1345.3554451443586;3170.0175427529653;1.8246620976086068
2026-08-16 18:22:48;840212207;41.27;1008.16;0.0;120.12;24.92;118.515;119.09;119.97;118.81;1.0300000000000011;-0.9953961983671789;0.09584575252022405;1307.4847435296408;3168.1239242298057;1.8606391807001648
2026-08-16 18:37:48;840213107;40.79;1008.36;0.0;119.09;24.59;118.40437500000002;120.12;119.09;119.97;-1.0300000000000011;-0.9869963665602318;0.16074256560382652;1267.0479450205758;3106.2710101019265;1.8392230650813508
2026-08-16 18:52:48;840214007;40.71;1008.38;0.0;119.09;24.34;118.34937500000001;119.09;120.12;119.09;0.0;-0.9743700647852352;0.22495105434386492;1245.7732397907748;3060.116039771002;1.814342799980227
2026-08-16 19:07:48;840214907;41.2;1008.38;0.0;118.81;24.31;118.394375;119.09;119.09;120.12;-0.28000000000000114;-0.9575713608048146;0.2881962681340887;1258.502562740867;3054.6178707302597;1.7961153079893928
2026-08-16 19:22:48;840215807;41.18;1008.48;0.0;118.24;24.06;118.533125;118.81;119.09;119.09;-0.5700000000000074;-0.9366721892483977;0.3502073812594672;1239.1618471040517;3009.135131384293;1.7699732842802411
2026-08-16 19:37:48;840216707;41.23;1008.7;0.0;119.24;24.1;118.64875;118.24;118.81;119.09;1.0;-0.9117620435770886;0.4107188526134774;1243.6511858606873;3016.3744503048447;1.7727232644441573
2026-08-16 19:52:48;840217607;41.55;1008.08;0.0;118.09;24.1;118.735625;119.24;118.24;118.81;-1.1499999999999915;-0.8829475928589268;0.4694715627858912;1253.3013216261281;3016.3690051170356;1.7630676834909076
2026-08-16 20:07:48;840218507;42.66;1008.1;0.0;119.38;23.62;118.91187500000001;118.09;119.24;118.24;1.289999999999992;-0.8503522249955628;0.5262139236518695;1250.15813059612;2930.516011711486;1.680357881115366
2026-08-16 20:22:48;840219407;43.51;1008.23;0.0;118.52;23.43;119.05125;119.38;118.09;119.24;-0.8599999999999994;-0.8141155183563196;0.5807029557109393;1260.5403843383087;2897.127980552307;1.636587596213998
2026-08-16 20:37:48;840220307;44.29;1008.48;0.0;118.52;23.23;119.0425;118.52;119.38;118.09;0.0;-0.7743926440821857;0.6327053285625159;1267.7317845052742;2862.34315760956;1.594611373104286
2026-08-16 20:52:48;840221207;44.59;1008.54;0.0;118.66;23.11;118.979375;118.52;118.52;119.38;0.14000000000000057;-0.7313537016191703;0.6819983600624986;1267.0904717358062;2841.6471669338557;1.5745566951980494
2026-08-16 21:07:48;840222107;44.96;1008.45;0.0;120.71;22.88;119.080625;118.66;118.52;118.52;2.049999999999997;-0.6851829903263593;0.7283709698824;1259.933604191623;2802.343425693112;1.5424098215014888
2026-08-16 21:22:48;840223007;45.63;1008.43;0.0;119.97;22.47;119.144375;120.71;118.66;118.52;-0.7399999999999949;-0.6360782202777646;0.7716245833877194;1247.2772034319896;2733.458696980034;1.4861814935480442
2026-08-16 21:37:48;840223907;46.05;1008.3;0.0;119.24;22.36;119.17125;119.97;120.71;118.66;-0.730000000000004;-0.5842496656374341;0.8115739819650125;1250.3635113582448;2715.230209247003;1.4648666978887583
2026-08-16 21:52:48;840224807;46.97;1008.37;0.0;118.66;22.11;119.089375;119.24;119.97;120.71;-0.5799999999999983;-0.529919264233205;0.8480480961564258;1256.071496843925;2674.199482316212;1.4181279854722872
2026-08-16 22:07:48;840225707;48.06;1008.62;0.0;118.66;21.81;119.0625;118.66;119.24;119.97;0.0;-0.4733196671848432;0.8808907382053857;1261.902009556967;2625.6804193861153;1.3637784098291483
2026-08-16 22:22:48;840226607;48.74;1008.58;0.0;118.66;21.6;118.97125;118.66;118.66;119.24;0.0;-0.4146932426562393;0.9099612708765431;1263.426195069002;2592.175205311863;1.328749010242861
2026-08-16 22:37:48;840227507;49.06;1008.69;0.0;118.66;21.5;118.944375;118.66;118.66;118.66;0.0;-0.3542910379977166;0.9351352096860114;1263.9588828075875;2576.3532058858286;1.312394323078241
2026-08-16 22:52:48;840228407;49.45;1008.68;0.0;118.66;21.41;118.91749999999999;118.66;118.66;118.66;0.0;-0.29237170472273627;0.9563047559630357;1267.0004218463205;2562.184877343418;1.2951844554970975
2026-08-16 23:07:48;840229307;50.37;1008.71;0.0;118.52;21.02;118.89937499999999;118.66;118.66;118.66;-0.14000000000000057;-0.22920039092241423;0.9733792584604485;1260.04283159204;2501.5740154696055;1.2415311838775653
2026-08-16 23:22:48;840230207;51.39;1008.77;0.0;118.52;20.72;118.916875;118.52;118.66;118.66;0.0;-0.16504760586067735;0.9862856015372314;1262.0397471953186;2455.808031125352;1.1937682839300334
2026-08-16 23:37:48;840231107;52.18;1008.7;0.0;118.66;20.57;118.880625;118.52;118.52;118.66;0.14000000000000057;-0.1001880616120765;0.9949685182509117;1269.6439584644124;2433.2003803457496;1.1635564218813372
2026-08-16 23:52:48;840232007;53.43;1008.77;0.0;118.24;20.32;118.89;118.66;118.52;118.52;-0.4200000000000017;-0.03489949670250171;0.9993908270190957;1280.143786655216;2395.9269823230693;1.1157831956678532
2026-08-17 00:07:48;840232907;54.1;1008.63;0.0;117.95;20.31;118.800625;118.24;118.66;118.52;-0.28999999999999204;0.03053851320982266;0.9995335908367129;1295.3950044301841;2394.445479538233;1.099050475108049
2026-08-17 00:22:48;840233807;54.87;1008.49;0.0;118.52;20.15;118.800625;117.95;118.24;118.66;0.5699999999999932;0.09584575252022397;0.9953961983671789;1300.8937190067538;2370.8651704150793;1.0699714514083254
2026-08-17 00:37:48;840234707;55.4;1008.42;0.0;118.66;20.06;118.809375;118.52;117.95;118.24;0.14000000000000057;0.1607425656038261;0.9869963665602319;1306.160738566227;2357.690863837955;1.051530125271728
2026-08-17 00:52:48;840235607;56.02;1008.4;0.0;118.38;19.86;118.79187499999999;118.66;118.52;117.95;-0.28000000000000114;0.224951054343865;0.9743700647852352;1304.5068411219515;2328.644843130938;1.0241380020089865
2026-08-17 01:07:48;840236507;57.64;1008.45;0.0;117.39;19.52;118.58437500000001;118.38;118.66;118.52;-0.9899999999999949;0.28819626813408933;0.9575713608048144;1314.1838891168045;2279.985928377523;0.9658020392607186
2026-08-17 01:22:48;840237407;58.9;1008.47;0.0;117.25;19.26;118.414375;117.39;118.38;118.66;-0.14000000000000057;0.35020738125946743;0.9366721892483976;1321.350394842017;2243.3792781698085;0.9220288833277914
2026-08-17 01:37:48;840238307;58.99;1008.23;0.0;116.98;19.45;118.27312500000001;117.25;117.39;118.38;-0.269999999999996;0.4107188526134773;0.9117620435770886;1339.1188036106162;2270.077646398739;0.9309588427881229
2026-08-17 01:52:48;840239207;60.87;1008.13;0.0;116.7;19.04;118.15062499999999;116.98;117.25;117.39;-0.28000000000000114;0.4694715627858908;0.882947592858927;1346.9345607304108;2212.8052583052586;0.8658706975748478
2026-08-17 02:07:48;840240107;62.0;1008.32;0.0;117.25;18.75;118.0625;116.7;116.98;117.25;0.5499999999999972;0.5262139236518696;0.8503522249955628;1347.3006067215947;2173.0654947122493;0.8257648879906546
2026-08-17 02:22:48;840241007;61.8;1008.53;0.0;116.84;18.91;117.94875;117.25;116.7;116.98;-0.4099999999999966;0.5807029557109398;0.8141155183563192;1356.4574160916884;2194.9149127697224;0.8384574966780339
2026-08-17 02:37:48;840241907;61.91;1008.24;0.0;116.84;18.9;117.835;116.84;117.25;116.7;0.0;0.632705328562516;0.7743926440821856;1358.0217724771082;2193.5418712277633;0.835520098750655
2026-08-17 02:52:48;840242807;62.37;1008.19;0.0;116.43;18.78;117.695625;116.84;116.84;117.25;-0.4099999999999966;0.6819983600624985;0.7313537016191706;1357.8863131378348;2177.1465658775614;0.8192602527397267
2026-08-17 03:07:48;840243707;62.37;1008.19;0.0;116.43;18.69;117.56500000000001;116.43;116.84;116.84;0.0;0.7283709698824002;0.6851829903263592;1350.2611683414996;2164.920904828443;0.8146597364869433
2026-08-17 03:22:48;840244607;62.56;1008.13;0.0;116.43;18.67;117.43437499999999;116.43;116.43;116.84;0.0;0.7716245833877199;0.6360782202777641;1352.6797545281395;2162.21188383654;0.8095321293084005
2026-08-17 03:37:48;840245507;61.93;1007.99;0.0;116.43;18.78;117.295;116.43;116.43;116.43;0.0;0.8115739819650123;0.5842496656374344;1348.306052775339;2177.145249112448;0.8288391963371089
2026-08-17 03:52:48;840246407;62.48;1007.82;0.0;117.11;18.63;117.22437500000001;116.43;116.43;116.43;0.6799999999999926;0.8480480961564258;0.5299192642332051;1347.5695849452636;2156.8015123963887;0.8092319274511252
2026-08-17 04:07:48;840247307;62.94;1007.83;0.0;114.04;18.46;116.98;117.11;116.43;116.43;-3.069999999999993;0.8808907382053854;0.4733196671848436;1343.1069745443388;2133.948164195009;0.7908411896506704
2026-08-17 04:22:48;840248207;62.57;1007.8;0.0;116.56;18.51;116.8575;114.04;117.11;116.43;2.519999999999996;0.9099612708765432;0.41469324265623914;1339.4030935586738;2140.6474245783506;0.8012443310196768
2026-08-17 04:37:48;840249107;62.45;1007.76;0.0;116.43;18.56;116.718125;116.56;114.04;117.11;-0.12999999999999545;0.9351352096860117;0.3542910379977158;1341.0294715296677;2147.365046484656;0.8063355749549883
2026-08-17 04:52:48;840250007;62.77;1007.6;0.0;115.62;18.58;116.545625;116.43;116.56;114.04;-0.8100000000000023;0.9563047559630354;0.29237170472273677;1349.5903561464079;2150.0563265037563;0.8004659703573483
2026-08-17 05:07:48;840250907;63.41;1007.29;0.0;115.48;18.47;116.42625;115.62;116.43;116.56;-0.14000000000000057;0.9733792584604485;0.22920039092241426;1353.9830060476552;2135.2830879161884;0.7813000818685332
2026-08-17 05:22:48;840251807;64.86;1007.22;0.0;115.48;18.16;116.315625;115.48;115.62;116.43;0.0;0.9862856015372313;0.16504760586067782;1358.25410538509;2094.1321390457756;0.7358780336606856
2026-08-17 05:37:48;840252707;64.22;1007.24;0.0;115.22;18.37;116.205625;115.48;115.48;115.62;-0.2600000000000051;0.9949685182509117;0.10018806161207632;1362.7045045882974;2121.9316483779157;0.7592271437896184
2026-08-17 05:52:48;840253607;64.59;1007.11;0.0;115.48;18.28;116.12937500000001;115.22;115.48;115.48;0.2600000000000051;0.9993908270190958;0.03489949670250086;1362.8344245684973;2109.977433919333;0.7471430093508359
2026-08-17 06:07:48;840254507;64.41;1007.22;0.0;115.08;18.33;115.99375;115.48;115.22;115.48;-0.4000000000000057;0.999533590836713;-0.030538513209822475;1363.3095299138367;2116.6115974442428;0.7533020675304061
2026-08-17 06:22:48;840255407;64.34;1007.19;0.0;114.82;18.34;115.8675;115.08;115.48;115.22;-0.2600000000000051;0.9953961983671789;-0.09584575252022395;1362.6827812551544;2117.940287931542;0.7552575066763877
2026-08-17 06:37:48;840256307;64.71;1007.28;0.0;114.69;18.3;115.733125;114.82;115.08;115.48;-0.12999999999999545;0.9869963665602319;-0.160742565603826;1367.08268965582;2112.629716667934;0.7455470270121141
2026-08-17 06:52:48;840257207;64.81;1007.47;0.0;114.43;18.26;115.608125;114.69;114.82;115.08;-0.2599999999999909;0.9743700647852352;-0.22495105434386503;1365.7615201749036;2107.3314614641313;0.7415699412892277
2026-08-17 07:07:48;840258107;64.93;1007.57;0.0;114.43;18.31;115.483125;114.43;114.69;114.82;0.0;0.9575713608048145;-0.28819626813408905;1372.5931039713198;2113.9582688608034;0.7413651648894836
2026-08-17 07:22:48;840259007;64.86;1007.57;0.0;114.43;18.39;115.358125;114.43;114.43;114.69;0.0;0.9366721892483977;-0.3502073812594673;1378.014346236134;2124.598128640355;0.7465837824042207
2026-08-17 07:37:48;840259907;67.27;1007.62;0.0;114.17;18.31;115.216875;114.43;114.43;114.43;-0.2600000000000051;0.9117620435770886;-0.4107188526134773;1422.0599432512358;2113.9585896406065;0.6918986463893707
2026-08-17 07:52:48;840260807;67.97;1007.65;0.0;113.78;18.17;115.00874999999999;114.17;114.43;114.43;-0.39000000000000057;0.8829475928589269;-0.4694715627858909;1424.2783029541763;2095.4513799531796;0.6711730769990033
2026-08-17 08:07:48;840261707;68.15;1007.7;0.0;113.65;18.14;114.984375;113.78;114.17;114.43;-0.12999999999999545;0.8503522249955628;-0.5262139236518696;1425.3602200378948;2091.504358089354;0.6661441380514591
2026-08-17 08:22:48;840262607;69.73;1007.81;0.0;108.51;17.87;114.48125;113.65;113.78;114.17;-5.140000000000001;0.8141155183563192;-0.5807029557109398;1433.837985610594;2056.271311645768;0.6224333260351741
2026-08-17 08:37:48;840263507;71.63;1007.76;0.0;96.99;17.62;113.26625;108.51;113.65;113.78;-11.52000000000001;0.7743926440821857;-0.632705328562516;1449.8716585047907;2024.1123251497847;0.574240666644994
2026-08-17 08:52:48;840264407;72.35;1007.76;0.0;101.57;17.47;112.388125;96.99;108.51;113.65;4.579999999999998;0.7313537016191706;-0.6819983600624984;1450.6388964489652;2005.0295735300142;0.554390677081049
2026-08-17 09:07:48;840265307;72.27;1007.76;0.0;96.5;17.67;111.201875;101.57;96.99;108.51;-5.069999999999993;0.685182990326359;-0.7283709698824004;1467.448522064093;2030.5085402851705;0.5630600182210777
2026-08-17 09:22:48;840266207;71.44;1007.86;0.0;102.28;17.82;110.376875;96.5;101.57;96.99;5.780000000000001;0.6360782202777638;-0.77162458338772;1464.380181474216;2049.804285378242;0.5854241039040262
2026-08-17 09:37:48;840267107;74.04;1007.77;0.0;106.88;17.09;109.855625;102.28;96.5;101.57;4.599999999999994;0.5842496656374344;-0.8115739819650123;1449.252398770942;1957.391138264373;0.5081387394934311
2026-08-17 09:52:48;840268007;73.56;1007.71;0.0;108.51;17.43;109.42;106.88;102.28;96.5;1.6300000000000097;0.5299192642332049;-0.848048096156426;1471.1759164648302;1999.9672600120039;0.5287913435471737
2026-08-17 10:07:48;840268907;72.12;1007.7;0.0;109.53;17.8;109.073125;108.51;106.88;102.28;1.019999999999996;0.4733196671848435;-0.8808907382053855;1476.4560376976854;2047.2213501077167;0.5707653124100314
2026-08-17 10:22:48;840269807;72.07;1007.78;0.0;108.74;17.85;108.693125;109.53;108.51;106.88;-0.7900000000000063;0.4146932426562392;-0.9099612708765431;1480.088649656228;2053.6820447568034;0.5735933951005754
2026-08-17 10:37:48;840270707;71.98;1007.9;0.0;108.74;17.89;108.32125;108.74;109.53;108.51;0.0;0.35429103799771566;-0.9351352096860118;1481.9701752338894;2058.8638166628084;0.576893641428919
2026-08-17 10:52:48;840271607;71.69;1007.93;0.0;108.74;18.15;107.965625;108.74;108.74;109.53;0.0;0.2923717047227366;-0.9563047559630355;1500.343285868973;2092.8208758110936;0.5924775899421206
2026-08-17 11:07:48;840272507;72.39;1007.98;0.0;109.99;18.02;107.688125;108.74;108.74;108.74;1.25;0.22920039092241454;-0.9733792584604484;1502.6585018018204;2075.7818784387628;0.5731233766369423
2026-08-17 11:22:48;840273407;73.08;1008.08;0.0;112.39;17.87;107.56062499999999;109.99;108.74;108.74;2.4000000000000057;0.16504760586067765;-0.9862856015372314;1502.7243100458275;2056.27300225209;0.5535486922062626
2026-08-17 11:37:48;840274307;73.7;1008.25;0.0;112.39;17.62;107.449375;112.39;109.99;108.74;0.0;0.10018806161207638;-0.9949685182509117;1491.7730137682042;2024.1153511101822;0.532342337341978
2026-08-17 11:52:48;840275207;74.56;1008.36;0.0;112.52;17.49;107.370625;112.39;112.39;109.99;0.12999999999999545;0.0348994967025007;-0.9993908270190958;1496.8430493219455;2007.5684674382314;0.5107254181162859
2026-08-17 12:07:48;840276107;76.27;1008.3;0.0;112.52;17.18;107.3;112.52;112.39;112.39;0.0;-0.030538513209822857;-0.9995335908367129;1501.4408990132883;1968.5864678291446;0.4671455688158562
2026-08-17 12:22:48;840277007;77.41;1008.37;0.0;112.64;16.86;107.558125;112.52;112.52;112.39;0.12000000000000455;-0.09584575252022366;-0.9953961983671789;1493.2743520354013;1929.0457977462875;0.43577144571088616
2026-08-17 12:37:48;840277907;75.25;1008.4;0.0;112.89;17.03;108.551875;112.64;112.52;112.52;0.25;-0.16074256560382613;-0.9869963665602319;1467.3483075887275;1949.964528357113;0.48261622076838556
2026-08-17 12:52:48;840278807;73.69;1008.36;0.0;110.7;18.04;109.1225;112.89;112.64;112.52;-2.1899999999999977;-0.22495105434386498;-0.9743700647852352;1531.5713166998867;2078.397769982205;0.5468264532823182
2026-08-17 13:07:48;840279707;71.32;1008.19;0.0;111.42;18.51;110.055;110.7;112.89;112.64;0.7199999999999989;-0.2881962681340892;-0.9575713608048144;1526.7115474712657;2140.6499543904456;0.6139384069191799
2026-08-17 13:22:48;840280607;71.54;1008.16;0.0;111.78;18.35;110.64875;111.42;110.7;112.89;0.35999999999999943;-0.3502073812594677;-0.9366721892483976;1516.1301500244078;2119.27613925693;0.6031459892325222
2026-08-17 13:37:48;840281507;67.79;1008.07;0.0;107.96;19.31;110.71625;111.78;111.42;110.7;-3.8200000000000074;-0.410718852613477;-0.9117620435770887;1525.5299401864193;2250.376073442129;0.7248461332557097
2026-08-17 13:52:48;840282407;68.54;1008.03;0.0;110.46;18.85;110.83812499999999;107.96;111.78;111.42;2.5;-0.46947156278589086;-0.8829475928589269;1498.7615360198827;2186.6961424276083;0.6879346064077256
2026-08-17 14:07:48;840283307;67.89;1008.11;0.0;110.34;18.83;110.88875;110.46;107.96;111.78;-0.11999999999999034;-0.5262139236518696;-0.8503522249955628;1482.6932818943749;2183.9641801360654;0.7012708982416904
2026-08-17 14:22:48;840284207;67.87;1008.12;0.0;110.58;18.69;111.00375;110.34;110.46;107.96;0.23999999999999488;-0.5807029557109398;-0.8141155183563192;1469.3315068613722;2164.920446237472;0.6955889393760997
2026-08-17 14:37:48;840285107;66.65;1008.07;0.0;112.27;19.08;111.224375;110.58;110.34;110.46;1.6899999999999977;-0.6327053285625163;-0.7743926440821854;1478.5209740110479;2218.3360450278283;0.7398150710167803
2026-08-17 14:52:48;840286007;63.51;1008.01;0.0;111.05;19.58;111.36874999999999;112.27;110.58;110.34;-1.2199999999999989;-0.6819983600624984;-0.7313537016191706;1453.4292375114326;2288.504546546107;0.8350753090346745
2026-08-17 15:07:48;840286907;64.67;1008.17;0.0;112.64;19.5;111.534375;111.05;112.27;110.58;1.5900000000000034;-0.7283709698824001;-0.6851829903263593;1472.6326757197544;2277.1496454611943;0.8045169697414398
2026-08-17 15:22:48;840287807;63.44;1008.12;0.0;112.64;19.61;111.55;112.64;111.05;112.27;0.0;-0.77162458338772;-0.6360782202777638;1454.5374584515655;2292.776573851774;0.8382391154002087
2026-08-17 15:37:48;840288707;65.48;1008.22;0.0;113.65;19.21;111.62875;112.64;112.64;111.05;1.0100000000000051;-0.8115739819650121;-0.5842496656374347;1464.3928646087859;2236.3971664764595;0.7720043018676735
2026-08-17 15:52:48;840289607;65.39;1008.22;0.0;112.89;19.3;111.651875;113.65;112.64;112.64;-0.7600000000000051;-0.848048096156426;-0.529919264233205;1470.6051849004818;2248.9756612639267;0.7783704763634448
2026-08-17 16:07:48;840290507;61.37;1008.14;0.0;112.02;19.85;111.620625;112.89;113.65;112.64;-0.8700000000000045;-0.8808907382053857;-0.47331966718484314;1428.2020240948664;2327.1989964068216;0.8989969723119552
2026-08-17 16:22:48;840291407;62.39;1008.1;0.0;112.02;19.67;111.581875;112.02;112.89;113.65;0.0;-0.9099612708765431;-0.41469324265623925;1435.8059814342828;2301.3399285691344;0.8655339471348515
2026-08-17 16:37:48;840292307;62.42;1007.94;0.0;112.52;19.82;111.55875;112.02;112.02;112.89;0.5;-0.9351352096860117;-0.3542910379977157;1449.9355881220822;2322.8702148703655;0.8729346267482834
2026-08-17 16:52:48;840293207;62.49;1008.04;0.0;112.77;19.62;111.688125;112.52;112.02;112.02;0.25;-0.9563047559630353;-0.2923717047227371;1433.6464110928575;2294.201329961366;0.8605549188685083
2026-08-17 17:07:48;840294107;63.53;1008.16;0.0;113.4;19.23;111.81187499999999;112.77;112.52;112.02;0.6300000000000097;-0.9733792584604485;-0.22920039092241415;1422.5552745994444;2239.186643474649;0.8166313688752045
2026-08-17 17:22:48;840295007;63.78;1008.2;0.0;113.4;19.16;111.913125;113.4;112.77;112.52;0.0;-0.9862856015372314;-0.1650476058606773;1421.9340552351296;2229.4356463391805;0.807501591104051
2026-08-17 17:37:48;840295907;64.16;1008.3;0.0;113.02;19.1;112.22937499999999;113.4;113.4;112.77;-0.38000000000000966;-0.9949685182509117;-0.10018806161207644;1425.062712984336;2221.1077197386785;0.7960450067543424
2026-08-17 17:52:48;840296807;65.13;1008.15;0.0;112.64;19.11;112.36562500000001;113.02;113.4;113.4;-0.37999999999999545;-0.9993908270190958;-0.03489949670250076;1447.5096374396007;2222.4929179173973;0.7749832804777966
2026-08-17 18:07:48;840297707;64.68;1008.11;0.0;112.64;19.27;112.50937499999999;112.64;113.02;113.4;0.0;-0.999533590836713;0.030538513209822354;1451.9206102509931;2244.77521683827;0.7928546065872768
2026-08-17 18:22:48;840298607;63.27;1008.14;0.0;112.39;19.17;112.6225;112.64;112.64;113.02;-0.25;-0.9953961983671789;0.09584575252022405;1411.4436095944743;2230.8259990429497;0.8193823894484753
2026-08-17 18:37:48;840299507;61.82;1008.1;0.0;113.02;19.1;112.669375;112.39;112.64;112.64;0.6299999999999955;-0.9869963665602318;0.16074256560382652;1373.0879638792746;2221.1063796170733;0.8480184157377987
2026-08-17 18:52:48;840300407;61.06;1008.14;0.0;113.02;18.93;112.7925;113.02;112.39;112.64;0.0;-0.9743700647852352;0.22495105434386492;1341.8892519606875;2197.656816181932;0.8557675642212443
2026-08-17 19:07:48;840301307;60.17;1008.08;0.0;112.39;18.82;112.776875;113.02;113.02;112.39;-0.6299999999999955;-0.9575713608048146;0.2881962681340887;1313.2697335056591;2182.598859075385;0.8693291255697259
2026-08-17 19:22:48;840302207;60.74;1008.09;0.0;112.89;18.68;112.7925;112.39;113.02;113.02;0.5;-0.9366721892483977;0.3502073812594672;1314.149723820385;2163.5655644062967;0.8494158405859118
2026-08-17 19:37:48;840303107;62.38;1008.16;0.0;113.53;18.59;112.785;112.89;112.39;113.02;0.6400000000000006;-0.9117620435770886;0.4107188526134774;1342.0478391656452;2151.4072445746156;0.8093594054089703
2026-08-17 19:52:48;840304007;62.55;1008.14;0.0;113.4;18.41;112.816875;113.53;112.89;112.39;-0.12999999999999545;-0.8829475928589268;0.4694715627858912;1330.6068181838252;2127.269093819065;0.7966622756352396
2026-08-17 20:07:48;840304907;62.41;1008.15;0.0;113.02;18.22;112.879375;113.4;113.53;112.89;-0.38000000000000966;-0.8503522249955628;0.5262139236518695;1311.8881480567711;2102.0479859906604;0.7901598379338893
2026-08-17 20:22:48;840305807;63.41;1008.09;0.0;113.53;18.21;112.97375;113.02;113.4;113.53;0.5100000000000051;-0.8141155183563196;0.5807029557109393;1332.071285892806;2100.727465530367;0.7686561796375613
2026-08-17 20:37:48;840306707;65.08;1008.17;0.0;112.64;18.23;112.98125;113.53;113.02;113.4;-0.8900000000000006;-0.7743926440821857;0.6327053285625159;1368.8725312657052;2103.3689785889756;0.7344964473232704
2026-08-17 20:52:48;840307607;67.01;1008.26;0.0;112.89;18.17;112.98875;112.64;113.53;113.02;0.25;-0.7313537016191703;0.6819983600624986;1404.1645719562791;2095.455263328278;0.6912906913719987
2026-08-17 21:07:48;840308507;67.28;1008.28;0.0;113.4;18.1;112.98875000000001;112.89;112.64;113.53;0.5100000000000051;-0.6851829903263593;0.7283709698824;1403.632402580187;2086.2550573427275;0.6826226547625404
2026-08-17 21:22:48;840309407;67.36;1008.26;0.0;112.39;18.19;112.925625;113.4;112.89;112.64;-1.0100000000000051;-0.6360782202777646;0.7716245833877194;1413.273730064541;2098.0904543713496;0.6848167243068085
2026-08-17 21:37:48;840310307;67.58;1008.22;0.0;111.66;18.24;112.840625;112.39;113.4;112.89;-0.730000000000004;-0.5842496656374341;0.8115739819650125;1422.3501038672182;2104.690890599613;0.6823407867323947
2026-08-17 21:52:48;840311207;67.17;1008.38;0.0;112.52;18.36;112.833125;111.66;112.39;113.4;0.8599999999999994;-0.529919264233205;0.8480480961564258;1424.412329185546;2120.6079041023463;0.6961955749168003
2026-08-17 22:07:48;840312107;67.03;1008.29;0.0;112.64;18.37;112.83312500000001;112.52;111.66;112.39;0.12000000000000455;-0.4733196671848432;0.8808907382053857;1422.3353142593946;2121.9384070705573;0.6996030928111627
2026-08-17 22:22:48;840313007;67.28;1008.22;0.0;112.15;18.28;112.818125;112.64;112.52;111.66;-0.4899999999999949;-0.4146932426562393;0.9099612708765431;1419.5976008317718;2109.9845434479366;0.6903869426161647
2026-08-17 22:37:48;840313907;67.55;1008.22;0.0;112.39;18.33;112.77875;112.15;112.64;112.52;0.23999999999999488;-0.3542910379977166;0.9351352096860114;1429.7754725863113;2116.61802011297;0.6868425475266587
2026-08-17 22:52:48;840314807;67.57;1008.14;0.0;112.52;18.26;112.7475;112.39;112.15;112.64;0.12999999999999545;-0.29237170472273627;0.9563047559630357;1423.9267649647263;2107.3357480608647;0.6834089830961384
2026-08-17 23:07:48;840315707;67.5;1008.23;0.0;111.9;18.25;112.71687499999999;112.52;112.39;112.15;-0.6199999999999903;-0.22920039092241423;0.9733792584604485;1421.5589606760418;2106.0132750756175;0.6844543143995756
2026-08-17 23:22:48;840316607;67.23;1008.24;0.0;111.54;18.25;112.63250000000001;111.9;112.52;112.39;-0.35999999999999943;-0.16504760586067735;0.9862856015372314;1415.8727678225123;2106.0133390190576;0.6901405711965454
2026-08-17 23:37:48;840317507;67.31;1008.27;0.0;111.66;18.22;112.515625;111.54;111.9;112.52;0.11999999999999034;-0.1001880616120765;0.9949685182509117;1414.8890149999481;2102.04875204271;0.6871597370427619
2026-08-17 23:52:48;840318407;67.2;1008.25;0.0;112.02;18.24;112.429375;111.66;111.54;111.9;0.35999999999999943;-0.03489949670250171;0.9993908270190957;1414.3524073217911;2104.691082324094;0.6903386750023031
2026-08-18 00:07:48;840319307;67.3;1008.16;0.0;111.78;18.16;112.351875;112.02;111.66;111.54;-0.23999999999999488;0.03053851320982266;0.9995335908367129;1409.354954745061;2094.1381199778025;0.6847831652327415
2026-08-18 00:22:48;840320207;67.4;1008.13;0.0;111.54;18.14;112.2275;111.78;112.02;111.66;-0.23999999999999488;0.09584575252022397;0.9953961983671789;1409.675779347844;2091.5070910205395;0.6818313116726956
2026-08-18 00:37:48;840321107;67.62;1008.33;0.0;111.17;18.06;112.13562499999999;111.54;111.78;112.02;-0.37000000000000455;0.1607425656038261;0.9869963665602319;1407.1816377119053;2081.013956983001;0.6738323192710959
2026-08-18 00:52:48;840322007;67.79;1008.07;0.0;111.78;18.01;112.06625;111.17;111.54;111.78;0.6099999999999994;0.224951054343865;0.9743700647852352;1406.2878107425045;2074.4767823314714;0.668188971588967
2026-08-18 01:07:48;840322907;68.26;1007.91;0.0;111.05;17.93;111.919375;111.78;111.17;111.54;-0.730000000000004;0.28819626813408933;0.9575713608048144;1408.924869968578;2064.0563579967447;0.6551314880281668
2026-08-18 01:22:48;840323807;68.21;1007.68;0.0;110.82;17.89;111.82125;111.05;111.78;111.17;-0.23000000000000398;0.35020738125946743;0.9366721892483976;1404.3500686900359;2058.8624376045095;0.6545123689144736
2026-08-18 01:37:48;840324707;68.5;1007.85;0.0;110.58;17.84;111.75375;110.82;111.05;111.78;-0.23999999999999488;0.4107188526134773;0.9117620435770886;1405.886475328965;2052.3890150787806;0.6465025397498156
2026-08-18 01:52:48;840325607;68.59;1007.87;0.0;110.82;17.79;111.64750000000001;110.58;110.82;111.05;0.23999999999999488;0.4694715627858908;0.882947592858927;1403.3051096522238;2045.932511520956;0.6426274018687322
2026-08-18 02:07:48;840326507;67.87;1007.72;0.0;110.82;17.78;111.53375;110.82;110.58;110.82;0.0;0.5262139236518696;0.8503522249955628;1387.698790605627;2044.642390755307;0.6569436001496799
2026-08-18 02:22:48;840327407;68.04;1007.82;0.0;110.7;17.75;111.44312500000001;110.82;110.82;110.58;-0.11999999999999034;0.5807029557109398;0.8141155183563192;1388.5465274138899;2040.7797287094204;0.6522332012955305
2026-08-18 02:37:48;840328307;68.19;1007.4;0.0;110.82;17.65;111.345;110.7;110.82;110.82;0.11999999999999034;0.632705328562516;0.7743926440821856;1382.8561752310152;2027.9457035210667;0.6450895282900515
2026-08-18 02:52:48;840329207;68.31;1007.28;0.0;112.15;17.56;111.32187499999999;110.82;110.7;110.82;1.3300000000000125;0.6819983600624985;0.7313537016191706;1377.4419420475786;2016.457242054719;0.6390153000071405
2026-08-18 03:07:48;840330107;68.35;1007.33;0.0;110.94;17.55;111.261875;112.15;110.82;110.7;-1.210000000000008;0.7283709698824002;0.6851829903263592;1377.3787193311327;2015.1846661757613;0.6378059468446285
2026-08-18 03:22:48;840331007;68.15;1007.24;0.0;110.82;17.52;111.21687499999999;110.94;112.15;110.82;-0.12000000000000455;0.7716245833877199;0.6360782202777641;1370.7484435304227;2011.3696896998126;0.6406212461693899
2026-08-18 03:37:48;840331907;68.99;1007.18;0.0;111.42;17.44;111.201875;110.82;110.94;112.15;0.6000000000000085;0.8115739819650123;0.5842496656374344;1380.6475210050646;2001.2284693507243;0.6205809483456597
2026-08-18 03:52:48;840332807;68.73;1006.95;0.0;110.94;17.36;111.134375;111.42;110.82;110.94;-0.480000000000004;0.8480480961564258;0.5299192642332051;1368.504397026728;1991.1310883554893;0.6226266913287614
2026-08-18 04:07:48;840333707;69.42;1006.77;0.0;110.94;17.27;111.081875;110.94;111.42;110.82;0.0;0.8808907382053854;0.4733196671848436;1374.3948283749173;1979.8254514187802;0.6054306230438629
2026-08-18 04:22:48;840334607;69.52;1006.45;0.0;110.94;17.22;111.04437499999999;110.94;110.94;111.42;0.0;0.9099612708765432;0.41469324265623914;1372.0241791191913;1973.567576408503;0.6015433972893117
2026-08-18 04:37:48;840335507;70.11;1006.62;0.0;111.17;17.18;111.044375;110.94;110.94;110.94;0.23000000000000398;0.9351352096860117;0.3542910379977158;1380.1688742817691;1968.5763432916406;0.5884074690098714
2026-08-18 04:52:48;840336407;70.35;1006.61;0.0;110.34;17.12;110.95437499999998;111.17;110.94;110.94;-0.8299999999999983;0.9563047559630354;0.29237170472273677;1379.639945191018;1961.1086640952637;0.5814687189042459
2026-08-18 05:07:48;840337307;70.41;1006.35;0.0;110.34;17.09;110.91;110.34;111.17;110.94;0.0;0.9733792584604485;0.22920039092241426;1378.1931050601763;1957.3826232923966;0.5791895182322203
2026-08-18 05:22:48;840338207;70.45;1006.06;0.0;110.34;17.03;110.88;110.34;110.34;111.17;0.0;0.9862856015372313;0.16504760586067782;1373.740157832202;1949.9505434097969;0.576210385577595
2026-08-18 05:37:48;840339107;70.67;1005.67;0.0;110.34;16.99;110.86500000000001;110.34;110.34;110.34;0.0;0.9949685182509117;0.10018806161207632;1374.5374470825693;1945.0084152859338;0.5704709682033645
2026-08-18 05:52:48;840340007;71.12;1005.72;0.0;110.34;16.94;110.835;110.34;110.34;110.34;0.0;0.9993908270190958;0.03489949670250086;1378.9096985677177;1938.8494074349235;0.5599397088672058
2026-08-18 06:07:48;840340907;71.41;1005.46;0.0;110.11;16.84;110.79062499999999;110.34;110.34;110.34;-0.23000000000000398;0.999533590836713;-0.030538513209822475;1375.771188918276;1926.5805754351998;0.5508093865169237
2026-08-18 06:22:48;840341807;71.94;1005.59;0.0;110.58;16.75;110.783125;110.11;110.34;110.34;0.46999999999999886;0.9953961983671789;-0.09584575252022395;1378.0819668598206;1915.5990643033372;0.5375170974435166
2026-08-18 06:37:48;840342707;72.44;1005.72;0.0;110.34;16.78;110.753125;110.58;110.11;110.34;-0.23999999999999488;0.9869963665602319;-0.160742565603826;1390.307938855951;1919.2544710877296;0.5289465322317786
2026-08-18 06:52:48;840343607;72.58;1005.43;0.0;110.46;16.75;110.64750000000001;110.34;110.58;110.11;0.11999999999999034;0.9743700647852352;-0.22495105434386503;1390.341117560639;1915.598122844639;0.5252570052839999
2026-08-18 07:07:48;840344507;73.54;1004.99;0.0;111.66;16.7;110.6925;110.46;110.34;110.58;1.2000000000000028;0.9575713608048145;-0.28819626813408905;1404.2595700723764;1909.5180446999948;0.5052584746276184
2026-08-18 07:22:48;840345407;74.59;1005.14;0.0;107.31;16.61;110.47312500000001;111.66;110.46;110.34;-4.349999999999994;0.9366721892483977;-0.3502073812594673;1416.1821995937519;1898.6220667566051;0.48243986716285325
2026-08-18 07:37:48;840346307;75.2;1005.08;0.0;108.51;16.5;110.29125;107.31;111.66;110.46;1.2000000000000028;0.9117620435770886;-0.4107188526134773;1417.8038580893474;1885.3774708634937;0.46757361277414633
2026-08-18 07:52:48;840347207;76.22;1005.17;0.0;109.19;16.42;110.181875;108.51;107.31;111.66;0.6799999999999926;0.8829475928589269;-0.4694715627858909;1429.7323255928766;1875.796806078295;0.44606448048541847
2026-08-18 08:07:48;840348107;76.19;1004.99;0.0;109.76;16.53;110.108125;109.19;108.51;107.31;0.5700000000000074;0.8503522249955628;-0.5262139236518696;1439.214585079838;1888.9809490482187;0.4497663639683808
2026-08-18 08:22:48;840349007;75.95;1004.71;0.0;107.96;16.66;109.921875;109.76;109.19;108.51;-1.8000000000000114;0.8141155183563192;-0.5807029557109398;1446.5942847949707;1904.666602758355;0.45807231796338443
2026-08-18 08:37:48;840349907;75.75;1004.59;0.0;108.4;16.63;109.74875;107.96;109.76;109.19;0.44000000000001194;0.7743926440821857;-0.632705328562516;1440.034503921567;1901.0356487413428;0.46100114481977583
2026-08-18 08:52:48;840350807;76.32;1004.79;0.0;108.51;16.62;109.634375;108.4;107.96;109.76;0.10999999999999943;0.7313537016191706;-0.6819983600624984;1449.9487931613064;1899.8280832826345;0.44987929012132805
2026-08-18 09:07:48;840351707;76.25;1004.41;0.0;98.92;16.65;108.920625;108.51;108.4;107.96;-9.590000000000003;0.685182990326359;-0.7283709698824004;1451.3837419327026;1903.454087780594;0.4520703458478913
2026-08-18 09:22:48;840352607;77.02;1004.3;0.0;112.64;16.64;109.064375;98.92;108.51;108.4;13.719999999999999;0.6360782202777638;-0.77162458338772;1465.1078369157062;1902.2433613551107;0.43713552443940445
2026-08-18 09:37:48;840353507;77.61;1004.48;0.0;112.15;16.58;109.1775;112.64;98.92;108.51;-0.4899999999999949;0.5842496656374344;-0.8115739819650123;1470.7080100697237;1894.99808023415;0.4242900701644262
2026-08-18 09:52:48;840354407;77.92;1004.22;0.0;115.62;16.72;109.5075;112.15;112.64;98.92;3.469999999999999;0.5299192642332049;-0.848048096156426;1489.7855833320566;1911.9424837423724;0.4221569004103158
2026-08-18 10:07:48;840355307;80.46;1003.98;0.0;123.46;16.35;110.341875;115.62;112.15;112.64;7.839999999999989;0.4733196671848435;-0.8808907382053855;1502.5434319447702;1867.4415012984964;0.3648980693537262
2026-08-18 10:22:48;840356207;80.37;1003.74;0.0;137.72;16.52;112.038125;123.46;115.62;112.15;14.260000000000005;0.4146932426562392;-0.9099612708765431;1517.2021015628998;1887.7716829201188;0.370569581357219
2026-08-18 10:37:48;840357107;80.51;1003.62;0.0;141.53;16.58;113.9875;137.72;123.46;115.62;3.8100000000000023;0.35429103799771566;-0.9351352096860118;1525.6589187024986;1894.9930675723494;0.3693341488698509
2026-08-18 10:52:48;840358007;82.25;1003.48;0.0;142.15;16.39;115.968125;141.53;137.72;123.46;0.6200000000000045;0.2923717047227366;-0.9563047559630355;1539.888733426364;1872.2051470229349;0.33231641359657077
2026-08-18 11:07:48;840358907;82.48;1003.26;0.0;143.61;16.51;117.965;142.15;141.53;137.72;1.460000000000008;0.22920039092241454;-0.9733792584604484;1556.0409290423868;1886.5675667342223;0.3305266376918355
2026-08-18 11:22:48;840359807;82.53;1003.15;0.0;147.05;16.57;120.44875;143.61;142.15;141.53;3.4399999999999977;0.16504760586067765;-0.9862856015372314;1562.94073423293;1893.7849681727007;0.3308442339397707
2026-08-18 11:37:48;840360707;81.89;1002.91;0.0;147.27;16.69;122.87125;147.05;143.61;142.15;0.21999999999999886;0.10018806161207638;-0.9949685182509117;1562.7006308107784;1908.2923810120633;0.34559175020128485
2026-08-18 11:52:48;840361607;81.88;1002.85;0.0;149.5;16.75;125.390625;147.27;147.05;143.61;2.2299999999999898;0.0348994967025007;-0.9993908270190958;1568.4793126082384;1915.5829416319475;0.3471036290237091
2026-08-18 12:07:48;840362507;81.48;1002.77;0.0;150.17;16.77;127.91624999999999;149.5;147.27;147.05;0.6699999999999875;-0.030538513209822857;-0.9995335908367129;1562.8012295634019;1918.018200249634;0.3552169706862321
2026-08-18 12:22:48;840363407;81.26;1002.49;0.0;147.49;16.73;130.386875;150.17;149.5;147.27;-2.6799999999999784;-0.09584575252022366;-0.9953961983671789;1554.6239106841629;1913.147810342312;0.35852389965814907
2026-08-18 12:37:48;840364307;81.48;1002.46;0.0;141.74;16.75;132.470625;147.49;150.17;149.5;-5.75;-0.16074256560382613;-0.9869963665602319;1560.815110984938;1915.580646766001;0.3547655357810631
2026-08-18 12:52:48;840365207;82.23;1002.34;0.0;146.83;16.88;134.865625;141.74;147.49;150.17;5.090000000000003;-0.22495105434386498;-0.9743700647852352;1588.2402166877391;1931.4608010309364;0.3432205843431973
2026-08-18 13:07:48;840366107;82.06;1001.91;0.0;153.41;16.91;138.27125;146.83;141.74;147.49;6.579999999999984;-0.2881962681340892;-0.9575713608048144;1587.9754114586535;1935.1394241514179;0.34716401269276437
2026-08-18 13:22:48;840367007;82.86;1001.76;0.0;156.5;16.87;141.01250000000002;153.41;146.83;141.74;3.0900000000000034;-0.3502073812594677;-0.9366721892483976;1599.3899639601416;1930.2316726528381;0.3308417086926966
2026-08-18 13:37:48;840367907;83.27;1001.79;0.0;156.99;16.89;143.815;156.5;153.41;146.83;0.4900000000000091;-0.410718852613477;-0.9117620435770887;1609.3458958025453;1932.6839147382557;0.32333801893571035
2026-08-18 13:52:48;840368807;84.17;1001.83;0.0;157.23;16.83;146.415625;156.99;156.5;153.41;0.23999999999998067;-0.46947156278589086;-0.8829475928589269;1620.5554336879102;1925.336145524427;0.3047807118365167
2026-08-18 14:07:48;840369707;84.48;1001.64;0.0;157.97;17.03;148.57250000000002;157.23;156.99;156.5;0.7400000000000091;-0.5262139236518696;-0.8503522249955628;1647.2959021016106;1949.924126540732;0.30262822443912135
2026-08-18 14:22:48;840370607;85.82;1001.66;0.0;155.54;17.41;149.68625;157.97;157.23;156.99;-2.430000000000007;-0.5807029557109398;-0.8141155183563192;1714.1717113945751;1997.4035322705377;0.2832318208759625
2026-08-18 14:37:48;840371507;85.92;1001.53;0.0;158.46;17.69;150.74437500000002;155.54;157.97;157.23;2.920000000000016;-0.6327053285625163;-0.7743926440821854;1746.7822640227664;2033.0333612927916;0.2862510972700252
2026-08-18 14:52:48;840372407;87.04;1001.4;0.0;156.99;17.59;151.671875;158.46;155.54;157.97;-1.4699999999999989;-0.6819983600624984;-0.7313537016191706;1758.420265828057;2020.2438715855433;0.26182360575748637
2026-08-18 15:07:48;840373307;87.6;1001.4;0.0;157.48;17.76;152.53875;156.99;158.46;155.54;0.4899999999999807;-0.7283709698824001;-0.6851829903263593;1788.8154962811184;2042.02682223872;0.2532113259576015
2026-08-18 15:22:48;840374207;88.8;1001.41;0.0;156.99;17.77;153.16000000000003;157.48;156.99;158.46;-0.4899999999999807;-0.77162458338772;-0.6360782202777638;1814.463386084662;2043.314623969214;0.2288512378845519
2026-08-18 15:37:48;840375107;89.53;1001.66;0.0;147.49;17.79;153.17375;156.99;157.48;156.99;-9.5;-0.8115739819650121;-0.5842496656374347;1831.6887173440396;2045.8937979940126;0.21420508064997307
2026-08-18 15:52:48;840376007;89.52;1001.69;0.0;157.23;17.87;153.656875;147.49;156.99;157.48;9.73999999999998;-0.848048096156426;-0.529919264233205;1840.7397725507944;2056.232989891415;0.2154932173406205
2026-08-18 16:07:48;840376907;89.14;1001.56;0.0;156.26;18.08;154.03750000000002;157.23;147.49;156.99;-0.9699999999999989;-0.8808907382053857;-0.47331966718484314;1857.312423649816;2083.5903339127394;0.22627791026292335
2026-08-18 16:22:48;840377807;88.85;1001.62;0.0;157.97;17.93;154.6925;156.26;157.23;147.49;1.710000000000008;-0.9099612708765431;-0.41469324265623925;1833.8789630651358;2064.016840816135;0.230137877750999
2026-08-18 16:37:48;840378707;87.6;1001.52;0.0;156.75;17.82;155.630625;157.97;156.26;157.23;-1.2199999999999989;-0.9351352096860117;-0.3542910379977157;1795.5938734388185;2049.764695706414;0.25417082226759546
2026-08-18 16:52:48;840379607;88.08;1001.66;0.0;156.26;17.87;156.22;156.75;157.97;156.26;-0.4900000000000091;-0.9563047559630353;-0.2923717047227371;1811.1298520309117;2056.2328020332784;0.2451029500023667
2026-08-18 17:07:48;840380507;88.09;1001.6;0.0;154.82;17.94;156.308125;156.26;156.75;157.97;-1.4399999999999977;-0.9733792584604485;-0.22920039092241415;1819.3373978641232;2065.316605589878;0.24597920772575457
2026-08-18 17:22:48;840381407;87.13;1001.61;0.0;154.82;17.98;156.203125;154.82;156.26;156.75;0.0;-0.9862856015372314;-0.1650476058606773;1804.0470480603112;2070.5234110642846;0.26647636300397337
2026-08-18 17:37:48;840382307;86.75;1001.55;0.0;153.64;18.19;155.99375;154.82;154.82;156.26;-1.1800000000000068;-0.9949685182509117;-0.10018806161207644;1820.0563698112271;2098.0476885432013;0.27799131873197414
2026-08-18 17:52:48;840383207;85.12;1001.52;0.0;153.17;18.29;155.74;153.64;154.82;154.82;-0.46999999999999886;-0.9993908270190958;-0.03489949670250076;1797.110334601682;2111.266840462502;0.31415650586081983
2026-08-18 18:07:48;840384107;83.96;1001.48;0.0;153.41;18.44;155.45499999999998;153.17;153.64;154.82;0.2400000000000091;-0.999533590836713;0.030538513209822354;1789.3828059548941;2131.232498755234;0.34184969280033967
2026-08-18 18:22:48;840385007;84.48;1001.62;0.0;153.88;18.49;155.35125;153.41;153.17;153.64;0.46999999999999886;-0.9953961983671789;0.09584575252022405;1806.1193683351269;2137.9253886542697;0.3318060203191428
2026-08-18 18:37:48;840385907;83.56;1001.42;0.0;151.09;18.54;154.890625;153.88;153.41;153.17;-2.789999999999992;-0.9869963665602318;0.16074256560382652;1792.0565752252537;2144.634484472539;0.3525779092472853
2026-08-18 18:52:48;840386807;82.79;1001.37;0.0;148.15;18.67;154.338125;151.09;153.88;153.41;-2.9399999999999977;-0.9743700647852352;0.22495105434386492;1790.0585923866154;2162.1676439021803;0.37210905151556495
2026-08-18 19:07:48;840387707;81.23;1001.47;0.0;147.49;18.75;153.71375;148.15;151.09;153.88;-0.6599999999999966;-0.9575713608048146;0.2881962681340887;1765.1445262071177;2173.020468062437;0.4078759418553193
2026-08-18 19:22:48;840388607;80.76;1001.36;0.0;116.29;18.74;151.17;147.49;148.15;151.09;-31.200000000000003;-0.9366721892483977;0.3502073812594672;1753.8331159104623;2171.6606190075063;0.417827503097044
2026-08-18 19:37:48;840389507;81.23;1001.38;0.0;150.63;18.68;151.36625;116.29;147.49;148.15;34.33999999999999;-0.9117620435770886;0.4107188526134774;1757.428618020956;2163.5216275033313;0.40609300948237526
2026-08-18 19:52:48;840390407;81.51;1001.36;0.0;159.2;18.61;151.489375;150.63;116.29;147.49;8.569999999999993;-0.8829475928589268;0.4694715627858912;1755.7740227628922;2154.059652512443;0.39828562974955073
2026-08-18 20:07:48;840391307;81.59;1001.58;0.0;158.95;18.57;151.65749999999997;159.2;150.63;116.29;-0.25;-0.8503522249955628;0.5262139236518695;1753.1003553562236;2148.670615708081;0.39557026035185755
2026-08-18 20:22:48;840392207;82.57;1001.53;0.0;157.97;18.52;151.6575;158.95;159.2;150.63;-0.9799999999999898;-0.8141155183563196;0.5807029557109393;1768.6071487308338;2141.9488297575804;0.37334168102674653
2026-08-18 20:37:48;840393107;83.72;1001.74;0.0;159.2;18.45;151.810625;157.97;158.95;159.2;1.2299999999999898;-0.7743926440821857;0.6327053285625159;1785.3885296391018;2132.5711056367677;0.34718257599766594
2026-08-18 20:52:48;840394007;84.38;1001.93;0.0;159.2;18.39;151.99437500000002;159.2;157.97;158.95;0.0;-0.7313537016191703;0.6819983600624986;1792.7052328675436;2124.5617834410327;0.3318565505734891
2026-08-18 21:07:48;840394907;81.61;1002.0;0.0;158.71;18.3;152.2375;159.2;159.2;157.97;-0.4899999999999807;-0.6851829903263593;0.7283709698824;1724.089481205877;2112.595859828302;0.38850637862242476
2026-08-18 21:22:48;840395807;80.67;1002.23;0.0;158.21;18.2;152.44937499999997;158.71;159.2;159.2;-0.5;-0.6360782202777646;0.7716245833877194;1693.562332436984;2099.3706860505567;0.40580835361357276
2026-08-18 21:37:48;840396707;80.84;1002.42;0.0;158.95;18.15;152.78125;158.21;158.71;159.2;0.7399999999999807;-0.5842496656374341;0.8115739819650125;1691.8080695902129;2092.785835712782;0.4009777661225692
2026-08-18 21:52:48;840397607;80.96;1002.48;0.0;159.45;18.1;153.17374999999998;158.95;158.21;158.71;0.5;-0.529919264233205;0.8480480961564258;1689.0023153117781;2086.218274841623;0.3972159595298449
2026-08-18 22:07:48;840398507;81.37;1002.56;0.0;159.95;18.05;153.5825;159.45;158.95;158.21;0.5;-0.4733196671848432;0.8808907382053857;1692.226597502013;2079.6689166793817;0.38744231917736877
2026-08-18 22:22:48;840399407;81.57;1002.57;0.0;158.46;18.03;153.86874999999998;159.95;159.45;158.95;-1.4899999999999807;-0.4146932426562393;0.9099612708765431;1694.253018047189;2077.054086118903;0.3828010680717139
2026-08-18 22:37:48;840400307;81.56;1002.49;0.0;158.95;17.99;154.35999999999999;158.46;159.95;159.45;0.4899999999999807;-0.3542910379977166;0.9351352096860114;1689.7865386887809;2071.8324407660384;0.3820459020772575
2026-08-18 22:52:48;840401207;81.47;1002.32;0.0;159.2;17.98;155.050625;158.95;158.46;159.95;0.25;-0.29237170472273627;0.9563047559630357;1686.8590672244293;2070.527884159113;0.38366881693468374
2026-08-18 23:07:48;840402107;81.96;1002.42;0.0;159.2;17.96;155.7825;159.2;158.95;158.46;0.0;-0.22920039092241423;0.9733792584604485;1694.8702648473295;2067.9237003993776;0.37305343555204806
2026-08-18 23:22:48;840403007;83.12;1002.62;0.0;159.95;17.88;158.51125;159.2;159.2;158.95;0.75;-0.16504760586067735;0.9862856015372314;1710.2225999614664;2057.5344080383375;0.3473118080768711
2026-08-18 23:37:48;840403907;84.07;1002.49;0.0;159.2;17.89;159.04687499999997;159.95;159.2;159.2;-0.75;-0.1001880616120765;0.9949685182509117;1730.8582997857134;2058.8299033968283;0.32797160361111494
2026-08-18 23:52:48;840404807;84.75;1002.45;0.0;159.2;17.93;159.046875;159.2;159.95;159.2;0.0;-0.03489949670250171;0.9993908270190957;1749.258692022588;2064.0220554838797;0.31476336346129163
2026-08-19 00:07:48;840405707;84.92;1002.5;0.0;161.21;17.96;159.188125;159.2;159.2;159.95;2.0100000000000193;0.03053851320982266;0.9995335908367129;1756.081233909549;2067.9242038501516;0.3118429699406026
2026-08-19 00:22:48;840406607;85.22;1002.43;0.0;162.22;17.96;159.45374999999999;161.21;159.2;159.2;1.009999999999991;0.09584575252022397;0.9953961983671789;1762.2846311104647;2067.9237633307494;0.30563913222028466
2026-08-19 00:37:48;840407507;84.86;1002.5;0.0;159.45;18.03;159.469375;162.22;161.21;159.2;-2.7700000000000102;0.1607425656038261;0.9869963665602319;1762.5877222065012;2077.0536438917056;0.31446592168520443
2026-08-19 00:52:48;840408407;85.36;1002.45;0.0;160.2;18.03;159.53187499999999;159.45;162.22;161.21;0.75;0.224951054343865;0.9743700647852352;1772.9727207935352;2077.0533280149198;0.3040806072213845
2026-08-19 01:07:48;840409307;85.71;1002.68;0.0;161.97;17.95;159.735625;160.2;159.45;162.22;1.7700000000000102;0.28819626813408933;0.9575713608048144;1771.303436066232;2066.624006610935;0.29532057054470284
2026-08-19 01:22:48;840410207;85.88;1002.62;0.0;161.97;17.93;159.970625;161.97;160.2;159.45;0.0;0.35020738125946743;0.9366721892483976;1772.5830584981693;2064.023123542349;0.29144006504417963
2026-08-19 01:37:48;840411107;86.5;1002.39;0.0;162.48;17.94;160.19125;161.97;161.97;160.2;0.5099999999999909;0.4107188526134773;0.9117620435770886;1786.503159517478;2065.3215716965065;0.2788184121790284
2026-08-19 01:52:48;840412007;86.72;1002.38;0.0;162.48;17.95;160.380625;162.48;161.97;161.97;0.0;0.4694715627858908;0.882947592858927;1792.1747022175252;2066.622119715781;0.27444741749825585
2026-08-19 02:07:48;840412907;86.89;1002.31;0.0;162.48;17.94;160.53875;162.48;162.48;161.97;0.0;0.5262139236518696;0.8503522249955628;1794.55747668175;2065.3210688016457;0.27076359211989576
2026-08-19 02:22:48;840413807;87.35;1002.03;0.0;162.74;17.88;160.80624999999998;162.48;162.48;162.48;0.2600000000000193;0.5807029557109398;0.8141155183563192;1797.2530764752116;2057.53071147706;0.26027763500184825
2026-08-19 02:37:48;840414707;86.96;1002.01;0.0;165.07;17.92;161.18875;162.74;162.48;162.48;2.329999999999984;0.632705328562516;0.7743926440821856;1793.7414134284477;2062.720116638049;0.2689787032096015
2026-08-19 02:52:48;840415607;87.38;1001.81;0.0;163.25;17.87;161.441875;165.07;162.74;162.48;-1.8199999999999932;0.6819983600624985;0.7313537016191706;1796.7370431683253;2056.2337413233295;0.2594966981550042
2026-08-19 03:07:48;840416507;87.09;1001.51;0.0;162.74;17.9;161.66312499999998;163.25;165.07;162.74;-0.5099999999999909;0.7283709698824002;0.6851829903263592;1794.1591894284882;2060.1207824417133;0.2659615930132252
2026-08-19 03:22:48;840417407;88.09;1001.37;0.0;160.2;17.75;161.67875;162.74;163.25;165.07;-2.5400000000000205;0.7716245833877199;0.6360782202777641;1797.687520580965;2040.7396078794015;0.2430520872984366
2026-08-19 03:37:48;840418307;88.29;1001.33;0.0;162.74;17.73;161.9;160.2;162.74;163.25;2.5400000000000205;0.8115739819650123;0.5842496656374344;1799.4980308822564;2038.167437855087;0.23866940697283054
2026-08-19 03:52:48;840419207;88.32;1001.21;0.0;163.25;17.69;162.153125;162.74;160.2;162.74;0.5099999999999909;0.8480480961564258;0.5299192642332051;1795.5733124633;2033.031377336164;0.23745806487286406
2026-08-19 04:07:48;840420107;88.33;1001.14;0.0;163.51;17.73;162.296875;163.25;162.74;160.2;0.2599999999999909;0.8808907382053854;0.4733196671848436;1800.312255043316;2038.1662572662924;0.2378540022229763
2026-08-19 04:22:48;840421007;88.15;1000.74;0.0;165.07;17.75;162.475;163.51;163.25;162.74;1.5600000000000023;0.9099612708765432;0.41469324265623914;1798.908509809081;2040.7356889496093;0.24182717914052843
2026-08-19 04:37:48;840421907;88.18;1000.9;0.0;165.59;17.8;162.85875;165.07;163.51;163.25;0.5200000000000102;0.9351352096860117;0.3542910379977158;1805.2023847033113;2047.1789347962251;0.24197655009291383
2026-08-19 04:52:48;840422807;87.88;1000.77;0.0;166.65;17.89;163.261875;165.59;165.07;163.51;1.0600000000000023;0.9563047559630354;0.29237170472273677;1809.2902434760686;2058.819120933169;0.2495288774571004
2026-08-19 05:07:48;840423707;88.31;1000.63;0.0;166.65;17.84;163.554375;166.65;165.59;165.07;0.0;0.9733792584604485;0.22920039092241426;1812.424880567191;2052.3438801576162;0.2399189995904253
2026-08-19 05:22:48;840424607;89.11;1000.72;0.0;163.51;17.77;163.650625;166.65;166.65;165.59;-3.140000000000015;0.9862856015372313;0.16504760586067782;1820.79383243648;2043.3103270524969;0.22251649461601686
2026-08-19 05:37:48;840425507;89.23;1000.55;0.0;164.03;17.8;163.7475;163.51;166.65;166.65;0.5200000000000102;0.9949685182509117;0.10018806161207632;1826.6958154254162;2047.176751569445;0.22048093614402886
2026-08-19 05:52:48;840426407;89.07;1000.46;0.0;163.77;17.85;163.828125;164.03;163.51;166.65;-0.2599999999999909;0.9993908270190958;0.03489949670250086;1829.173816165975;2053.6362593083813;0.2244624431424063
2026-08-19 06:07:48;840427307;88.61;1000.28;0.0;163.25;17.92;163.87625;163.77;164.03;163.51;-0.5200000000000102;0.999533590836713;-0.030538513209822475;1827.7666694489606;2062.7092534126627;0.23494258396370218
2026-08-19 06:22:48;840428207;88.9;1000.37;0.0;164.55;17.88;163.989375;163.25;163.77;164.03;1.3000000000000114;0.9953961983671789;-0.09584575252022395;1829.135556347163;2057.5203108517017;0.2283847545045387
2026-08-19 06:37:48;840429107;88.67;999.91;0.0;162.74;17.92;163.84375;164.55;163.25;163.77;-1.8100000000000023;0.9869963665602319;-0.160742565603826;1829.0022348631928;2062.7069300363064;0.23370469517311357
2026-08-19 06:52:48;840430007;88.32;999.82;0.0;162.74;17.97;163.811875;162.74;164.55;163.25;0.0;0.9743700647852352;-0.22495105434386503;1827.5257212896563;2069.209376460209;0.24168365517055282
2026-08-19 07:07:48;840430907;87.99;999.81;0.0;164.03;17.98;163.8925;162.74;162.74;164.55;1.289999999999992;0.9575713608048145;-0.28819626813408905;1821.843570975347;2070.512070661833;0.24866849968648624
2026-08-19 07:22:48;840431807;87.88;999.69;0.0;163.51;18.02;164.09937499999998;164.03;162.74;162.74;-0.5200000000000102;0.9366721892483977;-0.3502073812594673;1824.15111607104;2075.7295358113793;0.2515784197403393
2026-08-19 07:37:48;840432707;87.64;999.58;0.0;165.07;18.06;164.245;163.51;164.03;162.74;1.5600000000000023;0.9117620435770886;-0.4107188526134773;1823.7521062974654;2080.9585877424297;0.25720648144496433
2026-08-19 07:52:48;840433607;87.94;999.53;0.0;165.59;18.04;164.39125;165.07;163.51;164.03;0.5200000000000102;0.8829475928589269;-0.4694715627858909;1827.6939163059776;2078.341956226948;0.2506480399209702
2026-08-19 08:07:48;840434507;88.74;999.52;0.0;164.03;17.95;164.42374999999998;165.59;165.07;163.51;-1.5600000000000023;0.8503522249955628;-0.5262139236518696;1833.90450584372;2066.6041309935995;0.23269962514987946
2026-08-19 08:22:48;840435407;87.99;999.56;0.0;164.55;17.94;164.39125;164.03;165.59;165.07;0.5200000000000102;0.8141155183563192;-0.5807029557109398;1817.2607973543704;2065.3037815142297;0.24804298415985931
2026-08-19 08:37:48;840436307;87.17;999.48;0.0;164.55;18.06;164.32625;164.55;164.03;165.59;0.0;0.7743926440821857;-0.632705328562516;1813.971049302881;2080.957954918987;0.266986905616106
2026-08-19 08:52:48;840437207;86.77;999.56;0.0;164.29;18.06;164.17874999999998;164.55;164.55;164.03;-0.2600000000000193;0.7313537016191706;-0.6819983600624984;1805.647656763977;2080.9584611778;0.275310804413823
2026-08-19 09:07:48;840438107;87.89;999.24;0.0;162.74;17.93;163.93437500000002;164.29;164.55;164.55;-1.549999999999983;0.685182990326359;-0.7283709698824004;1814.0512590486965;2064.0018876421623;0.2499506285934658
2026-08-19 09:22:48;840439007;88.39;999.17;0.0;150.4;17.93;163.115;162.74;164.29;164.55;-12.340000000000003;0.6360782202777638;-0.77162458338772;1824.3708797429567;2064.0014478368103;0.23963056809385352
2026-08-19 09:37:48;840439907;88.64;998.91;0.0;156.02;17.99;162.614375;150.4;162.74;164.29;5.6200000000000045;0.5842496656374344;-0.8115739819650123;1836.4522718596031;2071.8098734878195;0.23535760162821634
2026-08-19 09:52:48;840440807;89.04;998.79;0.0;156.99;18.11;162.19062499999998;156.02;150.4;162.74;0.9699999999999989;0.5299192642332049;-0.848048096156426;1858.7162329960663;2087.5070002202;0.2287907672241338
2026-08-19 10:07:48;840441707;89.99;998.77;0.0;156.02;18.05;161.73874999999998;156.99;156.02;150.4;-0.9699999999999989;0.4733196671848435;-0.8808907382053855;1871.4724871190285;2079.6449462373917;0.20817245911836313
2026-08-19 10:22:48;840442607;90.26;998.77;0.0;155.06;18.05;161.14562500000002;156.02;156.99;156.02;-0.960000000000008;0.4146932426562392;-0.9099612708765431;1877.08752847387;2079.6449462373917;0.2025574177635217
2026-08-19 10:37:48;840443507;89.7;998.6;0.0;158.21;18.05;160.8625;155.06;156.02;156.99;3.1500000000000057;0.35429103799771566;-0.9351352096860118;1865.4405523062228;2079.6438710214297;0.21420331871520693
2026-08-19 10:52:48;840444407;88.4;998.86;0.0;158.71;18.25;160.610625;158.21;155.06;156.02;0.5;0.2923717047227366;-0.9563047559630355;1861.662767400221;2105.95335678758;0.2442905893873592
2026-08-19 11:07:48;840445307;87.66;998.53;0.0;80.3;18.35;155.3775;158.71;158.21;155.06;-78.41000000000001;0.22920039092241454;-0.9733792584604484;1857.703183033506;2119.2142174692062;0.2615110344357001
2026-08-19 11:22:48;840446207;86.33;998.79;0.0;80.72;18.24;150.203125;80.3;158.71;158.21;0.4200000000000017;0.16504760586067765;-0.9862856015372314;1816.9276158666478;2104.6306218772706;0.2877030060106229
2026-08-19 11:37:48;840447107;85.98;998.72;0.0;89.94;18.28;145.5075;80.72;80.3;158.71;9.219999999999999;0.10018806161207638;-0.9949685182509117;1814.1123913519095;2109.923693128529;0.2958113017766195
2026-08-19 11:52:48;840448007;86.62;998.88;0.0;88.1;18.15;140.664375;89.94;80.72;80.3;-1.8400000000000034;0.0348994967025007;-0.9993908270190958;1812.751589845923;2092.7633223804237;0.2800117325345007
2026-08-19 12:07:48;840448907;86.11;998.69;0.0;87.64;17.91;135.89000000000001;88.1;89.94;80.72;-0.45999999999999375;-0.030538513209822857;-0.9995335908367129;1775.0722489030566;2061.400823252882;0.28632857434982567
2026-08-19 12:22:48;840449807;85.93;998.68;0.0;88.13;17.87;131.11375;87.64;88.1;89.94;0.4899999999999949;-0.09584575252022366;-0.9953961983671789;1766.9048114845164;2056.2141411433913;0.28930932965887496
2026-08-19 12:37:48;840450707;88.03;998.71;0.0;83.59;18.0;126.05375000000001;88.13;87.64;88.1;-4.539999999999992;-0.16074256560382613;-0.9869963665602319;1824.9612018476112;2073.1128045525516;0.24815160270494038
2026-08-19 12:52:48;840451607;87.26;998.44;0.0;82.56;18.21;120.945625;83.59;88.13;87.64;-1.0300000000000011;-0.22495105434386498;-0.9743700647852352;1833.0410579126915;2100.665892634301;0.26762483472160964
2026-08-19 13:07:48;840452507;87.04;998.58;0.0;83.11;18.38;115.96875;82.56;83.59;88.13;0.5499999999999972;-0.2881962681340892;-0.9575713608048144;1848.039966257382;2123.2076818214405;0.27516771556405845
2026-08-19 13:22:48;840453407;84.3;998.42;0.0;82.15;18.6;111.703125;83.11;82.56;83.59;-0.9599999999999937;-0.3502073812594677;-0.9366721892483976;1814.7191518288876;2152.691757804137;0.33797260597524953
2026-08-19 13:37:48;840454307;82.28;998.4;0.0;83.13;18.91;107.1475;82.15;83.11;82.56;0.9799999999999898;-0.410718852613477;-0.9117620435770887;1805.9207173352993;2194.8477361877726;0.3889270188524733
2026-08-19 13:52:48;840455207;82.23;998.46;0.0;84.33;19.03;102.60625;83.13;82.15;83.11;1.2000000000000028;-0.46947156278589086;-0.8829475928589269;1818.4011637862557;2211.3598002994718;0.3929586365132161
2026-08-19 14:07:48;840456107;80.92;998.46;0.0;83.51;18.98;98.074375;84.33;83.13;82.15;-0.8199999999999932;-0.5262139236518696;-0.8503522249955628;1783.854501911895;2204.4667596538497;0.42061225774195465
2026-08-19 14:22:48;840457007;73.09;998.58;0.0;99.88;18.5;94.625625;83.51;84.33;83.13;16.36999999999999;-0.5807029557109398;-0.8141155183563192;1563.5751082075853;2139.2462829492206;0.5756711747416352
2026-08-19 14:37:48;840457907;77.83;998.49;0.0;102.55;17.61;91.146875;99.88;83.51;84.33;2.6700000000000017;-0.6327053285625163;-0.7743926440821854;1574.3281074137544;2022.7779871691566;0.4484498797554022
2026-08-19 14:52:48;840458807;78.08;998.55;0.0;119.97;17.48;88.725625;102.55;99.88;83.51;17.42;-0.6819983600624984;-0.7313537016191706;1566.472497377864;2006.2403911089448;0.43976789373108066
2026-08-19 15:07:48;840459707;78.98;998.63;0.0;117.67;17.5;91.06125;119.97;102.55;99.88;-2.299999999999997;-0.7283709698824001;-0.6851829903263593;1586.532421889342;2008.7774397180829;0.42224501782874085
2026-08-19 15:22:48;840460607;78.32;998.81;0.0;120.71;17.54;93.560625;117.67;119.97;102.55;3.039999999999992;-0.77162458338772;-0.6360782202777638;1577.2552324385902;2013.860102705044;0.4366048702664539
2026-08-19 15:37:48;840461507;78.18;998.9;0.0;117.81;17.65;95.3025;120.71;117.67;119.97;-2.8999999999999915;-0.8115739819650121;-0.5842496656374347;1585.406843040153;2027.8931223332731;0.4424862792931201
2026-08-19 15:52:48;840462407;78.1;998.97;0.0;123.46;17.7;97.5125;117.81;120.71;117.67;5.6499999999999915;-0.848048096156426;-0.529919264233205;1588.788491790354;2034.300245570236;0.44551175377988195
2026-08-19 16:07:48;840463307;78.58;999.03;0.0;125.54;17.73;99.88125;123.46;117.81;120.71;2.0800000000000125;-0.8808907382053857;-0.47331966718484314;1601.5807424029977;2038.153146351486;0.4365724039484883
2026-08-19 16:22:48;840464207;78.86;998.63;0.0;82.8;17.71;99.548125;125.54;123.46;117.81;-42.74000000000001;-0.9099612708765431;-0.41469324265623925;1605.2596505902386;2035.5816010528008;0.4303219504625622
2026-08-19 16:37:48;840465107;78.77;998.0;0.0;89.3;17.91;99.90499999999999;82.8;125.54;123.46;6.5;-0.9351352096860117;-0.3542910379977157;1623.762017362876;2061.396492780089;0.437634475417213
2026-08-19 16:52:48;840466007;76.68;997.99;0.0;90.81;18.04;100.420625;89.3;82.8;125.54;1.5100000000000051;-0.9563047559630353;-0.2923717047227371;1593.6651473896334;2078.33222142623;0.4846670740365964
2026-08-19 17:07:48;840466907;76.17;997.73;0.0;91.71;18.08;100.958125;90.81;89.3;82.8;0.8999999999999915;-0.9733792584604485;-0.22920039092241415;1587.0522755206734;2083.5660700021967;0.4965137944815233
2026-08-19 17:22:48;840467807;76.66;997.96;0.0;92.06;17.89;101.5775;91.71;90.81;89.3;0.3500000000000085;-0.9862856015372314;-0.1650476058606773;1578.2772336924672;2058.801504947127;0.48052427125465963
2026-08-19 17:37:48;840468707;77.32;997.87;0.0;90.63;17.86;102.04625;92.06;91.71;90.81;-1.4300000000000068;-0.9949685182509117;-0.10018806161207644;1588.8596641191361;2054.9142060516506;0.46605454193251444
2026-08-19 17:52:48;840469607;78.67;997.61;0.0;91.13;17.91;102.47125;90.63;92.06;91.71;0.5;-0.9993908270190958;-0.03489949670250076;1621.6986952852635;2061.394045106474;0.43969534982121056
2026-08-19 18:07:48;840470507;79.05;997.98;0.0;92.26;17.85;103.018125;91.13;90.63;92.06;1.1300000000000097;-0.999533590836713;0.030538513209822354;1623.3872000714282;2053.6207464534195;0.43023354638199135
2026-08-19 18:22:48;840471407;78.82;997.69;0.0;92.31;17.77;102.545;92.26;91.13;90.63;0.04999999999999716;-0.9953961983671789;0.09584575252022405;1610.522326876141;2043.2914575946984;0.4327691307185573
2026-08-19 18:37:48;840472307;79.59;997.54;0.0;93.5;17.59;101.979375;92.31;92.26;91.13;1.1899999999999977;-0.9869963665602318;0.16074256560382652;1607.893155202293;2020.220071871206;0.4123269166689131
2026-08-19 18:52:48;840473207;80.82;997.55;0.0;95.7;17.36;100.4625;93.5;92.31;92.26;2.200000000000003;-0.9743700647852352;0.22495105434386492;1609.1858992830314;1991.0738669673738;0.38188796768434236
2026-08-19 19:07:48;840474107;81.55;997.09;0.0;96.71;17.17;99.1525;95.7;93.5;92.31;1.009999999999991;-0.9575713608048146;0.2881962681340887;1604.3108107239818;1967.2726066511118;0.36296179592712996
2026-08-19 19:22:48;840475007;81.98;997.02;0.0;101.31;17.16;97.94;96.71;95.7;93.5;4.6000000000000085;-0.9366721892483977;0.3502073812594672;1611.748587533744;1966.026576645211;0.3542779891114669
2026-08-19 19:37:48;840475907;81.52;996.72;0.0;102.01;17.21;96.9525;101.31;96.71;95.7;0.7000000000000028;-0.9117620435770886;0.4107188526134774;1607.7861341652267;1972.259732783644;0.3644735986184173
2026-08-19 19:52:48;840476807;81.93;996.81;0.0;101.22;17.04;95.5625;102.01;101.31;96.71;-0.7900000000000063;-0.8829475928589268;0.4694715627858912;1598.5623625537503;1951.1318961964487;0.3525695336426984
2026-08-19 20:07:48;840477707;82.76;997.18;0.0;100.62;16.87;94.005;101.22;102.01;101.31;-0.5999999999999943;-0.8503522249955628;0.5262139236518695;1597.4372781996165;1930.204541082185;0.3327672628825685
2026-08-19 20:22:48;840478607;83.26;996.94;0.0;100.71;16.7;95.124375;100.62;101.22;102.01;0.0899999999999892;-0.8141155183563196;0.5807029557109393;1589.8253942543765;1909.4708074157775;0.31964541316140094
2026-08-19 20:37:48;840479507;83.39;996.93;0.0;100.88;16.76;95.84812500000001;100.71;100.62;101.22;0.1700000000000017;-0.7743926440821857;0.6327053285625159;1598.390843747246;1916.7656118806162;0.31837476813337023
2026-08-19 20:52:48;840480407;83.14;997.01;0.0;99.71;16.77;96.40437499999999;100.88;100.71;100.62;-1.1700000000000017;-0.7313537016191703;0.6819983600624986;1594.6121205520417;1917.9842681645919;0.3233721476125502
2026-08-19 21:07:48;840481307;83.25;997.14;0.0;102.01;16.84;97.048125;99.71;100.88;100.71;2.3000000000000114;-0.6851829903263593;0.7283709698824;1603.8373668030624;1926.5313715352104;0.32269400473214793
2026-08-19 21:22:48;840482207;83.21;997.29;0.0;102.01;16.89;97.67;102.01;99.71;100.88;0.0;-0.6360782202777646;0.7716245833877194;1608.164078911174;1932.6572273899462;0.32449314847877214
2026-08-19 21:37:48;840483107;83.14;997.34;0.0;101.92;16.92;98.375625;102.01;102.01;99.71;-0.09000000000000341;-0.5842496656374341;0.8115739819650125;1609.8736586388898;1936.3407007925064;0.3264670421536166
2026-08-19 21:52:48;840484007;82.84;997.28;0.0;101.65;16.93;99.033125;101.92;102.01;102.01;-0.269999999999996;-0.529919264233205;0.8480480961564258;1605.0825220892589;1937.56943757757;0.33248691548831105
2026-08-19 22:07:48;840484907;82.61;997.31;0.0;101.48;16.9;99.609375;101.65;101.92;102.01;-0.1700000000000017;-0.4733196671848432;0.8808907382053857;1597.5818928882277;1933.8843879533079;0.33630249506508014
2026-08-19 22:22:48;840485807;82.83;997.58;0.0;100.96;16.87;100.15;101.48;101.65;101.92;-0.5200000000000102;-0.4146932426562393;0.9099612708765431;1598.790384132238;1930.2069106993092;0.33141652656707127
2026-08-19 22:37:48;840486707;82.85;997.65;0.0;99.96;16.81;100.55375;100.96;101.48;101.65;-1.0;-0.3542910379977166;0.9351352096860114;1593.0957932589859;1922.867583897388;0.32977179063840206
2026-08-19 22:52:48;840487607;83.24;997.77;0.0;100.2;16.76;100.835;99.96;100.96;101.48;0.2400000000000091;-0.29237170472273627;0.9563047559630357;1595.5198122052739;1916.77055767092;0.3212507454656461
2026-08-19 23:07:48;840488507;83.48;997.92;0.0;100.12;16.75;101.048125;100.2;99.96;100.96;-0.0799999999999983;-0.22920039092241423;0.9733792584604485;1599.1044220645172;1915.5539315578785;0.31644950949336137
2026-08-19 23:22:48;840489407;83.77;998.06;0.0;99.31;16.72;100.923125;100.12;100.2;99.96;-0.8100000000000023;-0.16504760586067735;0.9862856015372314;1601.6039047311472;1911.906296682759;0.31030239195161174
2026-08-19 23:37:48;840490307;83.76;998.06;0.0;99.71;16.76;100.779375;99.31;100.12;100.2;0.3999999999999915;-0.1001880616120765;0.9949685182509117;1605.4884492787378;1916.772265136984;0.31128381585824627
2026-08-19 23:52:48;840491207;83.69;998.15;0.0;100.04;16.75;100.705625;99.71;99.31;100.12;0.3300000000000125;-0.03489949670250171;0.9993908270190957;1603.128218015599;1915.5552849989233;0.3124270669833243
2026-08-20 00:07:48;840492107;83.91;998.2;0.0;100.79;16.66;100.71625;100.04;99.71;99.31;0.75;0.03053851320982266;0.9995335908367129;1598.1737638274697;1904.6284874597425;0.30645472363227283
2026-08-20 00:22:48;840493007;84.17;998.33;0.0;100.62;16.59;100.71062500000001;100.79;100.04;99.71;-0.1700000000000017;0.09584575252022397;0.9953961983671789;1596.004816396402;1896.1682504412522;0.3001634340448502
2026-08-20 00:37:48;840493907;83.86;998.47;0.0;99.31;16.56;100.6125;100.62;100.79;100.04;-1.3100000000000023;0.1607425656038261;0.9869963665602319;1587.094973116129;1892.5530325734903;0.30545805945736126
2026-08-20 00:52:48;840494807;84.32;998.56;0.0;99.39;16.4;100.5925;99.31;100.62;100.79;0.0799999999999983;0.224951054343865;0.9743700647852352;1579.6256293232218;1873.370053751449;0.2937444244282271
2026-08-20 01:07:48;840495707;84.17;998.63;0.0;99.63;16.46;100.44375;99.39;99.31;100.62;0.23999999999999488;0.28819626813408933;0.9575713608048144;1582.8540352578673;1880.544178754743;0.2976901434968756
2026-08-20 01:22:48;840496607;84.1;998.59;0.0;100.79;16.45;100.36749999999999;99.63;99.39;99.31;1.1600000000000108;0.35020738125946743;0.9366721892483976;1580.5305373010106;1879.3466555303337;0.29881611822932314
2026-08-20 01:37:48;840497507;83.96;998.5;0.0;101.31;16.36;100.329375;100.79;99.63;99.39;0.519999999999996;0.4107188526134773;0.9117620435770886;1568.8770486948201;1868.600582056718;0.29972353336189783
2026-08-20 01:52:48;840498407;83.47;998.5;0.0;100.71;16.32;100.270625;101.31;100.79;99.63;-0.6000000000000085;0.4694715627858908;0.882947592858927;1555.7490140615;1863.8421158038814;0.30809310174238136
2026-08-20 02:07:48;840499307;83.39;998.59;0.0;101.13;16.2;100.24875;100.71;101.31;100.79;0.4200000000000017;0.5262139236518696;0.8503522249955628;1542.4072772084062;1849.6309835812522;0.30722370637284596
2026-08-20 02:22:48;840500207;83.36;998.77;0.0;101.31;16.05;100.270625;101.13;100.71;101.31;0.18000000000000682;0.5807029557109398;0.8141155183563192;1527.1562506693701;1832.0012603999164;0.3048450097305463
2026-08-20 02:37:48;840501107;83.89;998.7;0.0;101.13;15.94;100.34375;101.31;101.13;100.71;-0.18000000000000682;0.632705328562516;0.7743926440821856;1526.098006329285;1819.165581510651;0.293067575181366
2026-08-20 02:52:48;840502007;83.91;999.01;0.0;100.88;15.97;100.38625;101.13;101.31;101.13;-0.25;0.6819983600624985;0.7313537016191706;1529.3940109832365;1822.6600059387877;0.29326599495555117
2026-08-20 03:07:48;840502907;83.62;998.98;0.0;100.79;16.17;100.428125;100.88;101.13;101.31;-0.0899999999999892;0.7283709698824002;0.6851829903263592;1543.7047980704526;1846.0951902301513;0.30239039215969865
2026-08-20 03:22:48;840503807;83.85;999.04;0.0;101.13;16.07;100.541875;100.79;100.88;101.13;0.3399999999999892;0.7716245833877199;0.6360782202777641;1538.0982823469253;1834.3449998174424;0.29624671747051706
2026-08-20 03:37:48;840504707;84.64;998.96;0.0;100.96;16.01;100.62;101.13;100.79;100.88;-0.1700000000000017;0.8115739819650123;0.5842496656374344;1546.6485472544605;1827.3257883441167;0.28067724108965625
2026-08-20 03:52:48;840505607;84.53;999.16;0.0;101.57;16.08;100.715625;100.96;101.13;100.79;0.6099999999999994;0.8480480961564258;0.5299192642332051;1551.5631720270578;1835.5177712374987;0.28395459921044086
2026-08-20 04:07:48;840506507;84.22;999.25;0.0;101.31;16.15;100.748125;101.57;100.96;101.13;-0.2599999999999909;0.8808907382053854;0.4733196671848436;1552.798964116219;1843.741348986249;0.2909423848700301
2026-08-20 04:22:48;840507407;84.19;999.38;0.0;96.5;16.19;100.490625;101.31;101.57;100.96;-4.810000000000002;0.9099612708765432;0.41469324265623914;1556.2146770869865;1848.4554900665003;0.29224081297951376
2026-08-20 04:37:48;840508307;83.85;999.71;0.0;101.48;16.14;100.62625;96.5;101.31;101.57;4.980000000000004;0.9351352096860117;0.3542910379977158;1544.9926516886178;1842.5672649834444;0.2975746132948266
2026-08-20 04:52:48;840509207;84.01;999.73;0.0;100.88;15.98;100.719375;101.48;96.5;101.31;-0.6000000000000085;0.9563047559630354;0.29237170472273677;1532.1992459286143;1823.8295987723059;0.29163035284369154
2026-08-20 05:07:48;840510107;84.13;999.75;0.0;101.83;15.88;100.856875;100.88;101.48;96.5;0.9500000000000028;0.9733792584604485;0.22920039092241426;1524.607001175628;1812.2037337164245;0.28759673254079643
2026-08-20 05:22:48;840511007;84.5;999.71;0.0;102.1;15.82;100.93875;101.83;100.88;101.48;0.269999999999996;0.9862856015372313;0.16504760586067782;1525.4440228212038;1805.259198604975;0.27981517578377113
2026-08-20 05:37:48;840511907;84.74;999.67;0.0;102.1;15.81;100.988125;102.1;101.83;100.88;0.0;0.9949685182509117;0.10018806161207632;1528.7976147231955;1804.1038644361524;0.275306249712957
2026-08-20 05:52:48;840512807;84.76;999.66;0.0;102.19;15.94;101.080625;102.1;102.1;101.83;0.09000000000000341;0.9993908270190958;0.03489949670250086;1541.9293231122315;1819.1709805477012;0.27724165743546975
2026-08-20 06:07:48;840513707;85.3;999.75;0.0;102.1;15.82;101.14125;102.19;102.1;102.1;-0.09000000000000341;0.999533590836713;-0.030538513209822475;1539.8862870132543;1805.2594220553979;0.26537313504214355
2026-08-20 06:22:48;840514607;84.87;999.78;0.0;102.37;15.77;101.2075;102.1;102.19;102.1;0.27000000000001023;0.9953961983671789;-0.09584575252022395;1527.2276051584456;1799.4905209832045;0.2722629158247589
2026-08-20 06:37:48;840515507;84.19;999.58;0.0;100.12;15.62;101.14437500000001;102.37;102.1;102.19;-2.25;0.9869963665602319;-0.160742565603826;1500.500872141459;1782.279216226938;0.2817783440854789
2026-08-20 06:52:48;840516407;83.95;999.61;0.0;102.1;15.67;101.220625;100.12;102.37;102.1;1.9799999999999898;0.9743700647852352;-0.22495105434386503;1501.0259862064627;1787.999983569342;0.2869739973628793
2026-08-20 07:07:48;840517307;84.56;999.55;0.0;101.39;15.67;101.258125;102.1;100.12;102.37;-0.7099999999999937;0.9575713608048145;-0.28819626813408905;1511.9325050571647;1787.999651202891;0.27606714614572636
2026-08-20 07:22:48;840518207;84.56;999.61;0.0;101.57;15.74;101.285625;101.39;102.1;100.12;0.1799999999999926;0.9366721892483977;-0.3502073812594673;1518.7279652349835;1796.0359096913237;0.2773079444563402
2026-08-20 07:37:48;840519107;84.3;999.62;0.0;101.13;15.66;101.29625;101.57;101.39;102.1;-0.4399999999999977;0.9117620435770886;-0.4107188526134773;1506.3184535493456;1786.8546305448942;0.28053617699554867
2026-08-20 07:52:48;840520007;83.96;999.71;0.0;101.57;15.94;101.29625;101.13;101.57;101.39;0.4399999999999977;0.8829475928589269;-0.4694715627858909;1527.3761913622654;1819.1712617463859;0.29179507038412045
2026-08-20 08:07:48;840520907;84.93;999.84;0.0;101.05;15.88;101.28;101.57;101.13;101.57;-0.519999999999996;0.8503522249955628;-0.5262139236518696;1539.105059481263;1812.2042381740996;0.2730991786928366
2026-08-20 08:22:48;840521807;84.92;999.68;0.0;100.88;16.09;101.55375;101.05;101.57;101.13;-0.1700000000000017;0.8141155183563192;-0.5807029557109398;1559.7200941968176;1836.693469379201;0.2769733751823833
2026-08-20 08:37:48;840522707;85.48;999.77;0.0;100.88;16.16;101.51625;100.88;101.05;101.57;0.0;0.7743926440821857;-0.632705328562516;1577.0390430609632;1844.9216694676686;0.2678826264067054
2026-08-20 08:52:48;840523607;86.25;999.74;0.0;100.88;16.24;101.51625;100.88;100.88;101.05;0.0;0.7313537016191706;-0.6819983600624984;1599.3890982217858;1854.3641718513459;0.25497507362956
2026-08-20 09:07:48;840524507;85.21;999.91;0.0;100.79;16.7;101.45124999999999;100.88;100.88;100.88;-0.0899999999999892;0.685182990326359;-0.7283709698824004;1627.0749256772137;1909.4882357437084;0.28241331006649467
2026-08-20 09:22:48;840525407;84.81;1000.01;0.0;100.71;16.57;101.364375;100.79;100.88;100.88;-0.0800000000000125;0.6360782202777638;-0.77162458338772;1606.1035178576092;1893.7666759316223;0.28766315807401316
2026-08-20 09:37:48;840526307;83.95;1000.04;0.0;100.45;16.86;101.26125;100.71;100.79;100.88;-0.2599999999999909;0.5842496656374344;-0.8115739819650123;1619.3925459243085;1928.9964811486698;0.3096039352243613
2026-08-20 09:52:48;840527207;82.69;1000.04;0.0;99.16;17.02;101.071875;100.45;100.71;100.79;-1.2900000000000063;0.5299192642332049;-0.848048096156426;1611.362336215315;1948.6786022678864;0.3373162660525713
2026-08-20 10:07:48;840528107;82.36;1000.15;0.0;99.39;17.44;100.90249999999999;99.16;100.45;100.71;0.23000000000000398;0.4733196671848435;-0.8808907382053855;1648.1763656636836;2001.185485264307;0.35300911960062353
2026-08-20 10:22:48;840529007;79.91;1000.27;0.0;99.88;17.59;100.746875;99.39;99.16;100.45;0.4899999999999949;0.4146932426562392;-0.9099612708765431;1614.3713103173204;2020.2369044141165;0.405865594096796
2026-08-20 10:37:48;840529907;78.71;1000.4;0.0;99.55;17.75;100.71124999999999;99.88;99.39;99.16;-0.3299999999999983;0.35429103799771566;-0.9351352096860118;1606.2613960641856;2040.7335739603427;0.43447217789615705
2026-08-20 10:52:48;840530807;77.9;1000.42;0.0;99.47;17.73;100.546875;99.55;99.88;99.39;-0.0799999999999983;0.2923717047227366;-0.9563047559630355;1587.7280292949415;2038.1617834338147;0.45043375413887315
2026-08-20 11:07:48;840531707;75.46;1000.41;0.0;98.16;18.8;100.34499999999998;99.47;99.55;99.88;-1.3100000000000023;0.22920039092241454;-0.9733792584604484;1644.892398497133;2179.8203001552256;0.5349279016580927
2026-08-20 11:22:48;840532607;69.56;1000.36;0.0;98.61;19.36;100.16;98.16;99.47;99.55;0.45000000000000284;0.16504760586067765;-0.9862856015372314;1570.2072971175714;2257.34229027828;0.6871349931607085
2026-08-20 11:37:48;840533507;65.97;1000.36;0.0;98.08;19.77;99.969375;98.61;98.16;99.47;-0.5300000000000011;0.10018806161207638;-0.9949685182509117;1527.6150893673412;2315.6208721651374;0.7880057827977962
2026-08-20 11:52:48;840534407;68.06;1000.38;0.0;98.38;19.24;99.77;98.08;98.61;98.16;0.29999999999999716;0.0348994967025007;-0.9993908270190958;1524.904848485022;2240.530191720573;0.7156253432355508
2026-08-20 12:07:48;840535307;58.98;1000.34;0.0;98.23;21.85;99.59375;98.38;98.08;98.61;-0.14999999999999147;-0.030538513209822857;-0.9995335908367129;1552.3775604269108;2632.040624664142;1.0796630642372311
2026-08-20 12:22:48;840536207;57.35;1000.23;0.0;96.57;21.73;99.324375;98.23;98.38;98.08;-1.6600000000000108;-0.09584575252022366;-0.9953961983671789;1498.4450255277357;2612.8073679646654;1.1143623424369298
2026-08-20 12:37:48;840537107;57.55;1000.25;0.0;95.9;21.79;99.013125;96.57;98.23;98.38;-0.6699999999999875;-0.16074256560382613;-0.9869963665602319;1509.1959781272956;2622.4083025669775;1.1132123244396819
2026-08-20 12:52:48;840538007;53.79;1000.14;0.0;95.5;21.5;98.676875;95.9;96.57;98.23;-0.4000000000000057;-0.22495105434386498;-0.9743700647852352;1385.7852639832895;2576.287904783955;1.1905026408006656
2026-08-20 13:07:48;840538907;53.57;1000.09;0.0;95.57;22.07;98.35062500000001;95.5;95.9;96.57;0.06999999999999318;-0.2881962681340892;-0.9575713608048144;1429.043942892433;2667.6198299280068;1.2385758870355736
2026-08-20 13:22:48;840539807;52.52;1000.3;0.0;96.1;22.03;98.0625;95.57;95.5;95.9;0.5300000000000011;-0.3502073812594677;-0.9366721892483976;1397.6207852068412;2661.121068558342;1.2635002833515008
2026-08-20 13:37:48;840540707;55.91;1000.31;0.0;97.64;20.84;97.886875;96.1;95.57;95.5;1.5400000000000063;-0.410718852613477;-0.9117620435770887;1383.1930241143943;2473.963555919146;1.0907705318047518
2026-08-20 13:52:48;840541607;58.16;1000.38;0.0;96.78;20.5;97.738125;97.64;96.1;95.57;-0.8599999999999994;-0.46947156278589086;-0.8829475928589269;1409.0148016127084;2422.6526850287287;1.0136378834160202
2026-08-20 14:07:48;840542507;52.45;1000.19;0.0;94.81;21.64;97.451875;96.78;97.64;96.1;-1.9699999999999989;-0.5262139236518696;-0.8503522249955628;1362.8941248703597;2598.463536454451;1.2355694115840914
2026-08-20 14:22:48;840543407;51.91;1000.03;0.0;94.08;22.32;97.08937499999999;94.81;96.78;97.64;-0.730000000000004;-0.5807029557109398;-0.8141155183563192;1406.014753730137;2708.5624229052914;1.3025476691751543
2026-08-20 14:37:48;840544307;52.96;1000.1;0.0;96.23;21.63;96.881875;94.08;94.81;96.78;2.1500000000000057;-0.6327053285625163;-0.7743926440821854;1375.304141642889;2596.8733792350627;1.2215692375921738
2026-08-20 14:52:48;840545207;52.1;1000.22;0.0;95.57;21.36;96.638125;96.23;94.08;94.81;-0.6600000000000108;-0.6819983600624984;-0.7313537016191706;1330.779355274318;2554.2789928489788;1.2234996375746607
2026-08-20 15:07:48;840546107;48.81;1000.09;0.0;94.62;22.17;96.416875;95.57;96.23;94.08;-0.9499999999999886;-0.7283709698824001;-0.6851829903263593;1310.0270366021307;2683.931646388303;1.3739046097861722
2026-08-20 15:22:48;840547007;52.69;1000.29;0.0;94.87;21.78;96.183125;94.62;95.57;96.23;0.25;-0.77162458338772;-0.6360782202777638;1380.9028622571557;2620.806343247591;1.2399034809904355
2026-08-20 15:37:48;840547907;54.27;1000.15;0.0;95.44;21.68;96.018125;94.87;94.62;95.57;0.5699999999999932;-0.8115739819650121;-0.5842496656374347;1413.6410243249943;2604.8296007462577;1.1911885764212633
2026-08-20 15:52:48;840548807;53.52;1000.12;0.0;95.18;21.49;95.818125;95.44;94.87;94.62;-0.2599999999999909;-0.848048096156426;-0.529919264233205;1377.984877626817;2574.710159990316;1.1967252823634988
2026-08-20 16:07:48;840549707;53.5;1000.16;0.0;94.26;21.65;95.57;95.18;95.44;94.87;-0.9200000000000017;-0.8808907382053857;-0.47331966718484314;1391.0286873931786;2600.053621295661;1.2090249339024821
2026-08-20 16:22:48;840550607;54.55;999.98;0.0;94.93;21.53;95.4675;94.26;95.18;95.44;0.6700000000000017;-0.9099612708765431;-0.41469324265623925;1407.9488821331909;2581.024531866528;1.173075649733337
2026-08-20 16:37:48;840551507;54.67;999.94;0.0;94.68;21.8;95.39125;94.93;94.26;95.18;-0.25;-0.9351352096860117;-0.3542910379977157;1434.545732440433;2624.009022206755;1.189463289766322
2026-08-20 16:52:48;840552407;53.43;999.97;0.0;94.26;21.65;95.31375000000001;94.68;94.93;94.26;-0.4200000000000017;-0.9563047559630353;-0.2923717047227371;1389.2078681322282;2600.05215821117;1.2108442900789418
2026-08-20 17:07:48;840553307;51.72;999.94;0.0;94.75;21.43;95.2625;94.26;94.68;94.93;0.4899999999999949;-0.9733792584604485;-0.22920039092241415;1326.752975385814;2565.2609732904366;1.2385079979046227
2026-08-20 17:22:48;840554207;51.93;999.98;0.0;94.26;21.3;95.14750000000001;94.75;94.26;94.68;-0.4899999999999949;-0.9862856015372314;-0.1650476058606773;1321.563973560501;2544.895000116505;1.223331026556004
2026-08-20 17:37:48;840555107;51.98;999.91;0.0;94.26;21.47;94.93625;94.26;94.75;94.26;0.0;-0.9949685182509117;-0.10018806161207644;1336.6947618294748;2571.5559096373127;1.2348611478078377
2026-08-20 17:52:48;840556007;51.33;999.9;0.0;94.68;21.57;94.805;94.26;94.26;94.75;0.4200000000000017;-0.9993908270190958;-0.03489949670250076;1328.088246822027;2587.352906335529;1.259264659513502
2026-08-20 18:07:48;840556907;51.74;999.77;0.0;93.96;21.35;94.751875;94.68;94.26;94.26;-0.7200000000000131;-0.999533590836713;0.030538513209822354;1320.7720446380738;2552.7097886317624;1.2319377439936887
2026-08-20 18:22:48;840557807;49.16;999.92;0.0;93.56;21.25;94.71937500000001;93.96;94.68;94.26;-0.3999999999999915;-0.9953961983671789;0.09584575252022405;1247.2379256715162;2537.099116500236;1.2898611908287199
2026-08-20 18:37:48;840558707;54.78;1000.28;0.0;93.56;20.88;94.55250000000001;93.56;93.96;94.68;0.0;-0.9869963665602318;0.16074256560382652;1358.5779900114765;2480.062048213721;1.1214840582022445
2026-08-20 18:52:48;840559607;59.72;1000.1;0.0;93.91;20.12;94.44874999999999;93.56;93.56;93.96;0.3499999999999943;-0.9743700647852352;0.22495105434386492;1413.2184441326613;2366.4073076568343;0.953188863524173
2026-08-20 19:07:48;840560507;61.54;1000.28;0.0;93.73;20.05;94.393125;93.91;93.56;93.56;-0.1799999999999926;-0.9575713608048146;0.2881962681340887;1449.9892418956497;2356.1736137400876;0.9061843718444379
2026-08-20 19:22:48;840561407;64.28;1000.38;0.0;93.73;19.81;94.32187499999999;93.73;93.91;93.56;0.0;-0.9366721892483977;0.3502073812594672;1492.1809114746823;2321.3766513296237;0.8291957398549414
2026-08-20 19:37:48;840562307;59.93;1000.39;0.0;93.39;19.28;94.19375000000001;93.73;93.73;93.91;-0.3400000000000034;-0.9117620435770886;0.4107188526134774;1346.1009791231354;2246.1221076641673;0.9000211285410319
2026-08-20 19:52:48;840563207;63.79;1000.43;0.0;94.44;18.9;94.14750000000001;93.39;93.73;93.73;1.0499999999999972;-0.8829475928589268;0.4694715627858912;1399.2273403133825;2193.490108658696;0.7942627683453136
2026-08-20 20:07:48;840564107;67.54;1000.54;0.0;94.56;18.66;94.16625;94.44;93.39;93.73;0.12000000000000455;-0.8503522249955628;0.5262139236518695;1459.4104251363524;2160.809039289831;0.7013986141534788
2026-08-20 20:22:48;840565007;67.72;1000.41;0.0;93.91;18.75;94.1025;94.56;94.44;93.39;-0.6500000000000057;-0.8141155183563196;0.5807029557109393;1471.5647422574993;2173.0135000849077;0.7014487578274083
2026-08-20 20:37:48;840565907;68.22;1000.41;0.0;94.08;18.74;94.065;93.91;94.56;94.44;0.1700000000000017;-0.7743926440821857;0.6327053285625159;1481.5026163667692;2171.654377553165;0.6901517611863958
2026-08-20 20:52:48;840566807;68.5;1000.38;0.0;94.08;18.53;94.05375;94.08;93.91;94.56;0.0;-0.7313537016191703;0.6819983600624986;1468.1496612737355;2143.2841770419495;0.675134515768214
2026-08-20 21:07:48;840567707;70.59;1000.54;0.0;94.26;18.32;94.023125;94.08;94.08;93.91;0.18000000000000682;-0.6851829903263593;0.7283709698824;1493.1483137083342;2115.2405634060547;0.6220922496977205
2026-08-20 21:22:48;840568607;70.79;1000.8;0.0;94.08;18.21;94.011875;94.26;94.08;94.08;-0.18000000000000682;-0.6360782202777646;0.7716245833877194;1487.0720455815388;2100.6809515207497;0.6136089059392109
2026-08-20 21:37:48;840569507;70.5;1000.88;0.0;94.2;18.01;94.00812499999999;94.08;94.26;94.08;0.12000000000000455;-0.5842496656374341;0.8115739819650125;1462.474144377064;2074.4314104639207;0.6119572660868566
2026-08-20 21:52:48;840570407;70.6;1000.98;0.0;94.02;17.8;93.96687499999999;94.2;94.08;94.26;-0.18000000000000682;-0.529919264233205;0.8480480961564258;1445.308680275719;2047.179433818299;0.6018707535425799
2026-08-20 22:07:48;840571307;70.91;1001.02;0.0;94.08;17.78;93.97437500000001;94.02;94.2;94.08;0.060000000000002274;-0.4733196671848432;0.8808907382053857;1449.826317705047;2044.6006454732012;0.5947743277681543
2026-08-20 22:22:48;840572207;70.91;1001.09;0.0;93.91;17.7;93.99624999999999;94.08;94.02;94.2;-0.1700000000000017;-0.4146932426562393;0.9099612708765431;1442.5316296414019;2034.3133967584288;0.5917817671170269
2026-08-20 22:37:48;840573107;70.59;1001.14;0.0;93.91;17.65;94.018125;93.91;94.08;94.02;0.0;-0.3542910379977166;0.9351352096860114;1431.4995368213974;2027.9069794891589;0.5964074426677615
2026-08-20 22:52:48;840574007;70.03;1001.12;0.0;93.91;17.63;94.01812500000001;93.91;93.91;94.08;0.0;-0.29237170472273627;0.9563047559630357;1418.3519912551133;2025.3491235971915;0.6069971323420782
2026-08-20 23:07:48;840574907;69.33;1001.46;0.0;94.08;17.61;94.04;93.91;93.91;93.91;0.1700000000000017;-0.22920039092241423;0.9733792584604485;1402.4046883768387;2022.7963195973443;0.6203916312205056
2026-08-20 23:22:48;840575807;67.96;1001.41;0.0;93.62;17.56;94.033125;94.08;93.91;93.91;-0.45999999999999375;-0.16504760586067735;0.9862856015372314;1370.359787200342;2016.4211112424105;0.6460613240420685
2026-08-20 23:37:48;840576707;67.67;1001.57;0.0;93.67;17.51;94.050625;93.62;94.08;93.91;0.04999999999999716;-0.1001880616120765;0.9949685182509117;1360.2108638455418;2010.0648202239424;0.6498539563784006
2026-08-20 23:52:48;840577607;67.4;1001.77;0.0;93.73;17.43;94.00625;93.67;93.62;94.08;0.060000000000002274;-0.03489949670250171;0.9993908270190957;1347.953467813832;1999.9309611481187;0.6519774933342867
2026-08-21 00:07:48;840578507;68.0;1002.0;0.0;93.62;17.29;93.9475;93.73;93.67;93.62;-0.10999999999999943;0.03053851320982266;0.9995335908367129;1347.9665643537903;1982.303771108515;0.6343372067547248
2026-08-21 00:22:48;840579407;70.22;1002.26;0.0;93.5;17.18;93.921875;93.62;93.73;93.67;-0.12000000000000455;0.09584575252022397;0.9953961983671789;1382.3158569955815;1968.5500669262055;0.586234209930624
2026-08-21 00:37:48;840580307;69.5;1002.05;0.0;93.33;17.17;93.875;93.5;93.62;93.73;-0.1700000000000017;0.1607425656038261;0.9869963665602319;1367.2752262913154;1967.3024838723968;0.6000272575810813
2026-08-21 00:52:48;840581207;69.63;1001.92;0.0;93.67;17.16;93.84937500000001;93.33;93.5;93.62;0.3400000000000034;0.224951054343865;0.9743700647852352;1368.9648457711462;1966.0560760751778;0.5970912303040316
2026-08-21 01:07:48;840582107;68.32;1001.95;0.0;93.17;17.19;93.78125;93.67;93.33;93.5;-0.5;0.28819626813408933;0.9575713608048144;1345.764086284852;1969.7952082623717;0.6240311219775196
2026-08-21 01:22:48;840583007;68.96;1001.93;0.0;93.06;17.11;93.7175;93.17;93.67;93.33;-0.10999999999999943;0.35020738125946743;0.9366721892483976;1351.50455001353;1959.8383845903857;0.6083338345768556
2026-08-21 01:37:48;840583907;68.81;1001.88;0.0;93.0;17.03;93.64250000000001;93.06;93.17;93.67;-0.060000000000002274;0.4107188526134773;0.9117620435770886;1341.7437785034037;1949.9255609699226;0.6081817824665188
2026-08-21 01:52:48;840584807;68.81;1001.8;0.0;92.79;16.98;93.56562500000001;93.0;93.06;93.17;-0.20999999999999375;0.4694715627858908;0.882947592858927;1337.495831907712;1943.7521172906727;0.6062562853829606
2026-08-21 02:07:48;840585707;69.43;1001.76;0.0;93.28;16.82;93.515625;92.79;93.0;93.06;0.4899999999999949;0.5262139236518696;0.8503522249955628;1335.9119686176552;1924.1134504071083;0.5882014817894531
2026-08-21 02:22:48;840586607;70.15;1001.64;0.0;93.11;16.74;93.465625;93.28;92.79;93.0;-0.1700000000000017;0.5807029557109398;0.8141155183563192;1342.9228236188198;1914.3589787866283;0.5714361551678084
2026-08-21 02:37:48;840587507;70.95;1001.61;0.0;92.68;16.75;93.38875;93.11;93.28;92.79;-0.4299999999999926;0.632705328562516;0.7743926440821856;1359.100920202918;1915.5756451062973;0.5564747249033795
2026-08-21 02:52:48;840588407;72.34;1001.57;0.0;93.0;16.55;93.331875;92.68;93.11;93.28;0.3199999999999932;0.6819983600624985;0.7313537016191706;1368.2149403488295;1891.3670726414562;0.5231521322926267
2026-08-21 03:07:48;840589307;73.09;1001.65;0.0;92.52;16.44;93.234375;93.0;92.68;93.11;-0.480000000000004;0.7283709698824002;0.6851829903263592;1372.7527942062104;1878.1677304777816;0.5054149362715712
2026-08-21 03:22:48;840590207;74.88;1001.64;0.0;92.68;16.24;93.17562500000001;92.52;93.0;92.68;0.1600000000000108;0.7716245833877199;0.6360782202777641;1388.5560286786654;1854.3750382995;0.46581900962083456
2026-08-21 03:37:48;840591107;75.32;1001.64;0.0;92.42;16.17;93.0975;92.68;92.52;93.0;-0.2600000000000051;0.8115739819650123;0.5842496656374344;1390.4903109873048;1846.1103438493162;0.45562003286201136
2026-08-21 03:52:48;840592007;74.81;1001.62;0.0;92.89;16.22;93.045;92.42;92.68;92.52;0.46999999999999886;0.8480480961564258;0.5299192642332051;1385.4888870407556;1852.0102754187349;0.4665213883779793
2026-08-21 04:07:48;840592907;74.76;1001.72;0.0;92.52;16.17;92.97625;92.89;92.42;92.68;-0.37000000000000455;0.8808907382053854;0.4733196671848436;1380.1524337749622;1846.1107995919772;0.46595836581701494
2026-08-21 04:22:48;840593807;74.85;1001.84;0.0;92.73;16.09;92.928125;92.52;92.89;92.42;0.21000000000000796;0.9099612708765432;0.41469324265623914;1374.774231084637;1836.7057195519533;0.4619314884673163
2026-08-21 04:37:48;840594707;75.07;1002.01;0.0;92.89;16.04;92.900625;92.73;92.52;92.89;0.1599999999999966;0.9351352096860117;0.3542910379977158;1374.4186928117647;1830.8494642490539;0.4564307714372892
2026-08-21 04:52:48;840595607;75.59;1002.11;0.0;92.63;15.89;92.835625;92.89;92.73;92.52;-0.2600000000000051;0.9563047559630354;0.29237170472273677;1370.7313957484068;1813.376631496768;0.44264523574836107
2026-08-21 05:07:48;840596507;75.14;1002.24;0.0;92.42;15.94;92.78875000000001;92.63;92.89;92.73;-0.20999999999999375;0.9733792584604485;0.22920039092241426;1366.935977374262;1819.1854902505484;0.4522495128762864
2026-08-21 05:22:48;840597407;75.32;1002.17;0.0;92.31;15.84;92.741875;92.42;92.63;92.89;-0.10999999999999943;0.9862856015372313;0.16504760586067782;1361.473116864981;1807.585125949258;0.4461120090842771
2026-08-21 05:37:48;840598307;75.32;1002.07;0.0;92.52;15.73;92.71187499999999;92.31;92.42;92.63;0.20999999999999375;0.9949685182509117;0.10018806161207632;1351.9184202632568;1794.8996551556781;0.4429812348924213
2026-08-21 05:52:48;840599207;75.34;1002.08;0.0;92.21;15.7;92.675625;92.52;92.31;92.42;-0.3100000000000023;0.9993908270190958;0.03489949670250086;1349.6812802623117;1791.4537831992457;0.441772502936934
2026-08-21 06:07:48;840600107;75.21;1001.95;0.0;92.52;15.62;92.628125;92.21;92.52;92.31;0.3100000000000023;0.999533590836713;-0.030538513209822475;1340.4620446751069;1782.292307771715;0.44183026309660817
2026-08-21 06:22:48;840601007;75.37;1002.13;0.0;92.42;15.55;92.58500000000001;92.52;92.21;92.52;-0.09999999999999432;0.9953961983671789;-0.09584575252022395;1337.298507511748;1774.3114070740985;0.4370128995623504
2026-08-21 06:37:48;840601907;75.5;1002.15;0.0;92.52;15.53;92.575;92.42;92.52;92.21;0.09999999999999432;0.9869963665602319;-0.160742565603826;1337.8877453605612;1772.0367488219351;0.4341490034613739
2026-08-21 06:52:48;840602807;76.06;1002.06;0.0;92.47;15.54;92.541875;92.52;92.42;92.52;-0.04999999999999716;0.9743700647852352;-0.22495105434386503;1348.6756254649454;1773.173317729352;0.42449769226440665
2026-08-21 07:07:48;840603707;76.03;1002.12;0.0;92.16;15.56;92.519375;92.47;92.52;92.42;-0.3100000000000023;0.9575713608048145;-0.28819626813408905;1349.8744049294949;1775.4496973951002;0.4255752924656053
2026-08-21 07:22:48;840604607;77.0;1002.18;0.0;92.16;15.39;92.486875;92.16;92.47;92.52;0.0;0.9366721892483977;-0.3502073812594673;1352.2625393674653;1756.1851160616432;0.4039225766941779
2026-08-21 07:37:48;840605507;77.6;1002.17;0.0;92.26;15.35;92.47687499999999;92.16;92.16;92.47;0.10000000000000853;0.9117620435770886;-0.4107188526134773;1359.3028354402845;1751.6789116498514;0.39237607620956694
2026-08-21 07:52:48;840606407;77.52;1002.0;0.0;92.06;15.51;92.425;92.26;92.16;92.16;-0.20000000000000284;0.8829475928589269;-0.4694715627858909;1371.9208345432278;1769.7637184510163;0.3978428839077885
2026-08-21 08:07:48;840607307;77.58;1002.03;0.0;92.16;15.62;92.4025;92.06;92.26;92.16;0.09999999999999432;0.8503522249955628;-0.5262139236518696;1382.702715198839;1782.2927496762559;0.3995900344774168
2026-08-21 08:22:48;840608207;76.89;1002.1;0.0;91.51;16.15;92.32625;92.16;92.06;92.26;-0.6499999999999915;0.8141155183563192;-0.5807029557109398;1417.665193109216;1843.757566795703;0.426092373686487
2026-08-21 08:37:48;840609107;76.56;1002.51;0.0;91.71;16.14;92.2525;91.51;92.16;92.06;0.19999999999998863;0.7743926440821857;-0.632705328562516;1410.681689725846;1842.5831892970818;0.43190149957123597
2026-08-21 08:52:48;840610007;76.55;1002.83;0.0;91.41;16.31;92.17625;91.71;91.51;92.16;-0.29999999999999716;0.7313537016191706;-0.6819983600624984;1425.8807925329297;1862.6790235570606;0.4367982310241309
2026-08-21 09:07:48;840610907;76.68;1002.82;0.0;91.46;16.47;92.11625;91.41;91.71;91.51;0.04999999999999716;0.685182990326359;-0.7283709698824004;1442.9384856854522;1881.7664132569796;0.43882792757152744
2026-08-21 09:22:48;840611807;76.38;1002.66;0.0;91.27;16.56;92.05125;91.46;91.41;91.71;-0.18999999999999773;0.6360782202777638;-0.77162458338772;1445.5506396995984;1892.577428252944;0.44702678855334554
2026-08-21 09:37:48;840612707;76.2;1002.94;0.0;91.18;16.88;91.9675;91.27;91.46;91.41;-0.0899999999999892;0.5842496656374344;-0.8115739819650123;1471.775840230305;1931.464357257618;0.45968851702731306
2026-08-21 09:52:48;840613607;75.96;1003.0;0.0;91.13;16.72;91.89999999999999;91.18;91.27;91.46;-0.05000000000001137;0.5299192642332049;-0.848048096156426;1452.3060667845912;1911.935316988667;0.4596292502040758
2026-08-21 10:07:48;840614507;76.36;1003.11;0.0;91.61;16.7;91.843125;91.13;91.18;91.27;0.480000000000004;0.4733196671848435;-0.8808907382053855;1458.0995552804927;1909.507013201274;0.45140745792078135
2026-08-21 10:22:48;840615407;76.17;1003.08;0.0;91.27;16.76;91.77125;91.61;91.13;91.18;-0.3400000000000034;0.4146932426562392;-0.9099612708765431;1460.0279472269701;1916.8018212248523;0.4567738739978822
2026-08-21 10:37:48;840616307;75.57;1003.24;0.0;91.51;16.87;91.708125;91.27;91.61;91.13;0.2400000000000091;0.35429103799771566;-0.9351352096860118;1458.6827003617818;1930.240439806513;0.47155773944473117
2026-08-21 10:52:48;840617207;75.57;1003.33;0.0;90.63;17.24;91.59312499999999;91.51;91.27;91.61;-0.8800000000000097;0.2923717047227366;-0.9563047559630355;1493.3002302308519;1976.0490012317746;0.4827487710009227
2026-08-21 11:07:48;840618107;74.64;1003.14;0.0;90.95;17.28;91.5175;90.63;91.51;91.27;0.3200000000000074;0.22920039092241454;-0.9733792584604484;1478.660740630916;1981.0567264615704;0.5023959858306544
2026-08-21 11:22:48;840619007;72.23;1003.35;0.0;90.5;17.83;91.41375;90.95;90.63;91.51;-0.45000000000000284;0.16504760586067765;-0.9862856015372314;1481.486522416973;2051.068146776925;0.569581624359952
2026-08-21 11:37:48;840619907;71.36;1003.27;0.0;90.63;17.92;91.311875;90.5;90.95;90.63;0.12999999999999545;0.10018806161207638;-0.9949685182509117;1471.9627211015409;2062.7280284494686;0.5907653073479278
2026-08-21 11:52:48;840620807;70.24;1003.56;0.0;90.63;18.2;91.2225;90.63;90.5;90.95;0.0;0.0348994967025007;-0.9993908270190958;1474.603927332246;2099.3791676142455;0.6247752402819995
2026-08-21 12:07:48;840621707;70.66;1003.79;0.0;90.63;18.21;91.126875;90.63;90.63;90.5;0.0;-0.030538513209822857;-0.9995335908367129;1484.3546410294202;2100.7000297614213;0.6163453887320011
2026-08-21 12:22:48;840622607;65.24;1003.7;0.0;90.06;19.46;91.03625;90.63;90.63;90.63;-0.5699999999999932;-0.09584575252022366;-0.9953961983671789;1481.9002608170565;2271.4596272487074;0.7895593664316509
2026-08-21 12:37:48;840623507;62.22;1003.77;0.0;89.9;19.81;90.923125;90.06;90.63;90.63;-0.1599999999999966;-0.16074256560382613;-0.9869963665602319;1444.3752475813199;2321.4002693367406;0.8770250217554207
2026-08-21 12:52:48;840624407;61.12;1003.63;0.0;89.77;20.26;90.820625;89.9;90.06;90.63;-0.13000000000000966;-0.22495105434386498;-0.9743700647852352;1458.946188815053;2387.0192879827437;0.9280730991676908
2026-08-21 13:07:48;840625307;59.17;1003.74;0.0;89.9;20.71;90.723125;89.77;89.9;90.06;0.13000000000000966;-0.2881962681340892;-0.9575713608048144;1452.184686641003;2454.258385399701;1.0020736987586982
2026-08-21 13:22:48;840626207;58.71;1003.58;0.0;89.98;20.95;90.6425;89.9;89.77;89.9;0.0799999999999983;-0.3502073812594677;-0.9366721892483976;1462.3433524460727;2490.7909256448183;1.0284475731987457
2026-08-21 13:37:48;840627107;57.29;1003.32;0.0;89.49;21.13;90.536875;89.98;89.9;89.77;-0.4900000000000091;-0.410718852613477;-0.9117620435770887;1442.8490633893325;2518.5007215732808;1.0756516581839484
2026-08-21 13:52:48;840628007;56.0;1003.24;0.0;89.57;21.33;90.43937500000001;89.49;89.98;89.9;0.0799999999999983;-0.46947156278589086;-0.8829475928589269;1427.7799102191561;2549.6069825342074;1.1218270723150512
2026-08-21 14:07:48;840628907;57.45;1003.18;0.0;89.82;20.93;90.3275;89.57;89.49;89.98;0.25;-0.5262139236518696;-0.8503522249955628;1429.1982511404838;2487.7254153881354;1.0585271642476517
2026-08-21 14:22:48;840629807;56.09;1003.06;0.0;89.41;21.31;90.21124999999999;89.82;89.57;89.49;-0.4099999999999966;-0.5807029557109398;-0.8141155183563192;1428.3205662124835;2546.479882710792;1.1181593164983086
2026-08-21 14:37:48;840630707;54.46;1002.99;0.0;90.02;21.41;90.11812499999999;89.41;89.82;89.57;0.6099999999999994;-0.6327053285625163;-0.7743926440821854;1395.342332821713;2562.1416320633734;1.1667992992416605
2026-08-21 14:52:48;840631607;55.5;1003.12;0.0;89.94;21.41;90.07499999999999;90.02;89.41;89.82;-0.0799999999999983;-0.6819983600624984;-0.7313537016191706;1421.9891541794555;2562.1426201431627;1.1401534659637074
2026-08-21 15:07:48;840632507;56.34;1003.17;0.0;89.98;21.17;90.014375;89.94;90.02;89.41;0.04000000000000625;-0.7283709698824001;-0.6851829903263593;1422.4127489041934;2524.694265005668;1.1022815161014745
2026-08-21 15:22:48;840633407;54.96;1003.18;0.0;90.15;20.97;89.9925;89.98;89.94;90.02;0.1700000000000017;-0.77162458338772;-0.6360782202777638;1370.6220507396772;2493.853804111494;1.1232317533718168
2026-08-21 15:37:48;840634307;55.87;1002.94;0.0;89.98;20.75;89.951875;90.15;89.98;89.94;-0.1700000000000017;-0.8115739819650121;-0.5842496656374347;1374.57447310325;2460.3087043194023;1.0857342312161522
2026-08-21 15:52:48;840635207;56.56;1002.91;0.0;90.15;20.77;89.921875;89.98;90.15;89.98;0.1700000000000017;-0.848048096156426;-0.529919264233205;1393.2659367520446;2463.3414723338833;1.0700755355818388
2026-08-21 16:07:48;840636107;56.3;1002.88;0.0;90.15;20.73;89.891875;90.15;89.98;90.15;0.0;-0.8808907382053857;-0.47331966718484314;1383.4478211045098;2457.278545478703;1.0738307243741934
2026-08-21 16:22:48;840637007;57.07;1003.02;0.0;90.36;20.56;89.910625;90.15;90.15;89.98;0.20999999999999375;-0.9099612708765431;-0.41469324265623925;1387.7475137674867;2431.6585136980666;1.04391099993058
2026-08-21 16:37:48;840637907;56.96;1003.11;0.0;90.06;20.6;89.920625;90.36;90.15;90.15;-0.29999999999999716;-0.9351352096860117;-0.3542910379977157;1388.4948499942136;2437.66652035501;1.0491716703607965
2026-08-21 16:52:48;840638807;61.53;1003.41;0.0;90.41;19.65;89.960625;90.06;90.36;90.15;0.3499999999999943;-0.9563047559630353;-0.2923717047227371;1414.2362450829896;2298.4499351259383;0.8842136900429487
2026-08-21 17:07:48;840639707;61.81;1003.33;0.0;90.15;19.82;89.97625000000001;90.41;90.06;90.36;-0.2599999999999909;-0.9733792584604485;-0.22920039092241415;1435.746218051192;2322.8380812994533;0.8870918632482613
2026-08-21 17:22:48;840640607;57.39;1003.59;0.0;90.54;19.43;90.01125;90.15;90.41;90.06;0.39000000000000057;-0.9862856015372314;-0.1650476058606773;1301.1589438647668;2267.2224148192486;0.9660634709544818
2026-08-21 17:37:48;840641507;60.31;1003.64;0.0;90.58;19.2;90.079375;90.54;90.15;90.41;0.03999999999999204;-0.9949685182509117;-0.10018806161207644;1347.9119203353744;2234.972509261108;0.8870605889257336
2026-08-21 17:52:48;840642407;61.84;1003.77;0.0;90.36;19.16;90.12875;90.58;90.54;90.15;-0.21999999999999886;-0.9993908270190958;-0.03489949670250076;1378.6645862079058;2229.4058638549573;0.8507412776470514
2026-08-21 18:07:48;840643307;62.61;1003.56;0.0;90.36;19.28;90.1625;90.36;90.58;90.54;0.0;-0.999533590836713;0.030538513209822354;1406.3104836801638;2246.143561220514;0.8398330775403504
2026-08-21 18:22:48;840644207;63.3;1003.54;0.0;90.32;19.46;90.21937500000001;90.36;90.36;90.58;-0.04000000000000625;-0.9953961983671789;0.09584575252022405;1437.8332518369527;2271.4585337076664;0.8336252818707137
2026-08-21 18:37:48;840645107;63.0;1003.61;0.0;90.15;19.64;90.2275;90.32;90.36;90.36;-0.1699999999999875;-0.9869963665602318;0.16074256560382652;1447.1249289076602;2297.0236966788257;0.8498987677711655
2026-08-21 18:52:48;840646007;63.45;1003.59;0.0;89.94;19.71;90.2275;90.15;90.32;90.36;-0.21000000000000796;-0.9743700647852352;0.22495105434386492;1463.812582236375;2307.0332265348698;0.8432206442984947
2026-08-21 19:07:48;840646907;63.88;1003.68;0.0;89.94;19.45;90.22500000000001;89.94;90.15;90.32;0.0;-0.9575713608048146;0.2881962681340887;1450.105746918217;2270.0465668726;0.8199408199543832
2026-08-21 19:22:48;840647807;65.02;1003.89;0.0;90.5;19.35;90.246875;89.94;89.94;90.15;0.5600000000000023;-0.9366721892483977;0.3502073812594672;1466.8258708044461;2255.9610439933035;0.7891351731888574
2026-08-21 19:37:48;840648707;63.83;1003.91;0.0;90.36;19.44;90.270625;90.5;89.94;89.94;-0.14000000000000057;-0.9117620435770886;0.4107188526134774;1448.0703481749013;2268.6359833540673;0.820565635179166
2026-08-21 19:52:48;840649607;65.96;1004.14;0.0;90.19;19.16;90.27312500000001;90.36;90.5;89.94;-0.1700000000000017;-0.8829475928589268;0.4694715627858912;1470.5177485825834;2229.4083513987016;0.7588906028161182
2026-08-21 20:07:48;840650507;67.42;1004.22;0.0;90.19;18.9;90.275625;90.19;90.36;90.5;0.0;-0.8503522249955628;0.5262139236518695;1478.867966992499;2193.5152284077412;0.7146472614152422
2026-08-21 20:22:48;840651407;66.39;1004.38;0.0;90.15;18.69;90.2625;90.19;90.19;90.36;-0.03999999999999204;-0.8141155183563196;0.5807029557109393;1437.2744170872922;2164.8959437976987;0.7276215267104065
2026-08-21 20:37:48;840652307;67.22;1004.4;0.0;90.15;18.34;90.268125;90.15;90.19;90.19;0.0;-0.7743926440821857;0.6327053285625159;1423.667409311493;2117.922358392581;0.694254949081088
2026-08-21 20:52:48;840653207;67.52;1004.62;0.0;90.15;18.25;90.251875;90.15;90.15;90.19;0.0;-0.7313537016191703;0.6819983600624986;1421.9645769693566;2105.9901910091185;0.6840256140397619
2026-08-21 21:07:48;840654107;67.51;1004.67;0.0;90.58;18.22;90.27875;90.15;90.15;90.15;0.4299999999999926;-0.6851829903263593;0.7283709698824;1419.0775973402515;2102.025770019629;0.6829481726793775
2026-08-21 21:22:48;840655007;68.15;1004.88;0.0;90.54;18.2;90.27875;90.58;90.15;90.15;-0.03999999999999204;-0.6360782202777646;0.7716245833877194;1430.732639366008;2099.3875852766073;0.6686549459105993
2026-08-21 21:37:48;840655907;68.68;1005.03;0.0;90.63;18.07;90.281875;90.54;90.58;90.15;0.0899999999999892;-0.5842496656374341;0.8115739819650125;1430.1252435436922;2082.302334804444;0.6521770912607517
2026-08-21 21:52:48;840656807;69.43;1005.36;0.0;90.41;18.02;90.285;90.63;90.54;90.58;-0.21999999999999886;-0.529919264233205;0.8480480961564258;1441.203873080591;2075.7653364260277;0.6345614633454367
2026-08-21 22:07:48;840657707;69.38;1005.52;0.0;90.63;18.0;90.30187500000001;90.41;90.63;90.54;0.21999999999999886;-0.4733196671848432;0.8808907382053857;1438.3554634167463;2073.155755861554;0.6348002924448078
2026-08-21 22:22:48;840658607;66.98;1005.57;0.0;90.54;18.0;90.31562500000001;90.63;90.41;90.63;-0.0899999999999892;-0.4146932426562393;0.9099612708765431;1388.5999364924355;2073.156071203994;0.6845561347115585
2026-08-21 22:37:48;840659507;66.72;1005.69;0.0;90.54;17.89;90.34;90.54;90.63;90.41;0.0;-0.3542910379977166;0.9351352096860114;1373.6646954765877;2058.8499632442863;0.6851852677676986
2026-08-21 22:52:48;840660407;66.56;1005.74;0.0;90.36;17.87;90.36625;90.54;90.54;90.63;-0.18000000000000682;-0.29237170472273627;0.9563047559630357;1368.6455578698556;2056.2583501650474;0.6876127922951919
2026-08-21 23:07:48;840661307;67.71;1005.47;0.0;90.36;17.62;90.3925;90.36;90.54;90.54;0.0;-0.22920039092241423;0.9733792584604485;1370.5168798516258;2024.098183210199;0.6535813033585732
2026-08-21 23:22:48;840662207;68.13;1005.72;0.0;90.54;17.53;90.395;90.36;90.36;90.54;0.18000000000000682;-0.16504760586067735;0.9862856015372314;1371.2055818488936;2012.6311196960132;0.6414255378471195
2026-08-21 23:37:48;840663107;69.09;1005.71;0.0;90.36;17.37;90.395;90.54;90.36;90.36;-0.18000000000000682;-0.1001880616120765;0.9949685182509117;1376.5374733288645;1992.3830848586836;0.6158456115298191
2026-08-21 23:52:48;840664007;70.05;1005.79;0.0;90.32;17.22;90.403125;90.36;90.54;90.36;-0.04000000000000625;-0.03489949670250171;0.9993908270190957;1382.4812948013582;1973.5635900090765;0.5910822952077183
2026-08-22 00:07:48;840664907;70.21;1005.81;0.0;90.72;17.21;90.43625;90.32;90.36;90.54;0.4000000000000057;0.03053851320982266;0.9995335908367129;1384.7620866576665;1972.3146085424676;0.5875525218848011
2026-08-22 00:22:48;840665807;69.9;1005.8;0.0;90.32;17.14;90.446875;90.72;90.32;90.36;-0.4000000000000057;0.09584575252022397;0.9953961983671789;1372.5495733995926;1963.590233761935;0.5910406603623424
2026-08-22 00:37:48;840666707;71.57;1005.97;0.0;90.58;16.82;90.47375;90.32;90.72;90.32;0.2600000000000051;0.1607425656038261;0.9869963665602319;1377.1057954292517;1924.1383197278915;0.5470325242986398
2026-08-22 00:52:48;840667607;70.98;1005.92;0.0;90.54;16.83;90.498125;90.58;90.32;90.72;-0.03999999999999204;0.224951054343865;0.9743700647852352;1366.6207547394724;1925.360319441353;0.5587395647018807
2026-08-22 01:07:48;840668507;71.97;1005.93;0.0;90.5;16.61;90.49312499999999;90.54;90.58;90.32;-0.04000000000000625;0.28819626813408933;0.9575713608048144;1366.4416209216881;1898.6266790630652;0.5321850581413771
2026-08-22 01:22:48;840669407;71.87;1006.03;0.0;90.15;16.61;90.46875;90.5;90.54;90.58;-0.3499999999999943;0.35020738125946743;0.9366721892483976;1364.5434138440776;1898.6272628970053;0.5340838490529277
2026-08-22 01:37:48;840670307;70.66;1006.11;0.0;90.15;16.7;90.43875000000001;90.15;90.5;90.54;0.0;0.4107188526134773;0.9117620435770886;1349.2700940661516;1909.5246165668716;0.5602545225007199
2026-08-22 01:52:48;840671207;69.4;1006.13;0.0;90.19;16.59;90.425;90.15;90.15;90.5;0.03999999999999204;0.4694715627858908;0.882947592858927;1315.9723357277016;1896.2137402416447;0.580241404513943
2026-08-22 02:07:48;840672107;67.68;1006.09;0.0;90.15;16.53;90.395;90.19;90.15;90.15;-0.03999999999999204;0.5262139236518696;0.8503522249955628;1278.4666335006696;1888.9873426428328;0.6105207091421633
2026-08-22 02:22:48;840673007;68.76;1006.4;0.0;90.11;16.48;90.36812499999999;90.15;90.19;90.15;-0.04000000000000625;0.5807029557109398;0.8141155183563192;1294.741041610901;1882.9858080437766;0.5882447664328756
2026-08-22 02:37:48;840673907;68.27;1006.51;0.0;90.06;16.62;90.338125;90.11;90.15;90.19;-0.04999999999999716;0.632705328562516;0.7743926440821856;1297.0194919375488;1899.8381308591602;0.6028186389216114
2026-08-22 02:52:48;840674807;68.55;1006.59;0.0;90.24;16.6;90.33062500000001;90.06;90.11;90.15;0.1799999999999926;0.6819983600624985;0.7313537016191706;1300.68356294556;1897.4231406937417;0.5967395777481818
2026-08-22 03:07:48;840675707;68.81;1006.65;0.0;90.15;16.51;90.3175;90.24;90.06;90.11;-0.0899999999999892;0.7283709698824002;0.6851829903263592;1298.1606858635112;1886.5872487480178;0.5884265628845067
2026-08-22 03:22:48;840676607;68.93;1006.78;0.0;89.94;16.4;90.28;90.15;90.24;90.06;-0.21000000000000796;0.7716245833877199;0.6360782202777641;1291.3466737688116;1873.4174869705664;0.5820708132017548
2026-08-22 03:37:48;840677507;70.33;1006.83;0.0;90.15;16.11;90.26687500000001;89.94;90.15;90.24;0.21000000000000796;0.8115739819650123;0.5842496656374344;1293.4260463832272;1839.0815390064372;0.54565549262321
2026-08-22 03:52:48;840678407;71.06;1006.9;0.0;89.98;15.92;90.24562499999999;90.15;89.94;90.15;-0.1700000000000017;0.8480480961564258;0.5299192642332051;1291.0795176403683;1816.8864588240476;0.5258069411836793
2026-08-22 04:07:48;840679307;71.58;1007.08;0.0;90.02;15.77;90.201875;89.98;90.15;89.94;0.03999999999999204;0.8808907382053854;0.4733196671848436;1288.104422425189;1799.5311852824655;0.5114267628572766
2026-08-22 04:22:48;840680207;71.91;1007.21;0.0;89.69;15.79;90.1625;90.02;89.98;90.15;-0.3299999999999983;0.9099612708765432;0.41469324265623914;1295.7014454649254;1801.8376379709712;0.5061361925060457
2026-08-22 04:37:48;840681107;71.46;1007.18;0.0;89.98;15.88;90.125;89.69;90.02;89.98;0.29000000000000625;0.9351352096860117;0.3542910379977158;1295.0305473187411;1812.2453782797945;0.5172148309610534
2026-08-22 04:52:48;840682007;71.66;1007.31;0.0;89.82;15.74;90.08000000000001;89.98;89.69;90.02;-0.1600000000000108;0.9563047559630354;0.29237170472273677;1287.0700179343853;1796.0787300228653;0.50900871208848
2026-08-22 05:07:48;840682907;71.53;1007.33;0.0;89.77;15.62;90.03437500000001;89.82;89.98;89.69;-0.04999999999999716;0.9733792584604485;0.22920039092241426;1274.894944666018;1782.322025256561;0.5074270805905428
2026-08-22 05:22:48;840683807;72.08;1007.46;0.0;90.15;15.51;90.034375;89.77;89.82;89.98;0.38000000000000966;0.9862856015372313;0.16504760586067782;1275.6672931983665;1769.7936920066124;0.494126398808246
2026-08-22 05:37:48;840684707;72.03;1007.49;0.0;89.53;15.35;89.99562499999999;90.15;89.77;89.82;-0.6200000000000045;0.9949685182509117;0.10018806161207632;1261.7551679914488;1751.7078550485196;0.48995268705707073
2026-08-22 05:52:48;840685607;71.96;1007.56;0.0;89.73;15.18;89.966875;89.53;90.15;89.77;0.20000000000000284;0.9993908270190958;0.03489949670250086;1246.8292634029833;1732.6699046734068;0.4858406412704235
2026-08-22 06:07:48;840686507;71.94;1007.72;0.0;89.53;15.03;89.928125;89.73;89.53;90.15;-0.20000000000000284;0.999533590836713;-0.030538513209822475;1234.5072397303272;1716.0234080210278;0.48151616829070054
2026-08-22 06:22:48;840687407;72.35;1007.92;0.0;89.82;14.88;89.91000000000001;89.53;89.73;89.53;0.28999999999999204;0.9953961983671789;-0.09584575252022395;1229.6011086617464;1699.517772856595;0.4699166641948486
2026-08-22 06:37:48;840688307;72.2;1008.05;0.0;89.82;14.78;89.895;89.82;89.53;89.73;0.0;0.9869963665602319;-0.160742565603826;1219.1631606003866;1688.5916351805909;0.46942847458020426
2026-08-22 06:52:48;840689207;72.18;1008.24;0.0;89.86;14.68;89.87124999999999;89.82;89.82;89.53;0.04000000000000625;0.9743700647852352;-0.22495105434386503;1210.9837622331672;1677.7275730578651;0.4667438108246979
2026-08-22 07:07:48;840690107;72.64;1008.32;0.0;89.69;14.71;89.8425;89.86;89.82;89.82;-0.1700000000000017;0.9575713608048145;-0.28819626813408905;1221.0646301867419;1680.9810437592812;0.4599164135725393
2026-08-22 07:22:48;840691007;72.61;1008.45;0.0;89.37;14.74;89.806875;89.69;89.86;89.82;-0.3199999999999932;0.9366721892483977;-0.3502073812594673;1222.926895748031;1684.2403191682013;0.46131342342017023
2026-08-22 07:37:48;840691907;72.85;1008.62;0.0;89.26;14.75;89.75125;89.37;89.69;89.86;-0.10999999999999943;0.9117620435770886;-0.4107188526134773;1227.7619168705235;1685.3286436108765;0.45756672674035304
2026-08-22 07:52:48;840692807;73.19;1008.74;0.0;89.3;14.71;89.70875;89.26;89.37;89.69;0.03999999999999204;0.8829475928589269;-0.4694715627858909;1230.3116390074388;1680.9832477215996;0.4506716087141608
2026-08-22 08:07:48;840693707;72.98;1008.89;0.0;89.22;14.75;89.65875;89.3;89.26;89.37;-0.0799999999999983;0.8503522249955628;-0.5262139236518696;1229.9538804499637;1685.3300636475249;0.4553761831975612
2026-08-22 08:22:48;840694607;72.55;1009.01;0.0;88.8;15.11;89.603125;89.22;89.3;89.26;-0.4200000000000017;0.8141155183563192;-0.5807029557109398;1251.408677165311;1724.8913537771348;0.47348267661182375
2026-08-22 08:37:48;840695507;71.91;1009.17;0.0;88.44;15.76;89.50687500000001;88.8;89.22;89.3;-0.35999999999999943;0.7743926440821857;-0.632705328562516;1293.2229166726718;1798.3909284837598;0.5051680118110881
2026-08-22 08:52:48;840696407;71.77;1009.17;0.0;88.2;15.95;89.40562499999999;88.44;88.8;89.22;-0.23999999999999488;0.7313537016191706;-0.6819983600624984;1306.4925164711024;1820.3880680940536;0.5138955516229512
2026-08-22 09:07:48;840697307;71.33;1009.36;0.0;87.77;16.45;89.28062499999999;88.2;88.44;88.8;-0.4300000000000068;0.685182990326359;-0.7283709698824004;1340.5824229635505;1879.4089765365916;0.5388265535730411
2026-08-22 09:22:48;840698207;70.69;1009.6;0.0;87.64;16.57;89.12375;87.77;88.2;88.44;-0.12999999999999545;0.6360782202777638;-0.77162458338772;1338.7431545087722;1893.8225413902567;0.5550793868814844
2026-08-22 09:37:48;840699107;68.06;1009.67;0.0;87.64;16.91;89.00562500000001;87.64;87.77;88.2;0.0;0.5842496656374344;-0.8115739819650123;1317.0872469063065;1935.1854935443823;0.6180982466380758
2026-08-22 09:52:48;840700007;66.49;1009.9;0.0;87.64;16.99;88.875;87.64;87.64;87.77;0.0;0.5299192642332049;-0.848048096156426;1293.2528668643565;1945.0336394410535;0.651780772576697
2026-08-22 10:07:48;840700907;65.61;1010.02;0.0;86.8;17.13;88.704375;87.64;87.64;87.64;-0.8400000000000034;0.4733196671848435;-0.8808907382053855;1287.5122901981006;1962.3720320044208;0.6748597418063202
2026-08-22 10:22:48;840701807;61.73;1010.1;0.0;87.03;17.58;88.53;86.8;87.64;87.64;0.23000000000000398;0.4146932426562392;-0.9099612708765431;1246.3425895870403;2019.022500545991;0.7726799109589508
2026-08-22 10:37:48;840702707;59.44;1010.22;0.0;87.06;17.97;88.3575;87.03;86.8;87.64;0.030000000000001137;0.35429103799771566;-0.9351352096860118;1229.9769764211658;2069.2748593895794;0.8392978829684137
2026-08-22 10:52:48;840703607;56.97;1010.37;0.0;86.97;18.44;88.17687500000001;87.06;87.03;86.8;-0.09000000000000341;0.2923717047227366;-0.9563047559630355;1214.1958816086728;2131.289944898496;0.917094063289823
2026-08-22 11:07:48;840704507;55.88;1010.38;0.0;86.72;18.48;87.99125000000001;86.97;87.06;87.03;-0.25;0.22920039092241454;-0.9733792584604484;1193.9556899459808;2136.642251156014;0.9426865612100332
2026-08-22 11:22:48;840705407;55.94;1010.57;0.0;87.0;18.66;87.84312499999999;86.72;86.97;87.06;0.28000000000000114;0.16504760586067765;-0.9862856015372314;1208.7932750349876;2160.8746425366244;0.9520813675016369
2026-08-22 11:37:48;840706307;57.73;1010.78;0.0;87.77;18.14;87.75;87.0;86.72;86.97;0.769999999999996;0.10018806161207638;-0.9949685182509117;1207.4367666420994;2091.5239332099422;0.8840871665678428
2026-08-22 11:52:48;840707207;59.3;1010.91;0.0;87.67;18.0;87.648125;87.77;87.0;86.72;-0.09999999999999432;0.0348994967025007;-0.9993908270190958;1229.4015210179275;2073.1897487654765;0.8437882277475489
2026-08-22 12:07:48;840708107;54.65;1010.87;0.0;86.97;19.19;87.5075;87.67;87.77;87.0;-0.7000000000000028;-0.030538513209822857;-0.9995335908367129;1220.677797391505;2233.628174549872;1.0129503771583668
2026-08-22 12:22:48;840709007;53.78;1010.96;0.0;86.94;18.99;87.39125;86.97;87.67;87.77;-0.030000000000001137;-0.09584575252022366;-0.9953961983671789;1186.3476033415316;2205.927116663316;1.0195795133217846
2026-08-22 12:37:48;840709907;55.45;1010.96;0.0;87.64;18.5;87.34124999999999;86.94;86.97;87.67;0.7000000000000028;-0.16074256560382613;-0.9869963665602319;1186.2565704136368;2139.326547184196;0.9530699767705592
2026-08-22 12:52:48;840710807;53.16;1010.95;0.0;86.72;19.1;87.24875;87.64;86.94;86.97;-0.9200000000000017;-0.22495105434386498;-0.9743700647852352;1180.750303051661;2221.125476018926;1.040375172967265
2026-08-22 13:07:48;840711707;48.98;1010.97;0.0;85.87;19.99;87.13000000000001;86.72;87.64;86.94;-0.8499999999999943;-0.2881962681340892;-0.9575713608048144;1149.8088619785303;2347.5068639823;1.1976980020037695
2026-08-22 13:22:48;840712607;48.8;1011.05;0.0;85.6;20.23;87.0025;85.87;86.72;87.64;-0.27000000000001023;-0.3502073812594677;-0.9366721892483976;1162.731996224013;2382.6475332459286;1.2199155370219155
2026-08-22 13:37:48;840713507;49.36;1011.13;0.0;86.05;20.38;86.90312499999999;85.6;85.87;86.72;0.45000000000000284;-0.410718852613477;-0.9117620435770887;1187.0308927882859;2404.8437860378567;1.2178128932495709
2026-08-22 13:52:48;840714407;48.33;1011.2;0.0;85.87;20.07;86.7925;86.05;85.6;85.87;-0.1799999999999926;-0.46947156278589086;-0.8829475928589269;1140.1873883413557;2359.171091126331;1.218983702784975
2026-08-22 14:07:48;840715307;48.3;1011.34;0.0;86.15;20.41;86.75187500000001;85.87;86.05;85.6;0.28000000000000114;-0.5262139236518696;-0.8503522249955628;1163.6948416578882;2409.3060903890027;1.2456112487311146
2026-08-22 14:22:48;840716207;51.86;1011.45;0.0;86.0;19.62;86.6875;86.15;85.87;86.05;-0.15000000000000568;-0.5807029557109398;-0.8141155183563192;1189.7850015506156;2294.224839087188;1.1044398375365723
2026-08-22 14:37:48;840717107;52.17;1011.56;0.0;86.23;19.55;86.63562499999999;86.0;86.15;85.87;0.23000000000000398;-0.6327053285625163;-0.7743926440821854;1191.7008569420937;2284.2646289861864;1.0925637720440928
2026-08-22 14:52:48;840718007;49.81;1011.58;0.0;86.26;19.85;86.59125;86.23;86.0;86.15;0.030000000000001137;-0.6819983600624984;-0.7313537016191706;1159.189782507461;2327.2230124622783;1.1680332299548175
2026-08-22 15:07:48;840718907;50.59;1011.55;0.0;86.1;19.49;86.55250000000001;86.26;86.23;86.0;-0.1600000000000108;-0.7283709698824001;-0.6851829903263593;1151.3053442333048;2275.7567587137864;1.1244514144804816
2026-08-22 15:22:48;840719807;49.34;1011.76;0.0;86.05;19.78;86.493125;86.1;86.26;86.23;-0.04999999999999716;-0.77162458338772;-0.6360782202777638;1143.2758387599692;2317.1378977705085;1.1738620590105393
2026-08-22 15:37:48;840720707;49.18;1011.51;0.0;85.6;20.5;86.35749999999999;86.05;86.1;86.26;-0.45000000000000284;-0.8115739819650121;-0.5842496656374347;1191.5001863451794;2422.733197123179;1.2312330107779994
2026-08-22 15:52:48;840721607;48.06;1011.66;0.0;86.02;20.07;86.25437500000001;85.6;86.05;86.1;0.4200000000000017;-0.848048096156426;-0.529919264233205;1133.8191884345786;2359.1743413120653;1.2253551528774866
2026-08-22 16:07:48;840722507;51.8;1011.8;0.0;85.95;19.74;86.190625;86.02;85.6;86.05;-0.06999999999999318;-0.8808907382053857;-0.47331966718484314;1197.3009216974758;2311.3917407287177;1.1140908190312417
2026-08-22 16:22:48;840723407;52.02;1011.98;0.0;86.2;19.78;86.144375;85.95;86.02;85.6;0.25;-0.9099612708765431;-0.41469324265623925;1205.3759303270338;2317.1394277720756;1.1117634974450419
2026-08-22 16:37:48;840724307;50.98;1012.06;0.0;86.0;19.8;86.041875;86.2;85.95;86.02;-0.20000000000000284;-0.9351352096860117;-0.3542910379977157;1182.7451217030793;2320.0178927090615;1.1372727710059822
2026-08-22 16:52:48;840725207;50.37;1012.19;0.0;86.2;19.86;86.009375;86.0;86.2;85.95;0.20000000000000284;-0.9563047559630353;-0.2923717047227371;1172.951742360008;2328.6713169744057;1.1557195746143978
2026-08-22 17:07:48;840726107;50.72;1012.25;0.0;86.15;19.84;86.026875;86.2;86.0;86.2;-0.04999999999999716;-0.9733792584604485;-0.22920039092241415;1179.637861842;2325.784427921924;1.146146566079924
2026-08-22 17:22:48;840727007;49.42;1012.45;0.0;86.2;19.7;86.064375;86.15;86.2;86.0;0.04999999999999716;-0.9862856015372314;-0.1650476058606773;1139.4583042182767;2305.662291012296;1.1662039867940193
2026-08-22 17:37:48;840727907;50.42;1012.36;0.0;86.15;19.51;86.070625;86.2;86.15;86.2;-0.04999999999999716;-0.9949685182509117;-0.10018806161207644;1148.8676766072647;2278.5951539215885;1.1297274773143238
2026-08-22 17:52:48;840728807;49.51;1012.47;0.0;86.23;19.38;86.093125;86.15;86.2;86.15;0.0799999999999983;-0.9993908270190958;-0.03489949670250076;1119.0435610334996;2260.2374490678644;1.1411938880343648
2026-08-22 18:07:48;840729707;49.13;1012.64;0.0;86.2;19.42;86.09625000000001;86.23;86.15;86.2;-0.030000000000001137;-0.999533590836713;0.030538513209822354;1113.2236575983256;2265.8735143462764;1.1526498567479506
2026-08-22 18:22:48;840730607;48.73;1012.74;0.0;86.26;19.29;86.1125;86.2;86.23;86.15;0.060000000000002274;-0.9953961983671789;0.09584575252022405;1095.258208945918;2247.605600135272;1.152347391189354
2026-08-22 18:37:48;840731507;50.37;1012.83;0.0;86.26;19.31;86.11437500000001;86.26;86.2;86.23;0.0;-0.9869963665602318;0.16074256560382652;1133.5306793104655;2250.408336927667;1.1168776576172013
2026-08-22 18:52:48;840732407;50.7;1012.7;0.0;86.26;19.36;86.11437500000001;86.26;86.26;86.2;0.0;-0.9743700647852352;0.22495105434386492;1144.515065844502;2257.426165373771;1.1129110995292688
2026-08-22 19:07:48;840733307;51.02;1012.93;0.0;86.23;19.26;86.1225;86.26;86.26;86.26;-0.030000000000001137;-0.9575713608048146;0.2881962681340887;1144.5874888301878;2243.4094253825715;1.0988219365523837
2026-08-22 19:22:48;840734207;52.24;1013.25;0.0;86.28;18.65;86.136875;86.23;86.26;86.26;0.04999999999999716;-0.9366721892483977;0.3502073812594672;1128.1435362642478;2159.539694227121;1.031396157962873
2026-08-22 19:37:48;840735107;53.89;1013.23;0.0;86.66;18.44;86.20312500000001;86.28;86.23;86.26;0.37999999999999545;-0.9117620435770886;0.4107188526134774;1148.5621100144192;2131.3084245953223;0.9827463145809031
2026-08-22 19:52:48;840736007;53.76;1013.29;0.0;86.74;18.21;86.248125;86.66;86.28;86.23;0.0799999999999983;-0.8829475928589268;0.4694715627858912;1129.3689210656796;2100.7606418632436;0.971391720797564
2026-08-22 20:07:48;840736907;53.88;1013.4;0.0;86.74;17.92;86.29750000000001;86.74;86.66;86.28;0.0;-0.8503522249955628;0.5262139236518695;1111.43213180573;2062.791632898534;0.9513595010928039
2026-08-22 20:22:48;840737807;55.25;1013.71;0.0;86.86;17.88;86.33875;86.74;86.74;86.66;0.12000000000000455;-0.8141155183563196;0.5807029557109393;1136.8261472369777;2057.6038864017696;0.9207777391647919
2026-08-22 20:37:48;840738707;56.16;1013.93;0.0;87.64;17.61;86.44125;86.86;86.74;86.74;0.7800000000000011;-0.7743926440821857;0.6327053285625159;1136.0456367509132;2022.8732848128798;0.8868276480619666
2026-08-22 20:52:48;840739607;55.13;1014.11;0.0;87.64;17.31;86.53125;87.64;86.86;86.74;0.0;-0.7313537016191703;0.6819983600624986;1094.2683554964578;1984.8872764310863;0.8906189209346285
2026-08-22 21:07:48;840740507;55.9;1014.45;0.0;87.64;17.02;86.624375;87.64;87.64;86.86;0.0;-0.6851829903263593;0.7283709698824;1089.3594535321786;1948.7646753706238;0.8594052218384451
2026-08-22 21:22:48;840741407;58.23;1014.63;0.0;87.64;16.63;86.714375;87.64;87.64;87.64;0.0;-0.6360782202777646;0.7716245833877194;1107.007227901904;1901.0943292150162;0.7940871013131122
2026-08-22 21:37:48;840742307;59.2;1014.78;0.0;87.64;16.6;86.8075;87.64;87.64;87.64;0.0;-0.5842496656374341;0.8115739819650125;1123.3027894055483;1897.4709280499126;0.7741681386443643
2026-08-22 21:52:48;840743207;59.91;1014.9;0.0;87.9;16.54;86.911875;87.64;87.64;87.64;0.2600000000000051;-0.529919264233205;0.8480480961564258;1132.4435363108757;1890.2412557350622;0.7577977194241864
2026-08-22 22:07:48;840744107;59.58;1014.99;0.0;87.67;16.63;87.00375;87.9;87.64;87.64;-0.23000000000000398;-0.4733196671848432;0.8808907382053857;1132.6732549006192;1901.0964332000995;0.7684231782994803
2026-08-22 22:22:48;840745007;59.87;1014.99;0.0;87.9;16.65;87.10625;87.67;87.9;87.64;0.23000000000000398;-0.4146932426562393;0.9099612708765431;1139.6350252087645;1903.5159933334965;0.7638809681247319
2026-08-22 22:37:48;840745907;60.72;1015.1;0.0;87.8;16.53;87.2025;87.9;87.67;87.9;-0.10000000000000853;-0.3542910379977166;0.9351352096860114;1147.0249117258427;1889.039709693417;0.7420147979675744
2026-08-22 22:52:48;840746807;61.28;1015.04;0.0;87.97;16.3;87.309375;87.8;87.9;87.67;0.1700000000000017;-0.29237170472273627;0.9563047559630357;1140.7650599238812;1861.5617818601193;0.7207967219362381
2026-08-22 23:07:48;840747707;61.79;1015.25;0.0;87.93;16.16;87.415625;87.97;87.8;87.9;-0.03999999999999204;-0.22920039092241423;0.9733792584604485;1140.0315567222938;1845.0098021076126;0.7049782453853188
2026-08-22 23:22:48;840748607;62.1;1015.2;0.0;87.83;16.03;87.5125;87.93;87.97;87.8;-0.10000000000000853;-0.16504760586067735;0.9862856015372314;1136.2775692461137;1829.7545398488144;0.6934769706027007
2026-08-22 23:37:48;840749507;62.41;1015.24;0.0;87.67;15.97;87.575625;87.83;87.93;87.97;-0.1599999999999966;-0.1001880616120765;0.9949685182509117;1137.5791681854619;1822.7514311576062;0.6851722629721444
2026-08-22 23:52:48;840750407;62.69;1015.29;0.0;87.9;15.92;87.648125;87.67;87.83;87.93;0.23000000000000398;-0.03489949670250171;0.9993908270190957;1139.0356655917658;1816.933586842823;0.6778979212510572
2026-08-23 00:07:48;840751307;63.49;1015.35;0.0;88.03;15.74;87.72875;87.9;87.67;87.83;0.12999999999999545;0.03053851320982266;0.9995335908367129;1140.358771070712;1796.1234384481209;0.6557646673774088
2026-08-23 00:22:48;840752207;64.25;1015.58;0.0;87.77;15.51;87.785625;88.03;87.9;87.67;-0.2600000000000051;0.09584575252022397;0.9953961983671789;1137.1210858207985;1769.838265868947;0.6327171800481485
2026-08-23 00:37:48;840753107;64.53;1015.52;0.0;87.93;15.4;87.80375;87.77;88.03;87.9;0.1600000000000108;0.1607425656038261;0.9869963665602319;1134.041199625457;1757.386021424852;0.6233448217993951
2026-08-23 00:52:48;840754007;64.91;1015.62;0.0;87.9;15.32;87.82000000000001;87.93;87.77;88.03;-0.030000000000001137;0.224951054343865;0.9743700647852352;1134.8728188144235;1748.3790152741078;0.6135061964596844
2026-08-23 01:07:48;840754907;65.01;1015.63;0.0;87.64;15.31;87.82;87.9;87.93;87.77;-0.2600000000000051;0.28819626813408933;0.9575713608048144;1135.8911136269624;1747.2559815827753;0.611364867955813
2026-08-23 01:22:48;840755807;65.16;1015.59;0.0;87.64;15.19;87.82000000000001;87.64;87.9;87.93;0.0;0.35020738125946743;0.9366721892483976;1129.7623559488056;1733.828047803569;0.6040656918547633
2026-08-23 01:37:48;840756707;65.29;1015.7;0.0;87.64;15.11;87.82;87.64;87.64;87.9;0.0;0.4107188526134773;0.9117620435770886;1126.2050082251105;1724.9272602620777;0.5987222520369672
2026-08-23 01:52:48;840757607;65.98;1015.61;0.0;87.77;14.87;87.811875;87.64;87.64;87.64;0.12999999999999545;0.4694715627858908;0.882947592858927;1120.6459015659354;1698.4630214700444;0.577817119904109
2026-08-23 02:07:48;840758507;66.68;1015.54;0.0;87.64;14.73;87.81;87.77;87.64;87.64;-0.12999999999999545;0.5262139236518696;0.8503522249955628;1122.3515931538832;1683.1907515805087;0.5608391584266256
2026-08-23 02:22:48;840759407;67.09;1015.42;0.0;87.64;14.74;87.79375;87.64;87.77;87.64;0.0;0.5807029557109398;0.8141155183563192;1129.9814095987333;1684.2769557292193;0.5542955461304859
2026-08-23 02:37:48;840760307;67.51;1015.45;0.0;87.64;14.71;87.78375;87.64;87.64;87.77;0.0;0.632705328562516;0.7743926440821856;1134.8555609106515;1681.0184578738729;0.5461628969632213
2026-08-23 02:52:48;840761207;67.85;1015.55;0.0;86.97;14.62;87.72125;87.64;87.64;87.64;-0.6700000000000017;0.6819983600624985;0.7313537016191706;1133.9609183925488;1671.2762246021352;0.5373153062095865
2026-08-23 03:07:48;840762107;68.25;1015.42;0.0;87.0;14.52;87.66312500000001;86.97;87.64;87.64;0.030000000000001137;0.7283709698824002;0.6851829903263592;1133.2970402536303;1660.508483888103;0.5272114436344727
2026-08-23 03:22:48;840763007;68.86;1015.62;0.0;86.97;14.27;87.609375;87.0;86.97;87.64;-0.030000000000001137;0.7716245833877199;0.6360782202777641;1125.0746750247308;1633.8580816507854;0.5087834066260546
2026-08-23 03:37:48;840763907;69.02;1015.62;0.0;87.0;14.16;87.5675;86.97;87.0;86.97;0.030000000000001137;0.8115739819650123;0.5842496656374344;1119.6776710964182;1622.2510447644427;0.5025733736680245
2026-08-23 03:52:48;840764807;69.39;1015.64;0.0;86.92;13.99;87.50625000000001;87.0;86.97;87.0;-0.0799999999999983;0.8480480961564258;0.5299192642332051;1113.3316917860532;1604.4555293068931;0.49112383752084
2026-08-23 04:07:48;840765707;69.64;1015.88;0.0;86.72;13.99;87.424375;86.92;87.0;86.97;-0.20000000000000284;0.8808907382053854;0.4733196671848436;1117.3436725735403;1604.4567383307585;0.48711306575721824
2026-08-23 04:22:48;840766607;70.05;1015.78;0.0;86.8;14.03;87.36375000000001;86.72;86.92;87.0;0.0799999999999983;0.9099612708765432;0.41469324265623914;1126.843864892997;1608.627929897212;0.4817840650042149
2026-08-23 04:37:48;840767507;69.82;1015.65;0.0;86.63;14.18;87.2825;86.8;86.72;86.92;-0.1700000000000017;0.9351352096860117;0.3542910379977158;1134.1254719254382;1624.3561614515015;0.4902306895260633
2026-08-23 04:52:48;840768407;70.33;1015.75;0.0;86.47;14.22;87.193125;86.63;86.8;86.72;-0.1599999999999966;0.9563047559630354;0.29237170472273677;1145.3759554769176;1628.5738027540417;0.48319784727712406
2026-08-23 05:07:48;840769307;70.78;1015.75;0.0;86.26;14.19;87.106875;86.47;86.63;86.8;-0.20999999999999375;0.9733792584604485;0.22920039092241426;1150.465235452614;1625.4100529141201;0.4749448174615061
2026-08-23 05:22:48;840770207;71.09;1015.79;0.0;86.31;14.2;87.02374999999999;86.26;86.47;86.63;0.04999999999999716;0.9862856015372313;0.16504760586067782;1156.2534277896152;1626.464239400218;0.47021081161060285
2026-08-23 05:37:48;840771107;71.91;1015.81;0.0;86.23;14.15;86.935625;86.31;86.26;86.47;-0.0799999999999983;0.9949685182509117;0.10018806161207632;1165.8052277772304;1621.2004280033798;0.45539520022614943
2026-08-23 05:52:48;840772007;72.19;1015.89;0.0;86.18;14.16;86.83625;86.23;86.31;86.26;-0.04999999999999716;0.9993908270190958;0.03489949670250086;1171.1040206285159;1622.2524181029448;0.451148397474429
2026-08-23 06:07:48;840772907;72.2;1016.04;0.0;85.97;14.22;86.731875;86.18;86.23;86.31;-0.21000000000000796;0.999533590836713;-0.030538513209822475;1175.831354216;1628.5752828476454;0.45274392863164553
2026-08-23 06:22:48;840773807;72.18;1016.1;0.0;85.95;14.29;86.62625;85.97;86.18;86.23;-0.01999999999999602;0.9953961983671789;-0.09584575252022395;1180.8494507181726;1635.9787347162267;0.455129283998054
2026-08-23 06:37:48;840774707;72.27;1016.23;0.0;85.97;14.33;86.52187500000001;85.95;85.97;86.18;0.01999999999999602;0.9869963665602319;-0.160742565603826;1185.3891882676467;1640.2230362081727;0.45483384794052606
2026-08-23 06:52:48;840775607;72.32;1016.3;0.0;85.82;14.34;86.45;85.97;85.95;85.97;-0.15000000000000568;0.9743700647852352;-0.22495105434386503;1186.9779014447654;1641.2858150508373;0.4543079136060719
2026-08-23 07:07:48;840776507;72.44;1016.49;0.0;85.87;14.34;86.379375;85.82;85.97;85.95;0.05000000000001137;0.9575713608048145;-0.28819626813408905;1188.948151676955;1641.286791381771;0.45233863970481614
2026-08-23 07:22:48;840777407;73.02;1016.55;0.0;85.82;14.2;86.3075;85.87;85.82;85.97;-0.05000000000001137;0.9366721892483977;-0.3502073812594673;1187.6470167437665;1626.4681138643746;0.43882109712060813
2026-08-23 07:37:48;840778307;72.89;1016.66;0.0;85.68;14.28;86.225;85.82;85.87;85.82;-0.13999999999998636;0.9117620435770886;-0.4107188526134773;1191.6947937167795;1634.9222029315126;0.44322740921473314
2026-08-23 07:52:48;840779207;72.8;1016.81;0.0;85.65;14.23;86.145625;85.68;85.82;85.87;-0.030000000000001137;0.8829475928589269;-0.4694715627858909;1186.3742807991514;1629.6350010977353;0.44326072029858393
2026-08-23 08:07:48;840780107;72.75;1016.97;0.0;85.44;14.32;86.06562500000001;85.65;85.68;85.82;-0.21000000000000796;0.8503522249955628;-0.5262139236518696;1192.4925518471828;1639.1650197212132;0.4466724678740304
2026-08-23 08:22:48;840781007;71.84;1016.99;0.0;85.32;14.56;85.973125;85.44;85.65;85.68;-0.12000000000000455;0.8141155183563192;-0.5807029557109398;1196.003915635841;1664.8161409184868;0.4688122252826458
2026-08-23 08:37:48;840781907;71.21;1017.03;0.0;85.3;14.72;85.89;85.32;85.44;85.65;-0.01999999999999602;0.7743926440821857;-0.632705328562516;1197.832208541769;1682.112355767124;0.484280147225355
2026-08-23 08:52:48;840782807;71.87;1017.05;0.0;85.1;14.6;85.804375;85.3;85.32;85.44;-0.20000000000000284;0.7313537016191706;-0.6819983600624984;1199.6006689389903;1669.1257394448176;0.4695250705058272
2026-08-23 09:07:48;840783707;71.81;1017.09;0.0;85.05;14.74;85.72875;85.1;85.3;85.32;-0.04999999999999716;0.685182990326359;-0.7283709698824004;1209.4855852662724;1684.285733555594;0.47480014828932166
2026-08-23 09:22:48;840784607;71.52;1017.13;0.0;84.81;15.09;85.635;85.05;85.1;85.3;-0.23999999999999488;0.6360782202777638;-0.77162458338772;1232.0863854435706;1722.7158633159545;0.49062947787238387
2026-08-23 09:37:48;840785507;69.74;1017.06;0.0;84.6;15.35;85.533125;84.81;85.05;85.1;-0.21000000000000796;0.5842496656374344;-0.8115739819650123;1221.6773666759764;1751.7599178032358;0.5300825511272594
2026-08-23 09:52:48;840786407;68.84;1016.89;0.0;84.43;15.41;85.42375;84.6;84.81;85.05;-0.1699999999999875;0.5299192642332049;-0.848048096156426;1210.5667538730731;1758.5223037087057;0.5479555498356327
2026-08-23 10:07:48;840787307;67.5;1016.88;0.0;84.04;15.89;85.303125;84.43;84.6;84.81;-0.39000000000000057;0.4733196671848435;-0.8808907382053855;1224.085134625473;1813.4594587044041;0.5893743240789311
2026-08-23 10:22:48;840788207;64.28;1016.9;0.0;83.96;16.22;85.17875;84.04;84.43;84.6;-0.0800000000000125;0.4146932426562392;-0.9099612708765431;1190.5283119533267;1852.09756059945;0.6615692486461232
2026-08-23 10:37:48;840789107;59.67;1016.85;0.0;83.78;16.85;85.04187499999999;83.96;84.04;84.43;-0.1799999999999926;0.35429103799771566;-0.9351352096860118;1150.3609973193861;1927.8716227909938;0.7775106254716077
2026-08-23 10:52:48;840790007;56.78;1016.94;0.0;83.68;17.21;84.908125;83.78;83.96;84.04;-0.09999999999999432;0.2923717047227366;-0.9563047559630355;1119.9183820450282;1972.3817929641216;0.8524634109190934
2026-08-23 11:07:48;840790907;55.29;1016.9;0.0;83.49;17.41;84.759375;83.68;83.78;83.96;-0.19000000000001194;0.22920039092241454;-0.9733792584604484;1104.4158453363818;1997.4965551390521;0.8930807098026703
2026-08-23 11:22:48;840791807;53.48;1017.05;0.0;83.15;18.21;84.5925;83.49;83.68;83.78;-0.3399999999999892;0.16504760586067765;-0.9862856015372314;1123.499619960392;2100.7846296940766;0.9772850097336846
2026-08-23 11:37:48;840792707;54.26;1017.1;0.0;83.49;17.95;84.455625;83.15;83.49;83.68;0.3399999999999892;0.10018806161207638;-0.9949685182509117;1121.399394046827;2066.7146959948896;0.9453153019480626
2026-08-23 11:52:48;840793607;56.8;1017.15;0.0;83.57;17.3;84.325625;83.49;83.15;83.49;0.0799999999999983;0.0348994967025007;-0.9993908270190958;1126.713388084459;1983.6503311346114;0.8569369430501524
2026-08-23 12:07:48;840794507;56.6;1017.15;0.0;83.72;16.95;84.218125;83.57;83.49;83.15;0.15000000000000568;-0.030538513209822857;-0.9995335908367129;1098.1237130090626;1940.1479028428666;0.842024189833804
2026-08-23 12:22:48;840795407;58.61;1017.2;0.0;83.55;16.82;84.1075;83.72;83.57;83.49;-0.1700000000000017;-0.09584575252022366;-0.9953961983671789;1127.7763470760615;1924.2046529194022;0.7964283058433407
2026-08-23 12:37:48;840796307;57.15;1017.02;0.0;83.23;17.72;83.978125;83.55;83.72;83.57;-0.3199999999999932;-0.16074256560382613;-0.9869963665602319;1164.1340545768467;2036.9799730128548;0.8728459184360081
2026-08-23 12:52:48;840797207;49.91;1016.98;0.0;82.84;19.49;83.836875;83.23;83.55;83.72;-0.39000000000000057;-0.22495105434386498;-0.9743700647852352;1135.8487486249494;2275.79392631727;1.1399451776923204
2026-08-23 13:07:48;840798107;50.75;1017.04;0.0;83.05;19.14;83.71187499999999;82.84;83.23;83.55;0.20999999999999375;-0.2881962681340892;-0.9575713608048144;1130.0582545964214;2226.7157726037863;1.0966575180073648
2026-08-23 13:22:48;840799007;48.7;1016.93;0.0;83.15;18.87;83.608125;83.05;82.84;83.23;0.10000000000000853;-0.3502073812594677;-0.9366721892483976;1066.2818792368437;2189.4905117799667;1.123208632543123
2026-08-23 13:37:48;840799907;47.88;1016.95;0.0;82.78;19.35;83.494375;83.15;83.05;82.84;-0.37000000000000455;-0.410718852613477;-0.9117620435770887;1080.1966248960816;2256.0497595991683;1.1758531347030867
2026-08-23 13:52:48;840800807;46.13;1016.74;0.0;81.79;20.05;83.329375;82.78;83.15;83.05;-0.9899999999999949;-0.46947156278589086;-0.8829475928589269;1086.9564811215755;2356.2897921560275;1.269333311034452
2026-08-23 14:07:48;840801707;45.64;1016.78;0.0;82.21;19.88;83.215;81.79;82.78;83.15;0.4199999999999875;-0.5262139236518696;-0.8503522249955628;1064.1394369015052;2331.593858241685;1.26745442134018
2026-08-23 14:22:48;840802607;44.6;1016.75;0.0;82.7;20.2;83.13625;82.21;81.79;82.78;0.4900000000000091;-0.5807029557109398;-0.8141155183563192;1060.7086625291795;2378.270543787398;1.3175618812582184
2026-08-23 14:37:48;840803507;47.5;1016.89;0.0;82.8;19.45;83.075;82.7;82.21;81.79;0.09999999999999432;-0.6327053285625163;-0.7743926440821854;1078.3149774286176;2270.136794586563;1.1918218171579456
2026-08-23 14:52:48;840804407;46.99;1016.87;0.0;83.11;19.15;83.03937499999999;82.8;82.7;82.21;0.3100000000000023;-0.6819983600624984;-0.7313537016191706;1046.9860227753668;2228.1039003519186;1.1811178775765518
2026-08-23 15:07:48;840805307;48.4;1016.8;0.0;83.11;19.11;83.015625;83.11;82.8;82.7;0.0;-0.7283709698824001;-0.6851829903263593;1075.7146388806582;2222.550906778219;1.146836267897561
2026-08-23 15:22:48;840806207;45.72;1016.69;0.0;82.48;19.81;82.97375;83.11;83.11;82.8;-0.6299999999999955;-0.77162458338772;-0.6360782202777638;1061.385352251983;2321.4902717672417;1.2601049195152587
2026-08-23 15:37:48;840807107;47.06;1016.78;0.0;82.82;19.75;82.931875;82.48;83.11;83.11;0.3399999999999892;-0.8115739819650121;-0.5842496656374347;1088.432741396543;2312.8617539238053;1.2244290125272623
2026-08-23 15:52:48;840808007;47.31;1016.76;0.0;83.03;19.6;82.898125;82.82;82.48;83.11;0.21000000000000796;-0.848048096156426;-0.529919264233205;1084.0667996158757;2291.411540088513;1.2073447404726374
2026-08-23 16:07:48;840808907;47.66;1016.78;0.0;83.07;19.36;82.85749999999999;83.03;82.82;82.48;0.03999999999999204;-0.8808907382053857;-0.47331966718484314;1075.9025259216912;2257.4538940866373;1.181551368164946
2026-08-23 16:22:48;840809807;46.77;1016.7;0.0;83.0;19.45;82.82312499999999;83.07;83.03;82.82;-0.06999999999999318;-0.9099612708765431;-0.41469324265623925;1061.7423719246187;2270.1354969523595;1.2083931250277409
2026-08-23 16:37:48;840810707;47.41;1016.63;0.0;83.09;19.5;82.814375;83.0;83.07;83.03;0.09000000000000341;-0.9351352096860117;-0.3542910379977157;1079.6241166135742;2277.2075861918884;1.197583469578314
2026-08-23 16:52:48;840811607;46.46;1016.58;0.0;83.17;19.69;82.83500000000001;83.09;83.0;83.07;0.0799999999999983;-0.9563047559630353;-0.2923717047227371;1070.558884370897;2304.259329252899;1.2337004448820021
2026-08-23 17:07:48;840812507;45.87;1016.53;0.0;83.15;19.81;82.84125;83.17;83.09;83.0;-0.01999999999999602;-0.9733792584604485;-0.22920039092241415;1064.867076448005;2321.489157287999;1.2566220808399942
2026-08-23 17:22:48;840813407;45.86;1016.5;0.0;83.11;19.64;82.83875;83.15;83.17;83.09;-0.04000000000000625;-0.9862856015372314;-0.1650476058606773;1053.4558656436768;2297.1126594934076;1.2436567938497307
2026-08-23 17:37:48;840814307;44.82;1016.47;0.0;83.23;19.34;82.866875;83.11;83.15;83.17;0.12000000000000455;-0.9949685182509117;-0.10018806161207644;1010.5305343784919;2254.641977640544;1.2441114432620524
2026-08-23 17:52:48;840815207;45.05;1016.54;0.0;83.43;19.45;82.969375;83.23;83.11;83.15;0.20000000000000284;-0.9993908270190958;-0.03489949670250076;1022.6955490944465;2270.1344042052087;1.2474388551107622
2026-08-23 18:07:48;840816107;45.39;1016.57;0.0;83.45;19.15;83.046875;83.43;83.23;83.11;0.01999999999999602;-0.999533590836713;0.030538513209822354;1011.3354455419367;2228.101884868774;1.2167664393268374
2026-08-23 18:22:48;840817007;46.29;1016.58;0.0;83.62;19.14;83.104375;83.45;83.43;83.23;0.1700000000000017;-0.9953961983671789;0.09584575252022405;1030.7453013749373;2226.7126838948743;1.195967382519937
2026-08-23 18:37:48;840817907;46.27;1016.6;0.0;83.7;19.2;83.160625;83.62;83.45;83.43;0.0799999999999983;-0.9869963665602318;0.16074256560382652;1034.162180942184;2235.059824815612;1.200897643873428
2026-08-23 18:52:48;840818807;45.75;1016.47;0.0;83.76;19.32;83.20125;83.7;83.62;83.45;0.060000000000002274;-0.9743700647852352;0.22495105434386492;1030.2146187185326;2251.835232171656;1.2216206134531236
2026-08-23 19:07:48;840819707;45.55;1016.41;0.0;84.83;19.42;83.30875;83.76;83.7;83.62;1.0699999999999932;-0.9575713608048146;0.2881962681340887;1032.1170950078908;2265.8992206539865;1.2337821256460957
2026-08-23 19:22:48;840820607;47.49;1016.34;0.0;84.6;19.39;83.44125;84.83;83.76;83.7;-0.23000000000000398;-0.9366721892483977;0.3502073812594672;1074.0677328529302;2261.6713683995163;1.187603635546586
2026-08-23 19:37:48;840821507;48.7;1016.44;0.0;84.7;19.07;83.55875;84.6;84.83;83.76;0.10000000000000853;-0.9117620435770886;0.4107188526134774;1079.682945961447;2217.0081025902405;1.1373251566287934
2026-08-23 19:52:48;840822407;50.9;1016.31;0.0;84.83;18.97;83.67125;84.7;84.6;84.83;0.12999999999999545;-0.8829475928589268;0.4694715627858912;1121.4334671929655;2203.2091693378497;1.0817757021448842
2026-08-23 20:07:48;840823307;50.81;1016.28;0.0;84.85;18.77;83.78250000000001;84.83;84.7;84.6;0.01999999999999602;-0.8503522249955628;0.5262139236518695;1105.5434956982674;2175.8384091680127;1.0702949134697453
2026-08-23 20:22:48;840824207;52.04;1016.32;0.0;84.96;18.49;83.905;84.85;84.83;84.7;0.10999999999999943;-0.8141155183563196;0.5807029557109393;1112.6259395035975;2138.0206370169053;1.025394697513308
2026-08-23 20:37:48;840825107;54.05;1016.45;0.0;85.05;18.19;84.0275;84.96;84.85;84.83;0.09000000000000341;-0.7743926440821857;0.6327053285625159;1134.04610149472;2098.142648463867;0.9640965469691468
2026-08-23 20:52:48;840826007;55.46;1016.48;0.0;85.03;18.02;84.14375;85.05;84.96;84.85;-0.01999999999999602;-0.7313537016191703;0.6819983600624986;1151.2583915793416;2075.8355419750123;0.9245771503956708
2026-08-23 21:07:48;840826907;56.61;1016.61;0.0;85.21;17.77;84.27250000000001;85.03;85.05;84.96;0.1799999999999926;-0.6851829903263593;0.7283709698824;1156.7739892019295;2043.4092725700923;0.8866352833681629
2026-08-23 21:22:48;840827807;57.73;1016.79;0.0;85.28;17.46;84.408125;85.21;85.03;85.05;0.07000000000000739;-0.6360782202777646;0.7716245833877194;1156.804297955159;2003.818288507118;0.847013990551959
2026-08-23 21:37:48;840828707;59.07;1016.92;0.0;85.37;17.13;84.541875;85.28;85.21;85.03;0.09000000000000341;-0.5842496656374341;0.8115739819650125;1159.1976527669376;1962.4134971507322;0.8032158443837946
2026-08-23 21:52:48;840829607;59.81;1016.96;0.0;85.37;16.97;84.66312500000001;85.37;85.28;85.21;0.0;-0.529919264233205;0.8480480961564258;1161.8749711793673;1942.6098832626103;0.780734912083243
2026-08-23 22:07:48;840830507;59.77;1017.01;0.0;85.49;16.85;84.790625;85.37;85.37;85.28;0.11999999999999034;-0.4733196671848432;0.8808907382053857;1152.289434737121;1927.8725694112782;0.7755831346741572
2026-08-23 22:22:48;840831407;60.04;1016.91;0.0;85.44;16.86;84.90437499999999;85.49;85.37;85.37;-0.04999999999999716;-0.4146932426562393;0.9099612708765431;1158.2294507562674;1929.096353691318;0.7708669029350506
2026-08-23 22:37:48;840832307;60.21;1016.82;0.0;85.49;16.75;85.01625;85.44;85.49;85.37;0.04999999999999716;-0.3542910379977166;0.9351352096860114;1153.421980520748;1915.6651395461688;0.7622431590254207
2026-08-23 22:52:48;840833207;60.9;1016.92;0.0;85.44;16.64;85.12125;85.49;85.44;85.49;-0.04999999999999716;-0.29237170472273627;0.9563047559630357;1158.511151400282;1902.3171615768176;0.7438060101765357
2026-08-23 23:07:48;840834107;62.53;1016.95;0.0;85.46;16.26;85.160625;85.44;85.49;85.44;0.01999999999999602;-0.22920039092241423;0.9733792584604485;1161.0757920865033;1856.8299889437124;0.6957541968572091
2026-08-23 23:22:48;840835007;63.5;1017.07;0.0;85.44;16.0;85.213125;85.46;85.44;85.49;-0.01999999999999602;-0.16504760586067735;0.9862856015372314;1159.675402655724;1826.260476623187;0.6665850739674631
2026-08-23 23:37:48;840835907;64.32;1017.22;0.0;85.49;15.66;85.2625;85.44;85.46;85.44;0.04999999999999716;-0.1001880616120765;0.9949685182509117;1149.367567221621;1786.952063466451;0.63758449624483
2026-08-23 23:52:48;840836807;65.12;1017.16;0.0;85.44;15.38;85.300625;85.49;85.44;85.46;-0.04999999999999716;-0.03489949670250171;0.9993908270190957;1142.9466852100825;1755.1392586149916;0.6121925734049092
2026-08-24 00:07:48;840837707;64.78;1017.27;0.0;85.44;15.51;85.33749999999999;85.44;85.49;85.44;0.0;0.03053851320982266;0.9995335908367129;1146.5072381087393;1769.8475426192333;0.6233403045104939
2026-08-24 00:22:48;840838607;64.6;1017.21;0.0;85.44;15.61;85.3675;85.44;85.44;85.49;0.0;0.09584575252022397;0.9953961983671789;1150.6773913610211;1781.2343519520455;0.6305569605910243
2026-08-24 00:37:48;840839507;65.18;1017.23;0.0;85.44;15.49;85.391875;85.44;85.44;85.44;0.0;0.1607425656038261;0.9869963665602319;1152.107068008235;1767.5775820930269;0.6154705140847918
2026-08-24 00:52:48;840840407;65.26;1017.29;0.0;85.44;15.34;85.41749999999999;85.44;85.44;85.44;0.0;0.224951054343865;0.9743700647852352;1142.4651665998194;1750.6361731532627;0.6081710065534432
2026-08-24 01:07:48;840841307;65.69;1017.27;0.0;85.44;15.13;85.43187499999999;85.44;85.44;85.44;0.0;0.28819626813408933;0.9575713608048144;1134.5696103791138;1727.1572695678399;0.5925876591887261
2026-08-24 01:22:48;840842207;66.45;1017.24;0.0;85.49;14.92;85.445;85.44;85.44;85.44;0.04999999999999716;0.35020738125946743;0.9366721892483976;1132.2783321330717;1703.9553530971737;0.571677020964102
2026-08-24 01:37:48;840843107;66.71;1017.3;0.0;85.44;14.75;85.449375;85.49;85.44;85.44;-0.04999999999999716;0.4107188526134773;0.9117620435770886;1124.3131915124807;1685.374293977636;0.5610611024651553
2026-08-24 01:52:48;840844007;67.17;1017.27;0.0;85.53;14.55;85.459375;85.44;85.49;85.44;0.09000000000000341;0.4694715627858908;0.882947592858927;1117.535369874617;1663.7418041902888;0.546206434315672
2026-08-24 02:07:48;840844907;67.38;1017.17;0.0;85.53;14.41;85.46187499999999;85.53;85.44;85.49;0.0;0.5262139236518696;0.8503522249955628;1110.9238331676268;1648.744186951064;0.5378203537834372
2026-08-24 02:22:48;840845807;67.61;1017.13;0.0;85.56;14.23;85.469375;85.53;85.53;85.44;0.030000000000001137;0.5807029557109398;0.8141155183563192;1101.797329073053;1629.6366352211994;0.5278393061481463
2026-08-24 02:37:48;840846707;67.53;1017.2;0.0;85.44;14.14;85.46625;85.56;85.53;85.53;-0.12000000000000455;0.632705328562516;0.7743926440821856;1094.0916885599402;1620.1565060860953;0.5260648175261552
2026-08-24 02:52:48;840847607;67.41;1017.13;0.0;85.46;13.94;85.4675;85.44;85.56;85.53;0.01999999999999602;0.6819983600624985;0.7313537016191706;1078.062360184716;1599.2617715245751;0.5211994113398591
2026-08-24 03:07:48;840848507;68.39;1017.22;0.0;85.56;13.74;85.47375;85.46;85.44;85.56;0.10000000000000853;0.7283709698824002;0.6851829903263592;1079.6080107439107;1578.6050749289527;0.4989970641850421
2026-08-24 03:22:48;840849407;68.68;1017.06;0.0;85.46;13.74;85.475;85.56;85.46;85.44;-0.10000000000000853;0.7716245833877199;0.6360782202777641;1084.1854197037;1578.6042802907689;0.4944188605870688
2026-08-24 03:37:48;840850307;68.86;1017.0;0.0;85.46;13.52;85.473125;85.46;85.56;85.46;0.0;0.8115739819650123;0.5842496656374344;1071.5665411952277;1556.1523979018702;0.4845858567066425
2026-08-24 03:52:48;840851207;69.25;1016.88;0.0;85.46;13.32;85.47437500000001;85.46;85.46;85.56;0.0;0.8480480961564258;0.5299192642332051;1063.6699016367006;1535.9854175259213;0.4723155158892207
2026-08-24 04:07:48;840852107;69.06;1016.93;0.0;85.49;13.22;85.47749999999999;85.46;85.46;85.46;0.030000000000001137;0.8808907382053854;0.4733196671848436;1053.84794654003;1525.9889176658414;0.4721409711258113
2026-08-24 04:22:48;840853007;68.75;1017.06;0.0;85.44;13.15;85.47749999999999;85.49;85.46;85.46;-0.04999999999999716;0.9099612708765432;0.41469324265623914;1044.3303130013626;1519.0259098201636;0.474695596818801
2026-08-24 04:37:48;840853907;68.74;1017.05;0.0;85.44;13.03;85.47749999999999;85.44;85.49;85.46;0.0;0.9351352096860117;0.3542910379977158;1036.0171130500337;1507.1532049025805;0.4711360918525468
2026-08-24 04:52:48;840854807;69.31;1017.1;0.0;85.53;12.96;85.483125;85.44;85.44;85.49;0.09000000000000341;0.9563047559630354;0.29237170472273677;1039.8340063560136;1500.2654831279951;0.4604314767719816
2026-08-24 05:07:48;840855707;69.51;1017.1;0.0;85.44;12.89;85.483125;85.53;85.44;85.44;-0.09000000000000341;0.9733792584604485;0.22920039092241426;1038.0659725842152;1493.405225987937;0.45533925340372183
2026-08-24 05:22:48;840856607;68.73;1017.24;0.0;85.44;12.68;85.48;85.44;85.53;85.44;0.0;0.9862856015372313;0.16504760586067782;1012.3862873953145;1472.9903788670367;0.4606040914717222
2026-08-24 05:37:48;840857507;68.8;1017.32;0.0;85.37;12.57;85.475625;85.44;85.44;85.53;-0.06999999999999318;0.9949685182509117;0.10018806161207632;1006.1279108358218;1462.3952192381132;0.4562673084022914
2026-08-24 05:52:48;840858407;68.9;1017.14;0.0;85.3;12.38;85.46124999999999;85.37;85.44;85.44;-0.07000000000000739;0.9993908270190958;0.03489949670250086;995.0888562412962;1444.250879885771;0.4491620236444747
2026-08-24 06:07:48;840859307;68.94;1017.13;0.0;85.35;12.28;85.45;85.3;85.37;85.44;0.04999999999999716;0.999533590836713;-0.030538513209822475;989.1383058576458;1434.7814126162546;0.44564310675860874
2026-08-24 06:22:48;840860207;69.21;1017.13;0.0;85.28;12.22;85.4325;85.35;85.3;85.37;-0.06999999999999318;0.9953961983671789;-0.09584575252022395;989.0981195339077;1429.1260215776736;0.44002790204376585
2026-08-24 06:37:48;840861107;70.17;1016.98;0.0;85.12;12.08;85.4125;85.28;85.35;85.3;-0.1599999999999966;0.9869963665602319;-0.160742565603826;993.6111653746783;1416.0056510968766;0.4223944857221983
2026-08-24 06:52:48;840862007;69.8;1017.03;0.0;85.14;11.98;85.3925;85.12;85.28;85.35;0.01999999999999602;0.9743700647852352;-0.22495105434386503;981.8763758944496;1406.6996789318762;0.4248233030374266
2026-08-24 07:07:48;840862907;69.73;1017.07;0.0;85.16;11.95;85.36749999999999;85.14;85.12;85.28;0.01999999999999602;0.9575713608048145;-0.28819626813408905;978.9523810638022;1403.9185157949264;0.42496613473112416
2026-08-24 07:22:48;840863807;70.21;1017.09;0.0;85.03;12.0;85.340625;85.16;85.14;85.12;-0.12999999999999545;0.9366721892483977;-0.3502073812594673;988.9477784672025;1408.5568700572605;0.41960909159005805
2026-08-24 07:37:48;840864707;71.26;1017.18;0.0;85.03;12.17;85.31375;85.03;85.16;85.14;0.0;0.9117620435770886;-0.4107188526134773;1015.0476896422975;1424.4284165623037;0.40938072692000615
2026-08-24 07:52:48;840865607;72.24;1017.28;0.0;84.85;12.36;85.27562499999999;85.03;85.03;85.16;-0.18000000000000682;0.8829475928589269;-0.4694715627858909;1041.9559885764227;1442.353251074782;0.4003972624983594
2026-08-24 08:07:48;840866507;73.7;1017.25;0.0;84.72;12.6;85.2275;84.85;85.03;85.03;-0.12999999999999545;0.8503522249955628;-0.5262139236518696;1079.9098222934308;1465.2779135596077;0.3853680912661769
2026-08-24 08:22:48;840867407;73.73;1017.22;0.0;84.37;13.07;85.160625;84.72;84.85;85.03;-0.3499999999999943;0.8141155183563192;-0.5807029557109398;1114.1358504484272;1511.102469074226;0.3969666186257989
2026-08-24 08:37:48;840868307;72.18;1017.34;0.0;83.96;13.77;85.068125;84.37;84.72;84.85;-0.4100000000000108;0.7743926440821857;-0.632705328562516;1141.6632724921415;1581.6892109893895;0.440025938497248
2026-08-24 08:52:48;840869207;71.22;1017.3;0.0;83.49;14.39;84.940625;83.96;84.37;84.72;-0.46999999999999886;0.7313537016191706;-0.6819983600624984;1172.717167080123;1646.612141364958;0.4738949742848349
2026-08-24 09:07:48;840870107;70.33;1017.16;0.0;83.41;14.98;84.81375;83.49;83.96;84.37;-0.0799999999999983;0.685182990326359;-0.7283709698824004;1203.0339598784335;1710.555893471397;0.5075219335929635
2026-08-24 09:22:48;840871007;68.27;1017.13;0.0;83.07;15.49;84.66562499999999;83.41;83.49;83.96;-0.3400000000000034;0.6360782202777638;-0.77162458338772;1206.724840969996;1767.5770337922893;0.5608521928222934
2026-08-24 09:37:48;840871907;66.73;1017.1;0.0;83.05;15.84;84.520625;83.07;83.41;83.49;-0.01999999999999602;0.5842496656374344;-0.8115739819650123;1206.2572674375358;1807.6686159711312;0.6014113485335953
2026-08-24 09:52:48;840872807;65.54;1017.04;0.0;82.7;16.19;84.358125;83.05;83.07;83.41;-0.3499999999999943;0.5299192642332049;-0.848048096156426;1211.5437350972743;1848.556202467614;0.6370124673703397
2026-08-24 10:07:48;840873707;63.74;1017.02;0.0;82.5;16.6;84.17999999999999;82.7;83.05;83.07;-0.20000000000000284;0.4733196671848435;-0.8808907382053855;1209.4563000109156;1897.4839975069276;0.688027697496012
2026-08-24 10:22:48;840874607;62.78;1017.06;0.0;82.66;16.88;84.01625;82.5;82.7;83.05;0.1599999999999966;0.4146932426562392;-0.9099612708765431;1212.625860396121;1931.5480414082845;0.7189221810121635
2026-08-24 10:37:48;840875507;64.65;1016.86;0.0;82.62;17.16;83.86;82.66;82.5;82.7;-0.03999999999999204;0.35429103799771566;-0.9351352096860118;1271.113395772605;1966.1460104758005;0.6950326147031956
2026-08-24 10:52:48;840876407;60.93;1016.82;0.0;82.8;17.61;83.71374999999999;82.62;82.66;82.5;0.1799999999999926;0.2923717047227366;-0.9563047559630355;1232.5475597607258;2022.8911205657737;0.7903435608050479
2026-08-24 11:07:48;840877307;54.54;1016.75;0.0;82.68;18.17;83.55875;82.8;82.62;82.66;-0.11999999999999034;0.22920039092241454;-0.9733792584604484;1142.8907773998594;2095.5093094973586;0.9526185320974991
2026-08-24 11:22:48;840878207;47.67;1016.61;0.0;82.68;18.79;83.411875;82.68;82.8;82.62;0.0;0.16504760586067765;-0.9862856015372314;1038.521536731939;2178.5641634821463;1.1400426267502073
2026-08-24 11:37:48;840879107;49.68;1016.62;0.0;82.15;19.31;83.231875;82.68;82.68;82.8;-0.5300000000000011;0.10018806161207638;-0.9949685182509117;1118.0156232467596;2250.4340242487106;1.132418401001951
2026-08-24 11:52:48;840880007;46.82;1016.51;0.0;82.68;18.94;83.09625;82.15;82.68;82.68;0.5300000000000011;0.0348994967025007;-0.9993908270190958;1029.6119615948207;2199.0857787159775;1.1694738171211567
2026-08-24 12:07:48;840880907;38.56;1016.3;0.0;82.37;23.17;82.949375;82.68;82.15;82.68;-0.3100000000000023;-0.030538513209822857;-0.9995335908367129;1099.7481066734883;2852.043845107594;1.7522957384341056
2026-08-24 12:22:48;840881807;42.43;1016.2;0.0;81.79;21.46;82.78812500000001;82.37;82.68;82.15;-0.5799999999999983;-0.09584575252022366;-0.9953961983671789;1090.4955477624828;2570.1049911913337;1.479609443428851
2026-08-24 12:37:48;840882707;44.97;1016.14;0.0;81.45;20.72;82.63125000000001;81.79;82.37;82.68;-0.3400000000000034;-0.16074256560382613;-0.9869963665602319;1104.401132553585;2455.8619803281854;1.3514608477746004
2026-08-24 12:52:48;840883607;43.55;1015.94;0.0;81.25;21.23;82.49125000000001;81.45;81.79;82.37;-0.20000000000000284;-0.22495105434386498;-0.9743700647852352;1103.6037590175406;2534.1073685821825;1.430503609564642
2026-08-24 13:07:48;840884507;43.22;1015.92;0.0;81.79;20.84;82.39;81.25;81.45;81.79;0.5400000000000063;-0.2881962681340892;-0.9575713608048144;1069.2967617314398;2474.0785787400273;1.4047818170085875
2026-08-24 13:22:48;840885407;44.28;1015.89;0.0;82.15;20.34;82.33250000000001;81.79;81.25;81.45;0.35999999999999943;-0.3502073812594677;-0.9366721892483976;1062.2512697925354;2398.9414403625456;1.3366901705700103
2026-08-24 13:37:48;840886307;45.34;1015.9;0.0;82.11;20.48;82.27375;82.15;81.79;81.25;-0.04000000000000625;-0.410718852613477;-0.9117620435770887;1097.12632008243;2419.7757390437364;1.3226494189613063
2026-08-24 13:52:48;840887207;45.32;1015.66;0.0;81.96;20.45;82.2275;82.11;82.15;81.79;-0.15000000000000568;-0.46947156278589086;-0.8829475928589269;1094.6122585144115;2415.296245618737;1.3206839871043254
2026-08-24 14:07:48;840888107;43.7;1015.46;0.0;81.85;20.73;82.186875;81.96;82.11;82.15;-0.10999999999999943;-0.5262139236518696;-0.8503522249955628;1073.8709904421917;2457.3706875107355;1.3834996970685438
2026-08-24 14:22:48;840889007;43.64;1015.25;0.0;81.41;21.02;82.10875;81.85;81.96;82.11;-0.4399999999999977;-0.5807029557109398;-0.8141155183563192;1091.708135707662;2501.622675773744;1.409914540066082
2026-08-24 14:37:48;840889907;42.83;1015.13;0.0;80.91;21.28;82.001875;81.41;81.85;81.96;-0.5;-0.6327053285625163;-0.7743926440821854;1088.6909080210976;2541.888648193083;1.4531977401719856
2026-08-24 14:52:48;840890807;42.94;1014.98;0.0;80.91;21.68;81.88375;80.91;81.41;81.85;0.0;-0.6819983600624984;-0.7313537016191706;1118.5629396322736;2604.943967471527;1.4863810278392533
2026-08-24 15:07:48;840891707;44.28;1014.79;0.0;81.32;21.48;81.79875;80.91;80.91;81.41;0.4099999999999966;-0.7283709698824001;-0.6851829903263593;1139.4330314883775;2573.245328564538;1.4338122970761604
2026-08-24 15:22:48;840892607;44.61;1014.76;0.0;81.45;21.34;81.721875;81.32;80.91;80.91;0.13000000000000966;-0.77162458338772;-0.6360782202777638;1138.116340457288;2551.2583287542884;1.4131419882970004
2026-08-24 15:37:48;840893507;44.69;1014.59;0.0;81.68;20.95;81.69250000000001;81.45;81.32;80.91;0.23000000000000398;-0.8115739819650121;-0.5842496656374347;1113.1709372192106;2490.8725379709344;1.3777016007517238
2026-08-24 15:52:48;840894407;46.9;1014.42;0.0;81.68;20.81;81.63000000000001;81.68;81.45;81.32;0.0;-0.848048096156426;-0.529919264233205;1158.1964098365363;2469.501939949971;1.3113055301134349
2026-08-24 16:07:48;840895307;45.12;1014.14;0.0;81.79;20.79;81.59375;81.68;81.68;81.45;0.10999999999999943;-0.8808907382053857;-0.47331966718484314;1112.8668674114438;2466.4602557877747;1.353593388376331
2026-08-24 16:22:48;840896207;44.01;1014.12;0.0;82.15;20.62;81.61625;81.79;81.68;81.68;0.35999999999999943;-0.9099612708765431;-0.41469324265623925;1074.1763758053542;2440.7552279149154;1.3665788521095612
2026-08-24 16:37:48;840897107;45.05;1013.86;0.0;82.52;20.48;81.68312499999999;82.15;81.79;81.68;0.36999999999999034;-0.9351352096860117;-0.3542910379977157;1090.1023306197076;2419.761000265722;1.3296586696460144
2026-08-24 16:52:48;840898007;45.6;1013.79;0.0;82.82;20.47;81.78125;82.52;82.15;81.79;0.29999999999999716;-0.9563047559630353;-0.2923717047227371;1102.7298015316237;2418.2671086219816;1.315537307090358
2026-08-24 17:07:48;840898907;45.39;1013.54;0.0;83.29;20.32;81.875;82.82;82.52;82.15;0.4700000000000131;-0.9733792584604485;-0.22920039092241415;1087.5267651035058;2395.961148057955;1.3084343829544494
2026-08-24 17:22:48;840899807;45.26;1013.26;0.0;83.49;20.12;81.95875;83.29;82.82;82.52;0.19999999999998863;-0.9862856015372314;-0.1650476058606773;1071.0781498309411;2366.50055199059;1.2954224021596488
2026-08-24 17:37:48;840900707;45.22;1013.05;0.0;83.6;20.07;82.051875;83.49;83.29;82.82;0.10999999999999943;-0.9949685182509117;-0.10018806161207644;1066.8230782328164;2359.184162390129;1.2923610841573128
2026-08-24 17:52:48;840901607;45.07;1012.79;0.0;83.68;20.07;82.159375;83.6;83.49;83.29;0.0800000000000125;-0.9993908270190958;-0.03489949670250076;1063.2834740439785;2359.1823253693774;1.2958988513253988
2026-08-24 18:07:48;840902507;45.54;1012.77;0.0;83.55;20.07;82.265625;83.68;83.6;83.49;-0.13000000000000966;-0.999533590836713;0.030538513209822354;1074.371566620831;2359.1821840597954;1.2848106174389646
2026-08-24 18:22:48;840903407;45.45;1012.43;0.0;83.64;19.9;82.405;83.55;83.68;83.6;0.09000000000000341;-0.9953961983671789;0.09584575252022405;1061.0107204720427;2334.457030741568;1.2734463102695253
