timestamp,datetime,humidity,pressure,pump_time,soil_moisture,temperature
836567568,2026-07-05 13:52:48,70.64,1013.73,0.00,101.92,21.02
836567568,2026-07-05 13:52:48
836567604,2026-07-05 13:53:24,71.50,1013.74,0.00,102.10,20.79
836568504,2026-07-05 14:08:24,71.59,1013.66,0.00,100.20,20.77
836569404,2026-07-05 14:23:24,71.92,1013.55,0.00,96.03,21.92
836570304,2026-07-05 14:38:24,64.89,1013.55,0.00,99.88,22.40
836571204,2026-07-05 14:53:24,75.40,1014.01,0.00,108.51,19.84
836572104,2026-07-05 15:08:24,75.67,1013.82,0.00,106.99,20.49
836573004,2026-07-05 15:23:24,74.23,1013.85,0.00,107.96,20.91
836573904,2026-07-05 15:38:24,74.58,1013.74,0.00,107.74,20.58
836574804,2026-07-05 15:53:24,75.20,1013.76,0.00,106.78,21.04
836575704,2026-07-05 16:08:24,74.76,1013.73,0.00,107.96,20.75
836576604,2026-07-05 16:23:24,76.20,1013.87,0.00,107.96,19.94
836577504,2026-07-05 16:38:24,76.22,1013.84,0.00,108.18,20.23
836578404,2026-07-05 16:53:24,76.74,1013.67,0.00,106.46,20.78
836579304,2026-07-05 17:08:24,76.44,1013.65,0.00,108.74,20.38
836580204,2026-07-05 17:23:24,77.78,1013.53,0.00,108.51,20.12
836581104,2026-07-05 17:38:24,77.91,1013.39,0.00,107.96,20.35
836582004,2026-07-05 17:53:24,78.21,1013.28,0.00,107.52,20.54
836582904,2026-07-05 18:08:24,75.31,1013.21,0.00,108.29,20.70
836583804,2026-07-05 18:23:24,75.95,1013.08,0.00,107.96,20.61
836584704,2026-07-05 18:38:24,72.56,1012.99,0.00,108.62,20.56
836585604,2026-07-05 18:53:24,73.41,1013.03,0.00,108.51,20.37
836586504,2026-07-05 19:08:24,73.21,1012.93,0.00,108.40,20.40
836587404,2026-07-05 19:23:24,72.10,1013.04,0.00,108.51,20.33
836588304,2026-07-05 19:38:24,70.75,1013.02,0.00,108.74,20.16
836589204,2026-07-05 19:53:24,70.15,1012.93,0.00,108.40,20.15
836590104,2026-07-05 20:08:24,70.14,1013.01,0.00,108.29,20.10
836591004,2026-07-05 20:23:24,69.65,1013.10,0.00,109.30,19.89
836591904,2026-07-05 20:38:24,69.28,1013.07,0.00,109.53,19.70
836592804,2026-07-05 20:53:24,69.53,1013.27,0.00,109.53,19.52
836593704,2026-07-05 21:08:24,69.86,1013.33,0.00,109.99,19.52
836594604,2026-07-05 21:23:24,69.60,1013.47,0.00,109.65,19.54
836595504,2026-07-05 21:38:24,71.45,1013.45,0.00,109.65,19.56
836596404,2026-07-05 21:53:24,67.75,1013.52,0.00,110.11,19.67
836597304,2026-07-05 22:08:24,67.68,1013.53,0.00,110.23,19.64
836598204,2026-07-05 22:23:24,67.58,1013.68,0.00,110.23,19.52
836599104,2026-07-05 22:38:24,67.91,1013.64,0.00,110.70,19.06
836600004,2026-07-05 22:53:24,68.27,1013.62,0.00,110.23,19.07
836600904,2026-07-05 23:08:24,68.84,1013.65,0.00,110.23,18.98
836601804,2026-07-05 23:23:24,69.00,1013.84,0.00,110.34,18.90
836602704,2026-07-05 23:38:24,69.84,1013.79,0.00,110.58,18.71
836603604,2026-07-05 23:53:24,69.45,1013.57,0.00,110.34,18.68
836604504,2026-07-06 00:08:24,69.14,1013.69,0.00,110.23,18.59
836605404,2026-07-06 00:23:24,69.43,1013.68,0.00,110.46,18.41
836606304,2026-07-06 00:38:24,69.31,1013.77,0.00,110.34,18.42
836607204,2026-07-06 00:53:24,68.81,1013.56,0.00,110.46,18.42
836608104,2026-07-06 01:08:24,70.33,1013.45,0.00,110.94,18.14
836609004,2026-07-06 01:23:24,70.81,1013.41,0.00,111.05,17.96
836609904,2026-07-06 01:38:24,70.09,1013.48,0.00,110.46,17.99
836610804,2026-07-06 01:53:24,69.87,1013.14,0.00,110.34,17.89
836611704,2026-07-06 02:08:24,69.92,1013.06,0.00,110.34,17.80
836612604,2026-07-06 02:23:24,70.23,1013.07,0.00,111.17,17.85
836613504,2026-07-06 02:38:24,70.68,1012.77,0.00,110.46,17.80
836614404,2026-07-06 02:53:24,71.00,1012.65,0.00,110.46,17.75
836615304,2026-07-06 03:08:24,71.17,1012.43,0.00,110.34,17.75
836616204,2026-07-06 03:23:24,71.17,1012.42,0.00,110.46,17.80
836617104,2026-07-06 03:38:24,71.56,1012.37,0.00,110.46,17.77
836618004,2026-07-06 03:53:24,72.15,1012.46,0.00,110.34,17.66
836618904,2026-07-06 04:08:24,72.33,1012.36,0.00,110.34,17.63
836619804,2026-07-06 04:23:24,72.41,1012.20,0.00,110.70,17.66
836620704,2026-07-06 04:38:24,72.59,1011.87,0.00,110.46,17.71
836621604,2026-07-06 04:53:24,73.22,1011.73,0.00,110.58,17.64
836622504,2026-07-06 05:08:24,73.52,1011.65,0.00,110.34,17.65
836623404,2026-07-06 05:23:24,73.85,1011.54,0.00,110.34,17.65
836624304,2026-07-06 05:38:24,74.25,1011.55,0.00,110.34,17.61
836625204,2026-07-06 05:53:24,75.00,1011.45,0.00,110.34,17.52
836626104,2026-07-06 06:08:24,75.32,1011.32,0.00,111.05,17.50
836627004,2026-07-06 06:23:24,75.36,1011.01,0.00,110.70,17.61
836627904,2026-07-06 06:38:24,75.50,1010.85,0.00,110.34,17.64
836628804,2026-07-06 06:53:24,76.21,1010.70,0.00,110.34,17.62
836629704,2026-07-06 07:08:24,76.88,1010.57,0.00,109.99,17.67
836630604,2026-07-06 07:23:24,77.23,1010.57,0.00,109.99,17.69
836631504,2026-07-06 07:38:24,77.42,1010.41,0.00,110.11,17.81
836632404,2026-07-06 07:53:24,77.00,1010.68,0.00,109.76,17.96
836633304,2026-07-06 08:08:24,76.60,1010.53,0.00,110.34,18.19
836634204,2026-07-06 08:23:24,75.72,1010.33,0.00,109.99,18.31
836635104,2026-07-06 08:38:24,76.04,1010.07,0.00,109.76,18.46
836636004,2026-07-06 08:53:24,74.86,1010.07,0.00,108.29,18.77
836636904,2026-07-06 09:08:24,71.89,1010.17,0.00,106.04,19.38
836637804,2026-07-06 09:23:24,71.28,1010.29,0.00,108.96,19.40
836638704,2026-07-06 09:38:24,71.49,1009.96,0.00,108.74,19.38
836639604,2026-07-06 09:53:24,72.93,1009.85,0.00,108.74,19.29
836640504,2026-07-06 10:08:24,73.76,1009.95,0.00,108.85,19.16
836641404,2026-07-06 10:23:24,72.99,1009.67,0.00,107.85,19.65
836642304,2026-07-06 10:38:24,72.62,1009.65,0.00,108.51,19.79
836643204,2026-07-06 10:53:24,72.86,1009.59,0.00,108.85,19.64
836644104,2026-07-06 11:08:24,74.38,1009.68,0.00,108.74,19.52
836645004,2026-07-06 11:23:24,74.22,1009.71,0.00,108.62,19.59
836645904,2026-07-06 11:38:24,74.22,1009.75,0.00,108.96,19.69
836646804,2026-07-06 11:53:24,73.93,1009.58,0.00,108.40,19.78
836647704,2026-07-06 12:08:24,72.07,1009.58,0.00,108.07,20.06
836648604,2026-07-06 12:23:24,70.37,1009.38,0.00,107.31,20.54
836649504,2026-07-06 12:38:24,69.67,1009.44,0.00,107.96,20.51
836650404,2026-07-06 12:53:24,68.65,1009.35,0.00,106.57,20.78
836651304,2026-07-06 13:08:24,66.49,1009.48,0.00,106.99,21.11
836652204,2026-07-06 13:23:24,64.42,1009.17,0.00,105.33,21.93
836653104,2026-07-06 13:38:24,62.42,1009.14,0.00,105.43,22.31
836654004,2026-07-06 13:53:24,61.33,1008.94,0.00,104.54,22.73
836567568,2026-07-05 13:52:48
836567604,2026-07-05 13:53:24
836568504,2026-07-05 14:08:24
836569404,2026-07-05 14:23:24
836570304,2026-07-05 14:38:24
836571204,2026-07-05 14:53:24
836572104,2026-07-05 15:08:24
836573004,2026-07-05 15:23:24
836573904,2026-07-05 15:38:24
836574804,2026-07-05 15:53:24
836575704,2026-07-05 16:08:24
836576604,2026-07-05 16:23:24
836577504,2026-07-05 16:38:24
836578404,2026-07-05 16:53:24
836579304,2026-07-05 17:08:24
836580204,2026-07-05 17:23:24
836581104,2026-07-05 17:38:24
836582004,2026-07-05 17:53:24
836582904,2026-07-05 18:08:24
836583804,2026-07-05 18:23:24
836674556,2026-07-06 19:35:56,44.35,1007.73,0.00,104.05,24.44
836675456,2026-07-06 19:50:56,45.32,1007.77,15.00,116.43,23.68
836676356,2026-07-06 20:05:56,47.05,1007.77,0.00,114.30,23.38
836677256,2026-07-06 20:20:56,48.18,1007.69,0.00,113.40,23.14
836678156,2026-07-06 20:35:56,49.07,1007.59,0.00,112.77,23.01
836679056,2026-07-06 20:50:56,50.42,1007.53,0.00,113.53,22.90
836679956,2026-07-06 21:05:56,51.82,1007.41,0.00,114.30,22.71
836680856,2026-07-06 21:20:56,53.63,1007.26,0.00,105.74,22.49
836681756,2026-07-06 21:35:56,54.69,1007.25,0.00,105.63,22.24
836682656,2026-07-06 21:50:56,56.48,1007.20,0.00,105.84,21.95
836683556,2026-07-06 22:05:56,56.91,1007.16,0.00,105.84,21.70
836684456,2026-07-06 22:20:56,57.82,1007.04,0.00,106.04,21.49
836685356,2026-07-06 22:35:56,59.31,1006.98,0.00,106.46,21.27
836686256,2026-07-06 22:50:56,60.51,1006.97,0.00,106.46,21.10
836687156,2026-07-06 23:05:56,60.58,1006.73,0.00,106.57,20.90
836688056,2026-07-06 23:20:56,61.17,1006.76,0.00,106.25,20.70
836688956,2026-07-06 23:35:56,60.89,1006.68,0.00,106.67,20.65
836689856,2026-07-06 23:50:56,59.02,1006.66,0.00,106.46,20.63
836690756,2026-07-07 00:05:56,58.96,1006.54,0.00,106.15,20.66
836691656,2026-07-07 00:20:56,59.53,1006.58,0.00,105.74,20.58
836692556,2026-07-07 00:35:56,58.11,1006.48,0.00,105.84,20.62
836693456,2026-07-07 00:50:56,57.94,1006.32,0.00,106.15,20.64
836694356,2026-07-07 01:05:56,58.66,1006.15,0.00,106.15,20.66
836695256,2026-07-07 01:20:56,58.88,1006.14,0.00,106.04,20.65
836696156,2026-07-07 01:35:56,59.04,1006.10,0.00,106.46,20.62
836697056,2026-07-07 01:50:56,59.16,1006.00,0.00,105.74,20.56
836697956,2026-07-07 02:05:56,59.63,1005.99,0.00,106.25,20.59
836698856,2026-07-07 02:20:56,60.07,1005.84,0.00,106.04,20.59
836699756,2026-07-07 02:35:56,60.43,1005.93,0.00,106.46,20.42
836700656,2026-07-07 02:50:56,60.86,1005.95,0.00,106.25,20.34
836701556,2026-07-07 03:05:56,61.31,1005.88,0.00,106.04,20.26
836702456,2026-07-07 03:20:56,61.79,1005.73,0.00,106.36,20.10
836703356,2026-07-07 03:35:56,62.05,1005.73,0.00,106.78,19.97
836704256,2026-07-07 03:50:56,61.41,1005.61,0.00,106.46,19.91
836705156,2026-07-07 04:05:56,61.77,1005.59,0.00,106.15,19.88
836706056,2026-07-07 04:20:56,61.58,1005.48,0.00,106.04,19.89
836706956,2026-07-07 04:35:56,61.83,1005.66,0.00,106.36,19.85
836707856,2026-07-07 04:50:56,62.08,1005.77,0.00,106.67,19.81
836708756,2026-07-07 05:05:56,62.22,1005.66,0.00,106.46,19.65
836709656,2026-07-07 05:20:56,62.15,1005.58,0.00,106.67,19.62
836710556,2026-07-07 05:35:56,62.16,1005.54,0.00,106.67,19.58
836711456,2026-07-07 05:50:56,61.98,1005.54,0.00,106.46,19.56
836712356,2026-07-07 06:05:56,62.10,1005.52,0.00,106.46,19.58
836713256,2026-07-07 06:20:56,62.87,1005.50,0.00,106.15,19.42
836714156,2026-07-07 06:35:56,62.70,1005.51,0.00,105.84,19.47
836715056,2026-07-07 06:50:56,63.11,1005.64,0.00,106.15,19.54
836715956,2026-07-07 07:05:56,63.59,1005.52,0.00,105.74,19.48
836716856,2026-07-07 07:20:56,63.51,1005.73,0.00,104.93,19.61
836717756,2026-07-07 07:35:56,63.80,1005.75,0.00,105.53,19.45
836718656,2026-07-07 07:50:56,63.48,1005.68,0.00,105.63,19.44
836719556,2026-07-07 08:05:56,63.34,1005.72,0.00,104.93,19.67
836720456,2026-07-07 08:20:56,62.69,1005.68,0.00,105.63,19.85
836721356,2026-07-07 08:35:56,63.49,1005.80,0.00,105.23,19.76
836722256,2026-07-07 08:50:56,63.45,1005.78,0.00,104.24,19.91
836723156,2026-07-07 09:05:56,62.20,1005.78,0.00,104.15,20.18
836724056,2026-07-07 09:20:56,62.74,1005.83,0.00,103.67,20.36
836724956,2026-07-07 09:35:56,63.42,1005.74,0.00,103.67,20.55
836725856,2026-07-07 09:50:56,63.07,1005.77,0.00,104.05,20.53
836726756,2026-07-07 10:05:56,63.45,1005.73,0.00,104.15,20.70
836727656,2026-07-07 10:20:56,61.78,1005.72,0.00,103.86,20.76
836728556,2026-07-07 10:35:56,61.57,1005.72,0.00,103.76,21.03
836729456,2026-07-07 10:50:56,59.90,1005.65,0.00,100.71,21.74
836730356,2026-07-07 11:05:56,57.99,1005.42,0.00,100.79,22.11
836731256,2026-07-07 11:20:56,54.71,1005.06,0.00,97.93,22.91
836732156,2026-07-07 11:35:56,53.33,1005.12,0.00,98.08,23.76
836733056,2026-07-07 11:50:56,51.16,1004.92,0.00,98.23,24.24
836733956,2026-07-07 12:05:56,48.41,1004.74,0.00,98.16,24.85
836734856,2026-07-07 12:20:56,44.86,1004.65,0.00,98.16,25.38
836735756,2026-07-07 12:35:56,42.81,1004.76,0.00,97.64,25.72
836736656,2026-07-07 12:50:56,43.69,1004.59,0.00,96.99,25.73
836737556,2026-07-07 13:05:56,41.10,1004.47,0.00,97.42,25.97
836738456,2026-07-07 13:20:56,41.18,1004.54,0.00,97.28,26.08
836739356,2026-07-07 13:35:56,42.67,1004.43,0.00,96.64,26.15
836740256,2026-07-07 13:50:56,42.35,1004.63,0.00,96.23,26.50
836741156,2026-07-07 14:05:56,41.43,1004.47,0.00,95.90,26.35
836742056,2026-07-07 14:20:56,41.66,1004.47,0.00,94.20,26.89
836742956,2026-07-07 14:35:56,39.29,1004.47,0.00,95.70,27.18
836743856,2026-07-07 14:50:56,38.32,1004.40,0.00,95.96,27.17
836744756,2026-07-07 15:05:56,38.39,1004.42,0.00,96.64,26.94
836745656,2026-07-07 15:20:56,38.37,1004.63,0.00,96.92,26.76
836746556,2026-07-07 15:35:56,38.46,1004.50,0.00,97.71,26.32
836747456,2026-07-07 15:50:56,39.88,1004.56,0.00,98.16,25.70
836748356,2026-07-07 16:05:56,41.45,1004.77,0.00,97.78,25.23
836749256,2026-07-07 16:20:56,41.75,1004.88,0.00,97.35,25.25
836750156,2026-07-07 16:35:56,42.04,1004.98,0.00,97.13,25.08
836751056,2026-07-07 16:50:56,42.56,1004.87,0.00,97.20,25.16
836751956,2026-07-07 17:05:56,44.00,1005.07,0.00,97.13,24.69
836752856,2026-07-07 17:20:56,45.57,1005.31,0.00,96.92,24.48
836753756,2026-07-07 17:35:56,46.33,1005.38,0.00,97.13,24.34
836754656,2026-07-07 17:50:56,47.93,1005.51,0.00,97.13,24.19
836755556,2026-07-07 18:05:56,48.73,1005.41,0.00,97.28,24.02
836756456,2026-07-07 18:20:56,51.17,1005.54,0.00,97.06,23.70
836757356,2026-07-07 18:35:56,53.30,1005.48,0.00,96.92,23.46
836758256,2026-07-07 18:50:56,53.75,1005.84,0.00,96.85,23.35
836759156,2026-07-07 19:05:56,54.26,1005.85,0.00,97.28,22.87
836760056,2026-07-07 19:20:56,53.31,1006.18,0.00,97.42,22.36
836760956,2026-07-07 19:35:56,54.50,1006.16,0.00,97.64,21.97
836761856,2026-07-07 19:50:56,56.38,1006.46,0.00,97.93,22.08
836762756,2026-07-07 20:05:56,58.62,1006.74,0.00,97.20,21.74
836763656,2026-07-07 20:20:56,59.37,1006.97,0.00,98.08,21.17
836764556,2026-07-07 20:35:56,59.77,1007.03,0.00,97.93,20.90
836765456,2026-07-07 20:50:56,60.11,1007.32,0.00,97.35,20.74
836766356,2026-07-07 21:05:56,60.57,1007.20,0.00,97.13,20.61
836767256,2026-07-07 21:20:56,60.73,1007.53,0.00,98.08,20.69
836768156,2026-07-07 21:35:56,62.60,1007.55,0.00,98.01,20.41
836769056,2026-07-07 21:50:56,61.12,1007.54,0.00,98.16,20.70
836769956,2026-07-07 22:05:56,60.89,1007.72,0.00,97.71,20.72
836770856,2026-07-07 22:20:56,61.14,1007.55,0.00,98.01,20.75
836771756,2026-07-07 22:35:56,61.52,1007.91,0.00,97.93,20.67
836772656,2026-07-07 22:50:56,61.77,1007.98,0.00,98.01,20.67
836773556,2026-07-07 23:05:56,62.64,1008.03,0.00,98.16,20.43
836774456,2026-07-07 23:20:56,63.53,1008.18,0.00,98.16,20.16
836775356,2026-07-07 23:35:56,63.46,1008.16,0.00,98.16,20.15
836776256,2026-07-07 23:50:56,63.38,1008.17,0.00,98.16,20.09
836777156,2026-07-08 00:05:56,64.19,1008.04,0.00,98.16,19.67
836778056,2026-07-08 00:20:56,64.35,1008.05,0.00,98.38,19.69
836778956,2026-07-08 00:35:56,64.93,1008.01,0.00,98.23,19.50
836779856,2026-07-08 00:50:56,65.89,1008.06,0.00,98.16,19.17
836780756,2026-07-08 01:05:56,65.93,1008.06,0.00,98.23,19.34
836781656,2026-07-08 01:20:56,66.33,1008.09,0.00,98.23,19.31
836782556,2026-07-08 01:35:56,66.52,1008.23,0.00,98.23,19.28
836783456,2026-07-08 01:50:56,66.49,1008.27,0.00,98.31,19.24
836784356,2026-07-08 02:05:56,66.75,1008.36,0.00,98.31,19.14
836785256,2026-07-08 02:20:56,66.52,1008.39,0.00,98.31,19.21
836786156,2026-07-08 02:35:56,66.72,1008.38,0.00,98.69,18.97
836787056,2026-07-08 02:50:56,66.08,1008.61,0.00,98.31,18.91
836787956,2026-07-08 03:05:56,66.33,1008.80,0.00,98.84,18.96
836788856,2026-07-08 03:20:56,67.22,1008.71,0.00,98.31,18.84
836789756,2026-07-08 03:35:56,67.90,1008.67,0.00,98.53,18.67
836790656,2026-07-08 03:50:56,68.03,1008.72,0.00,98.69,18.67
836791556,2026-07-08 04:05:56,68.42,1008.72,0.00,98.61,18.55
836792456,2026-07-08 04:20:56,68.31,1008.84,0.00,98.53,18.41
836793356,2026-07-08 04:35:56,68.54,1008.97,0.00,98.38,18.44
836794256,2026-07-08 04:50:56,69.08,1008.82,0.00,98.38,18.48
836795156,2026-07-08 05:05:56,68.46,1008.88,0.00,98.69,18.69
836796056,2026-07-08 05:20:56,68.75,1008.96,0.00,98.84,18.67
836796956,2026-07-08 05:35:56,69.77,1008.90,0.00,98.84,18.48
836797856,2026-07-08 05:50:56,69.50,1009.05,0.00,98.69,18.61
836798756,2026-07-08 06:05:56,69.10,1009.19,0.00,98.84,18.77
836799656,2026-07-08 06:20:56,69.61,1009.34,0.00,98.84,18.73
836800556,2026-07-08 06:35:56,69.89,1009.55,0.00,98.92,18.79
836801456,2026-07-08 06:50:56,70.49,1009.53,0.00,98.92,18.67
836802356,2026-07-08 07:05:56,71.85,1009.72,0.00,98.84,18.38
836803256,2026-07-08 07:20:56,72.11,1009.86,0.00,98.84,18.20
836804156,2026-07-08 07:35:56,72.35,1010.02,0.00,99.00,18.22
836805056,2026-07-08 07:50:56,73.73,1010.13,0.00,99.08,18.24
836805956,2026-07-08 08:05:56,73.77,1010.28,0.00,98.92,18.25
836806856,2026-07-08 08:20:56,72.75,1010.25,0.00,99.00,18.47
836807756,2026-07-08 08:35:56,72.52,1010.49,0.00,98.69,18.58
836808656,2026-07-08 08:50:56,70.18,1010.43,0.00,98.38,19.00
836809556,2026-07-08 09:05:56,69.09,1010.52,0.00,98.16,19.07
836810456,2026-07-08 09:20:56,67.88,1010.70,0.00,97.35,19.15
836811356,2026-07-08 09:35:56,66.00,1010.79,0.00,97.93,19.25
836812256,2026-07-08 09:50:56,65.16,1010.73,0.00,98.01,19.44
836813156,2026-07-08 10:05:56,64.13,1010.80,0.00,98.16,19.65
836814056,2026-07-08 10:20:56,65.87,1010.82,0.00,98.31,19.34
836814956,2026-07-08 10:35:56,65.68,1010.95,0.00,98.16,19.29
836815856,2026-07-08 10:50:56,65.56,1011.00,0.00,97.20,19.51
836816756,2026-07-08 11:05:56,64.41,1011.07,0.00,97.35,20.00
836817656,2026-07-08 11:20:56,62.57,1011.09,0.00,97.20,20.12
836818556,2026-07-08 11:35:56,63.33,1011.27,0.00,97.64,20.33
836819456,2026-07-08 11:50:56,64.02,1011.22,0.00,97.93,20.20
836820356,2026-07-08 12:05:56,63.68,1011.37,0.00,97.35,20.16
836821256,2026-07-08 12:20:56,64.91,1011.53,0.00,98.16,19.93
836822156,2026-07-08 12:35:56,66.73,1011.62,0.00,98.16,19.84
836823056,2026-07-08 12:50:56,67.64,1011.70,0.00,98.38,19.47
836823956,2026-07-08 13:05:56,67.62,1011.71,0.00,97.93,19.56
836824856,2026-07-08 13:20:56,66.71,1011.83,0.00,97.06,20.00
836825756,2026-07-08 13:35:56,65.83,1011.81,0.00,97.64,20.10
836826656,2026-07-08 13:50:56,67.34,1011.93,0.00,97.64,19.80
836827556,2026-07-08 14:05:56,67.87,1011.84,0.00,97.49,19.84
836828456,2026-07-08 14:20:56,68.51,1011.91,0.00,97.06,19.79
836829356,2026-07-08 14:35:56,67.07,1011.84,0.00,96.23,20.47
836830256,2026-07-08 14:50:56,65.74,1011.70,0.00,95.50,21.11
836831156,2026-07-08 15:05:56,63.26,1011.79,0.00,97.64,21.11
836832056,2026-07-08 15:20:56,65.35,1011.88,0.00,97.93,20.49
836832956,2026-07-08 15:35:56,67.75,1011.98,0.00,98.16,20.27
836833856,2026-07-08 15:50:56,68.64,1011.95,0.00,98.01,20.06
836834756,2026-07-08 16:05:56,68.51,1011.92,0.00,97.42,20.29
836835656,2026-07-08 16:20:56,68.51,1011.87,0.00,97.71,20.21
836836556,2026-07-08 16:35:56,66.45,1011.92,0.00,96.85,20.90
836837456,2026-07-08 16:50:56,67.16,1012.16,0.00,98.16,20.53
836838356,2026-07-08 17:05:56,65.86,1012.03,0.00,96.99,20.50
836839256,2026-07-08 17:20:56,66.07,1011.94,0.00,97.42,20.82
836840518,2026-07-08 17:41:58,64.64,1011.83,0.00,135.79,21.07
836841418,2026-07-08 17:56:58,64.98,1011.85,0.00,135.22,21.10
836842318,2026-07-08 18:11:58,64.22,1011.98,0.00,137.72,21.26
836843218,2026-07-08 18:26:58,64.33,1011.92,0.00,135.79,21.28
836844118,2026-07-08 18:41:58,64.00,1011.78,0.00,135.41,21.50
836845018,2026-07-08 18:56:58,63.45,1011.87,0.00,137.72,21.50
836845918,2026-07-08 19:11:58,63.57,1011.87,0.00,137.72,21.37
836846818,2026-07-08 19:26:58,64.46,1011.98,0.00,137.72,21.10
836847718,2026-07-08 19:41:58,64.92,1012.01,0.00,137.72,21.00
836848618,2026-07-08 19:56:58,66.03,1011.99,0.00,137.72,20.73
836849518,2026-07-08 20:11:58,66.40,1011.90,0.00,137.91,20.54
836850418,2026-07-08 20:26:58,66.98,1011.92,0.00,138.11,20.40
836851318,2026-07-08 20:41:58,67.25,1011.87,0.00,139.30,20.20
836852218,2026-07-08 20:56:58,66.94,1011.77,0.00,140.31,20.14
836853118,2026-07-08 21:11:58,67.20,1011.83,0.00,135.41,20.14
836854018,2026-07-08 21:26:58,67.81,1011.96,0.00,138.31,19.83
836854918,2026-07-08 21:41:58,68.57,1012.08,0.00,138.11,19.72
836855818,2026-07-08 21:56:58,69.13,1012.07,0.00,139.50,19.58
836856718,2026-07-08 22:11:58,69.32,1012.05,0.00,138.31,19.50
836857618,2026-07-08 22:26:58,69.75,1012.01,0.00,138.51,19.49
836858518,2026-07-08 22:41:58,70.43,1012.15,0.00,139.30,19.33
836859418,2026-07-08 22:56:58,70.74,1012.30,0.00,140.10,19.24
836860318,2026-07-08 23:11:58,71.00,1012.40,0.00,140.10,19.15
836861218,2026-07-08 23:26:58,72.29,1012.34,0.00,140.51,19.24
836862118,2026-07-08 23:41:58,74.13,1012.55,0.00,140.51,19.09
836863018,2026-07-08 23:56:58,74.26,1012.47,0.00,140.10,18.99
836863918,2026-07-09 00:11:58,74.48,1012.37,0.00,140.10,18.93
836864818,2026-07-09 00:26:58,74.26,1012.48,0.00,140.31,18.83
836865718,2026-07-09 00:41:58,74.15,1012.50,0.00,140.71,18.74
836866618,2026-07-09 00:56:58,74.79,1012.50,0.00,141.32,18.64
836867518,2026-07-09 01:11:58,75.31,1012.35,0.00,140.92,18.61
836868418,2026-07-09 01:26:58,76.23,1012.38,0.00,141.12,18.63
836869318,2026-07-09 01:41:58,76.40,1012.28,0.00,140.71,18.60
836870218,2026-07-09 01:56:58,76.13,1012.28,0.00,140.71,18.65
836871118,2026-07-09 02:11:58,74.75,1012.39,0.00,140.71,18.40
836872018,2026-07-09 02:26:58,73.93,1012.29,0.00,141.12,18.40
836872918,2026-07-09 02:41:58,73.56,1012.31,0.00,140.71,18.42
836873818,2026-07-09 02:56:58,72.46,1012.12,0.00,141.53,18.42
836874718,2026-07-09 03:11:58,71.84,1012.13,0.00,141.32,18.43
836875618,2026-07-09 03:26:58,71.20,1011.97,0.00,140.71,18.51
836876518,2026-07-09 03:41:58,71.16,1011.92,0.00,141.53,18.56
836877418,2026-07-09 03:56:58,71.58,1011.88,0.00,140.71,18.38
836878318,2026-07-09 04:11:58,72.19,1011.93,0.00,142.56,18.18
836879218,2026-07-09 04:26:58,72.87,1011.95,0.00,141.74,18.02
836880118,2026-07-09 04:41:58,72.66,1012.00,0.00,142.77,17.94
836881018,2026-07-09 04:56:58,72.67,1011.93,0.00,142.56,17.96
836881918,2026-07-09 05:11:58,72.64,1011.97,0.00,141.74,18.00
836882818,2026-07-09 05:26:58,73.04,1012.03,0.00,142.98,17.93
836883718,2026-07-09 05:41:58,72.72,1012.04,0.00,141.94,18.03
836884618,2026-07-09 05:56:58,72.85,1012.11,0.00,143.40,18.02
836885518,2026-07-09 06:11:58,72.07,1012.04,0.00,142.56,18.08
836886418,2026-07-09 06:26:58,72.20,1012.12,0.00,141.94,18.10
836887318,2026-07-09 06:41:58,71.71,1012.13,0.00,141.74,18.21
836888218,2026-07-09 06:56:58,71.99,1012.17,0.00,141.74,18.03
836889118,2026-07-09 07:11:58,72.12,1012.38,0.00,142.98,17.81
836890018,2026-07-09 07:26:58,71.09,1012.50,0.00,143.19,17.68
836890918,2026-07-09 07:41:58,71.45,1012.63,0.00,142.56,17.34
836891818,2026-07-09 07:56:58,71.72,1012.68,0.00,142.98,17.29
836892718,2026-07-09 08:11:58,71.51,1012.62,0.00,143.40,17.29
836893618,2026-07-09 08:26:58,71.75,1012.60,0.00,142.15,17.42
836894518,2026-07-09 08:41:58,71.65,1012.79,0.00,142.77,17.61
836895418,2026-07-09 08:56:58,71.35,1012.87,0.00,142.98,17.91
836896318,2026-07-09 09:11:58,71.63,1012.92,0.00,142.56,17.83
836897218,2026-07-09 09:26:58,72.09,1012.93,0.00,142.15,17.78
836898118,2026-07-09 09:41:58,71.18,1013.13,0.00,141.74,18.02
836899018,2026-07-09 09:56:58,70.14,1013.14,0.00,144.03,18.01
836899918,2026-07-09 10:11:58,67.20,1013.20,0.00,141.32,18.27
836900818,2026-07-09 10:26:58,66.53,1013.12,0.00,140.92,18.74
836901718,2026-07-09 10:41:58,63.92,1013.07,0.00,140.92,19.06
836902618,2026-07-09 10:56:58,63.37,1013.03,0.00,140.71,19.17
836903518,2026-07-09 11:11:58,64.12,1013.14,0.00,140.71,19.07
836904418,2026-07-09 11:26:58,64.89,1013.18,0.00,140.71,18.86
836905318,2026-07-09 11:41:58,64.79,1013.26,0.00,140.51,19.16
836906218,2026-07-09 11:56:58,63.73,1013.30,0.00,140.31,19.62
836907118,2026-07-09 12:11:58,62.31,1013.14,0.00,140.31,19.74
836908018,2026-07-09 12:26:58,60.44,1013.13,0.00,139.30,20.29
836908918,2026-07-09 12:41:58,61.82,1013.07,0.00,138.70,20.27
836909818,2026-07-09 12:56:58,60.54,1012.92,0.00,139.70,20.28
836910718,2026-07-09 13:11:58,57.92,1012.73,0.00,137.72,21.04
836911618,2026-07-09 13:26:58,57.85,1012.70,0.00,137.91,21.51
836912518,2026-07-09 13:41:58,57.79,1012.60,0.00,134.65,21.55
836567568,2026-07-05 13:52:48
836567604,2026-07-05 13:53:24
836568504,2026-07-05 14:08:24
836569404,2026-07-05 14:23:24
836570304,2026-07-05 14:38:24
836571204,2026-07-05 14:53:24
836572104,2026-07-05 15:08:24
836573004,2026-07-05 15:23:24
836573904,2026-07-05 15:38:24
836574804,2026-07-05 15:53:24
836575704,2026-07-05 16:08:24
836576604,2026-07-05 16:23:24
836577504,2026-07-05 16:38:24
836578404,2026-07-05 16:53:24
836579304,2026-07-05 17:08:24
836580204,2026-07-05 17:23:24
836581104,2026-07-05 17:38:24
836582004,2026-07-05 17:53:24
836582904,2026-07-05 18:08:24
836583804,2026-07-05 18:23:24
839088221,2026-08-03 18:03:41,35.66,1002.70,0.00,99.16,30.92
836567568,2026-07-05 13:52:48
836567604,2026-07-05 13:53:24
836568504,2026-07-05 14:08:24
836569404,2026-07-05 14:23:24
836570304,2026-07-05 14:38:24
836571204,2026-07-05 14:53:24
836572104,2026-07-05 15:08:24
836573004,2026-07-05 15:23:24
836573904,2026-07-05 15:38:24
836574804,2026-07-05 15:53:24
836575704,2026-07-05 16:08:24
836576604,2026-07-05 16:23:24
836577504,2026-07-05 16:38:24
836578404,2026-07-05 16:53:24
836579304,2026-07-05 17:08:24
836580204,2026-07-05 17:23:24
836581104,2026-07-05 17:38:24
836582004,2026-07-05 17:53:24
836582904,2026-07-05 18:08:24
836583804,2026-07-05 18:23:24
839088356,2026-08-03 18:05:56,36.23,1002.72,0.00,93.62,30.83
836567568,2026-07-05 13:52:48
836567604,2026-07-05 13:53:24
836568504,2026-07-05 14:08:24
836569404,2026-07-05 14:23:24
836570304,2026-07-05 14:38:24
836571204,2026-07-05 14:53:24
836572104,2026-07-05 15:08:24
836573004,2026-07-05 15:23:24
836573904,2026-07-05 15:38:24
836574804,2026-07-05 15:53:24
836575704,2026-07-05 16:08:24
836576604,2026-07-05 16:23:24
836577504,2026-07-05 16:38:24
836578404,2026-07-05 16:53:24
836579304,2026-07-05 17:08:24
836580204,2026-07-05 17:23:24
836581104,2026-07-05 17:38:24
836582004,2026-07-05 17:53:24
836582904,2026-07-05 18:08:24
836583804,2026-07-05 18:23:24
839088994,2026-08-03 18:16:34,36.24,1002.72,0.00,0.24,30.99
836567568,2026-07-05 13:52:48
836567604,2026-07-05 13:53:24
836568504,2026-07-05 14:08:24
836569404,2026-07-05 14:23:24
836570304,2026-07-05 14:38:24
836571204,2026-07-05 14:53:24
836572104,2026-07-05 15:08:24
836573004,2026-07-05 15:23:24
836573904,2026-07-05 15:38:24
836574804,2026-07-05 15:53:24
836575704,2026-07-05 16:08:24
836576604,2026-07-05 16:23:24
836577504,2026-07-05 16:38:24
836578404,2026-07-05 16:53:24
836579304,2026-07-05 17:08:24
836580204,2026-07-05 17:23:24
836581104,2026-07-05 17:38:24
836582004,2026-07-05 17:53:24
836582904,2026-07-05 18:08:24
836583804,2026-07-05 18:23:24
839089069,2026-08-03 18:17:49,36.00,1002.60,0.00,180.39,31.03
836567568,2026-07-05 13:52:48
836567604,2026-07-05 13:53:24
836568504,2026-07-05 14:08:24
836569404,2026-07-05 14:23:24
836570304,2026-07-05 14:38:24
836571204,2026-07-05 14:53:24
836572104,2026-07-05 15:08:24
836573004,2026-07-05 15:23:24
836573904,2026-07-05 15:38:24
836574804,2026-07-05 15:53:24
836575704,2026-07-05 16:08:24
836576604,2026-07-05 16:23:24
836577504,2026-07-05 16:38:24
836578404,2026-07-05 16:53:24
836579304,2026-07-05 17:08:24
836580204,2026-07-05 17:23:24
836581104,2026-07-05 17:38:24
836582004,2026-07-05 17:53:24
836582904,2026-07-05 18:08:24
836583804,2026-07-05 18:23:24
839089143,2026-08-03 18:19:03,36.15,1002.66,0.00,222.55,31.03
836567568,2026-07-05 13:52:48
836567604,2026-07-05 13:53:24
836568504,2026-07-05 14:08:24
836569404,2026-07-05 14:23:24
836570304,2026-07-05 14:38:24
836571204,2026-07-05 14:53:24
836572104,2026-07-05 15:08:24
836573004,2026-07-05 15:23:24
836573904,2026-07-05 15:38:24
836574804,2026-07-05 15:53:24
836575704,2026-07-05 16:08:24
836576604,2026-07-05 16:23:24
836577504,2026-07-05 16:38:24
836578404,2026-07-05 16:53:24
836579304,2026-07-05 17:08:24
836580204,2026-07-05 17:23:24
836581104,2026-07-05 17:38:24
836582004,2026-07-05 17:53:24
836582904,2026-07-05 18:08:24
836583804,2026-07-05 18:23:24
839089715,2026-08-03 18:28:35,35.66,1002.47,0.00,169.88,31.25
836567568,2026-07-05 13:52:48
836567604,2026-07-05 13:53:24
836568504,2026-07-05 14:08:24
836569404,2026-07-05 14:23:24
836570304,2026-07-05 14:38:24
836571204,2026-07-05 14:53:24
836572104,2026-07-05 15:08:24
836573004,2026-07-05 15:23:24
836573904,2026-07-05 15:38:24
836574804,2026-07-05 15:53:24
836575704,2026-07-05 16:08:24
836576604,2026-07-05 16:23:24
836577504,2026-07-05 16:38:24
836578404,2026-07-05 16:53:24
836579304,2026-07-05 17:08:24
836580204,2026-07-05 17:23:24
836581104,2026-07-05 17:38:24
836582004,2026-07-05 17:53:24
836582904,2026-07-05 18:08:24
836583804,2026-07-05 18:23:24
839089907,2026-08-03 18:31:47,35.81,1002.46,0.00,175.74,31.35
839090807,2026-08-03 18:46:47,36.80,1002.34,0.00,159.95,30.55
839091707,2026-08-03 19:01:47,37.12,1002.33,0.00,159.70,30.37
839092607,2026-08-03 19:16:47,37.58,1002.42,0.00,157.97,30.36
839093507,2026-08-03 19:31:47,38.24,1002.43,0.00,156.26,30.36
839094407,2026-08-03 19:46:47,38.60,1002.32,0.00,157.48,30.20
839095307,2026-08-03 20:01:47,39.48,1002.37,0.00,156.99,30.06
839096207,2026-08-03 20:16:47,39.11,1002.51,0.00,156.99,29.94
839097107,2026-08-03 20:31:47,38.67,1002.59,0.00,157.97,29.82
839098007,2026-08-03 20:46:47,39.02,1002.62,0.00,156.26,29.63
839098907,2026-08-03 21:01:47,38.41,1002.79,0.00,157.48,29.37
839099807,2026-08-03 21:16:47,37.35,1002.89,0.00,157.48,29.14
839100707,2026-08-03 21:31:47,38.54,1002.96,0.00,158.21,28.93
839101607,2026-08-03 21:46:47,38.93,1003.11,0.00,156.50,28.68
839102507,2026-08-03 22:01:47,36.76,1003.20,0.00,157.48,28.50
839103407,2026-08-03 22:16:47,36.52,1003.20,0.00,157.97,28.34
839104307,2026-08-03 22:31:47,39.99,1003.08,0.00,157.97,28.14
839105207,2026-08-03 22:46:47,38.20,1002.81,0.00,158.21,27.95
839106107,2026-08-03 23:01:47,38.13,1002.73,0.00,158.21,27.83
839107007,2026-08-03 23:16:47,37.38,1002.74,0.00,158.21,27.64
839107907,2026-08-03 23:31:47,36.73,1002.71,0.00,158.95,27.54
839108807,2026-08-03 23:46:47,37.06,1002.96,0.00,160.45,27.47
839109707,2026-08-04 00:01:47,37.32,1003.04,0.00,159.70,27.35
839110607,2026-08-04 00:16:47,38.62,1003.68,0.00,159.95,26.99
839111507,2026-08-04 00:31:47,39.86,1004.30,0.00,161.97,26.76
839112407,2026-08-04 00:46:47,43.24,1004.55,0.00,160.45,26.61
839113307,2026-08-04 01:01:47,44.27,1004.72,0.00,161.71,26.82
839114207,2026-08-04 01:16:47,44.52,1004.85,0.00,160.95,26.85
839115107,2026-08-04 01:31:47,45.32,1004.38,0.00,162.48,26.73
839116007,2026-08-04 01:46:47,45.91,1003.78,0.00,160.95,26.59
839116907,2026-08-04 02:01:47,46.35,1003.81,0.00,161.21,26.50
839117807,2026-08-04 02:16:47,47.28,1003.75,0.00,162.74,26.39
839118707,2026-08-04 02:31:47,47.91,1003.64,0.00,160.95,26.33
839119607,2026-08-04 02:46:47,48.42,1003.65,0.00,161.21,26.28
839120507,2026-08-04 03:01:47,49.14,1003.73,0.00,159.95,26.16
839121407,2026-08-04 03:16:47,49.78,1004.01,0.00,159.95,25.99
839122307,2026-08-04 03:31:47,50.27,1004.26,0.00,160.95,25.96
839123207,2026-08-04 03:46:47,51.44,1004.38,0.00,161.46,25.88
839124107,2026-08-04 04:01:47,54.94,1004.28,0.00,161.46,25.77
839125007,2026-08-04 04:16:47,56.50,1003.88,0.00,162.22,25.60
839125907,2026-08-04 04:31:47,57.96,1003.99,0.00,161.97,25.36
839126807,2026-08-04 04:46:47,58.29,1004.05,0.00,162.74,25.28
839127707,2026-08-04 05:01:47,59.21,1004.06,0.00,161.97,25.07
839128607,2026-08-04 05:16:47,59.99,1004.08,0.00,161.97,24.88
839129507,2026-08-04 05:31:47,60.06,1004.33,0.00,162.22,24.78
839130407,2026-08-04 05:46:47,61.13,1004.48,0.00,162.48,24.70
839131307,2026-08-04 06:01:47,61.68,1004.68,0.00,162.74,24.61
839132207,2026-08-04 06:16:47,61.71,1004.79,0.00,162.22,24.59
839133107,2026-08-04 06:31:47,62.19,1004.65,0.00,162.74,24.40
839134007,2026-08-04 06:46:47,63.84,1004.65,0.00,162.74,23.81
839134907,2026-08-04 07:01:47,63.58,1004.58,0.00,163.77,23.92
839135807,2026-08-04 07:16:47,63.31,1004.66,0.00,163.25,23.99
839136707,2026-08-04 07:31:47,62.71,1004.65,0.00,166.38,24.17
839137607,2026-08-04 07:46:47,62.46,1004.70,0.00,162.74,24.19
839138507,2026-08-04 08:01:47,62.81,1004.66,0.00,164.03,24.27
839139407,2026-08-04 08:16:47,63.52,1004.70,0.00,163.25,24.19
839140307,2026-08-04 08:31:47,63.41,1004.68,0.00,163.51,24.25
839141207,2026-08-04 08:46:47,62.57,1004.65,0.00,162.74,24.52
839142107,2026-08-04 09:01:47,62.04,1004.59,0.00,162.74,24.69
839143007,2026-08-04 09:16:47,61.90,1004.62,0.00,165.59,24.89
839143907,2026-08-04 09:31:47,59.58,1004.61,0.00,161.46,25.27
839144807,2026-08-04 09:46:47,59.36,1004.78,0.00,162.48,25.61
839145707,2026-08-04 10:01:47,58.85,1004.91,0.00,161.46,25.77
839146607,2026-08-04 10:16:47,57.80,1004.95,0.00,160.20,26.17
839147507,2026-08-04 10:31:47,54.40,1005.10,0.00,160.95,26.89
839148407,2026-08-04 10:46:47,53.26,1005.06,0.00,159.45,27.12
839149307,2026-08-04 11:01:47,52.78,1005.09,0.00,158.21,27.35
839150207,2026-08-04 11:16:47,50.93,1005.25,0.00,157.97,27.78
839151107,2026-08-04 11:31:47,49.88,1005.17,0.00,158.71,28.39
839152007,2026-08-04 11:46:47,47.06,1005.19,0.00,156.99,29.01
839152907,2026-08-04 12:01:47,41.01,1005.14,0.00,156.26,31.82
839153807,2026-08-04 12:16:47,39.43,1005.17,0.00,154.82,31.84
839154707,2026-08-04 12:31:47,41.77,1005.14,0.00,158.95,30.98
839155607,2026-08-04 12:46:47,42.14,1004.83,0.00,157.72,31.06
839156507,2026-08-04 13:01:47,41.92,1004.76,0.00,157.72,31.44
839157407,2026-08-04 13:16:47,39.27,1004.79,0.00,154.82,31.64
839158307,2026-08-04 13:31:47,37.29,1004.75,0.00,155.54,31.68
839159207,2026-08-04 13:46:47,36.73,1004.67,0.00,151.78,31.89
839160107,2026-08-04 14:01:47,37.41,1004.56,0.00,150.86,31.77
839161007,2026-08-04 14:16:47,35.99,1004.59,0.00,150.86,32.12
839161907,2026-08-04 14:31:47,34.30,1004.47,0.00,150.17,32.21
839162807,2026-08-04 14:46:47,34.53,1004.42,0.00,148.60,32.49
839163707,2026-08-04 15:01:47,34.52,1004.44,0.00,149.05,32.64
839164607,2026-08-04 15:16:47,35.79,1004.46,0.00,150.86,32.23
839165507,2026-08-04 15:31:47,35.51,1004.53,0.00,153.17,31.98
839166407,2026-08-04 15:46:47,35.37,1004.46,0.00,151.32,32.02
839167307,2026-08-04 16:01:47,36.44,1004.33,0.00,151.78,31.66
839168207,2026-08-04 16:16:47,36.85,1004.29,0.00,153.17,31.18
839169107,2026-08-04 16:31:47,37.62,1004.32,0.00,151.78,31.02
839170007,2026-08-04 16:46:47,38.39,1004.32,0.00,153.41,30.92
839170907,2026-08-04 17:01:47,37.98,1004.29,2.00,114.30,30.77
839171807,2026-08-04 17:16:47,38.33,1004.34,0.00,133.17,30.68
839172707,2026-08-04 17:31:47,38.67,1004.42,0.00,132.80,30.58
839173607,2026-08-04 17:46:47,37.61,1004.29,0.00,132.25,30.39
839174507,2026-08-04 18:01:47,36.34,1004.33,0.00,133.17,30.28
839175407,2026-08-04 18:16:47,37.99,1004.16,0.00,132.43,30.24
839176307,2026-08-04 18:31:47,39.07,1004.18,0.00,132.43,30.09
839177207,2026-08-04 18:46:47,40.01,1004.18,0.00,131.89,29.99
839178107,2026-08-04 19:01:47,40.79,1004.27,0.00,131.71,29.94
839179007,2026-08-04 19:16:47,40.56,1004.35,0.00,131.71,29.78
839179907,2026-08-04 19:31:47,41.21,1004.28,0.00,133.53,29.64
839180807,2026-08-04 19:46:47,41.92,1004.39,0.00,133.17,29.51
839181707,2026-08-04 20:01:47,42.32,1004.41,0.00,133.90,29.32
839182607,2026-08-04 20:16:47,42.56,1004.39,0.00,133.17,29.15
839183507,2026-08-04 20:31:47,43.05,1004.31,0.00,133.90,29.01
839184407,2026-08-04 20:46:47,43.84,1004.42,0.00,132.62,28.83
839185307,2026-08-04 21:01:47,45.05,1004.48,0.00,133.90,28.65
839186207,2026-08-04 21:16:47,46.33,1004.59,0.00,133.35,28.39
839187107,2026-08-04 21:31:47,47.16,1004.59,0.00,133.35,28.21
839188007,2026-08-04 21:46:47,47.15,1004.68,0.00,133.17,28.11
839188907,2026-08-04 22:01:47,48.14,1004.87,0.00,134.46,27.97
839189807,2026-08-04 22:16:47,47.59,1004.85,0.00,133.90,27.87
839190707,2026-08-04 22:31:47,47.49,1005.08,0.00,134.46,27.83
839191607,2026-08-04 22:46:47,48.20,1005.34,0.00,134.65,27.68
839192507,2026-08-04 23:01:47,56.53,1005.99,0.00,134.46,26.73
839193407,2026-08-04 23:16:47,60.18,1005.83,0.00,129.59,26.24
839194307,2026-08-04 23:31:47,62.00,1005.85,0.00,129.24,25.95
839195207,2026-08-04 23:46:47,64.19,1006.17,0.00,131.17,25.39
839196107,2026-08-05 00:01:47,64.12,1006.11,0.00,130.46,25.07
839197007,2026-08-05 00:16:47,63.96,1006.03,0.00,129.24,25.27
839197907,2026-08-05 00:31:47,64.28,1006.44,0.00,128.55,25.18
839198807,2026-08-05 00:46:47,64.74,1006.43,0.00,132.43,25.18
839199707,2026-08-05 01:01:47,63.05,1006.12,0.00,133.53,25.36
839200607,2026-08-05 01:16:47,64.99,1006.12,0.00,129.07,25.29
839201507,2026-08-05 01:31:47,66.08,1006.12,0.00,128.89,25.03
839202407,2026-08-05 01:46:47,67.11,1006.26,0.00,127.87,24.67
839203307,2026-08-05 02:01:47,68.09,1006.19,0.00,130.29,24.35
839204207,2026-08-05 02:16:47,68.54,1006.19,0.00,132.62,24.14
839205107,2026-08-05 02:31:47,69.12,1006.19,0.00,133.53,23.98
839206007,2026-08-05 02:46:47,68.55,1006.07,0.00,131.17,23.76
839206907,2026-08-05 03:01:47,68.39,1005.92,0.00,125.71,23.74
839207807,2026-08-05 03:16:47,68.58,1005.85,0.00,128.21,23.73
839208707,2026-08-05 03:31:47,69.24,1005.95,0.00,128.55,23.53
839209607,2026-08-05 03:46:47,69.66,1005.96,0.00,127.53,23.44
839210507,2026-08-05 04:01:47,69.92,1005.96,0.00,127.87,23.35
839211407,2026-08-05 04:16:47,70.33,1006.00,0.00,128.89,23.22
839212307,2026-08-05 04:31:47,70.54,1006.03,0.00,133.17,23.17
839213207,2026-08-05 04:46:47,70.54,1005.87,0.00,130.29,23.10
839214107,2026-08-05 05:01:47,70.32,1005.79,0.00,131.17,23.12
839215007,2026-08-05 05:16:47,70.50,1005.73,0.00,132.07,23.07
839215907,2026-08-05 05:31:47,71.15,1005.84,0.00,130.46,22.98
839216807,2026-08-05 05:46:47,71.24,1005.88,0.00,132.43,22.89
839217707,2026-08-05 06:01:47,71.39,1005.96,0.00,132.80,22.77
839218607,2026-08-05 06:16:47,71.60,1006.00,0.00,128.21,22.73
839219507,2026-08-05 06:31:47,71.55,1006.05,0.00,147.05,22.74
839220407,2026-08-05 06:46:47,72.21,1006.16,0.00,125.22,22.69
839221307,2026-08-05 07:01:47,71.82,1006.25,0.00,145.53,22.80
839222207,2026-08-05 07:16:47,72.43,1006.33,0.00,148.60,22.74
839223107,2026-08-05 07:31:47,72.49,1006.45,0.00,147.93,22.80
839224007,2026-08-05 07:46:47,74.37,1006.72,0.00,147.93,22.48
839224907,2026-08-05 08:01:47,75.25,1006.90,0.00,147.49,22.40
839225807,2026-08-05 08:16:47,75.42,1006.99,0.00,141.74,22.34
839226707,2026-08-05 08:31:47,74.17,1006.97,0.00,140.71,22.67
839227607,2026-08-05 08:46:47,70.52,1006.87,0.00,140.92,23.08
839228507,2026-08-05 09:01:47,66.71,1007.02,0.00,141.12,23.83
839229407,2026-08-05 09:16:47,64.35,1007.04,0.00,139.30,24.29
839230307,2026-08-05 09:31:47,62.67,1007.10,0.00,139.50,24.43
839231207,2026-08-05 09:46:47,62.61,1007.24,0.00,63.99,24.24
839232107,2026-08-05 10:01:47,60.96,1007.26,0.00,126.20,24.56
839233007,2026-08-05 10:16:47,59.39,1007.21,0.00,126.86,24.93
839233907,2026-08-05 10:31:47,55.49,1007.22,0.00,125.87,25.60
839234807,2026-08-05 10:46:47,54.96,1007.21,0.00,126.03,26.28
839235707,2026-08-05 11:01:47,51.06,1007.21,0.00,126.03,26.59
839236607,2026-08-05 11:16:47,51.50,1007.36,0.00,126.20,26.21
839237507,2026-08-05 11:31:47,52.38,1007.54,0.00,126.03,25.98
839238407,2026-08-05 11:46:47,52.59,1007.33,0.00,126.03,26.12
839239307,2026-08-05 12:01:47,44.47,1007.31,0.00,125.22,29.81
839240207,2026-08-05 12:16:47,43.39,1007.22,0.00,124.89,29.27
839241107,2026-08-05 12:31:47,43.96,1007.23,0.00,124.57,28.68
839242007,2026-08-05 12:46:47,44.21,1007.25,0.00,124.41,28.59
839242907,2026-08-05 13:01:47,45.00,1007.14,0.00,124.89,28.42
839243807,2026-08-05 13:16:47,45.87,1007.11,0.00,124.41,28.42
839244707,2026-08-05 13:31:47,44.99,1007.16,0.00,124.89,28.50
839245607,2026-08-05 13:46:47,43.93,1007.10,0.00,124.41,28.57
839246507,2026-08-05 14:01:47,45.87,1007.11,0.00,125.22,28.26
839247407,2026-08-05 14:16:47,46.37,1007.32,0.00,125.38,28.07
839248307,2026-08-05 14:31:47,45.93,1007.27,0.00,125.06,28.12
839249207,2026-08-05 14:46:47,44.83,1007.18,0.00,123.46,28.41
839250107,2026-08-05 15:01:47,44.16,1007.14,0.00,124.25,28.77
839251007,2026-08-05 15:16:47,43.96,1007.07,0.00,122.53,28.53
839251907,2026-08-05 15:31:47,43.39,1006.98,0.00,122.68,28.77
839252807,2026-08-05 15:46:47,39.85,1006.88,0.00,122.53,28.77
839253707,2026-08-05 16:01:47,40.91,1006.85,0.00,126.36,28.76
839254607,2026-08-05 16:16:47,41.19,1006.87,0.00,127.36,28.70
839255507,2026-08-05 16:31:47,42.54,1006.93,0.00,127.36,28.91
839256407,2026-08-05 16:46:47,42.73,1006.84,0.00,128.72,28.75
839257307,2026-08-05 17:01:47,41.56,1006.74,0.00,128.21,28.65
839258207,2026-08-05 17:16:47,41.60,1006.74,0.00,128.55,28.58
839259107,2026-08-05 17:31:47,41.95,1006.69,0.00,127.87,28.50
839260007,2026-08-05 17:46:47,42.24,1006.61,0.00,128.55,28.31
839260907,2026-08-05 18:01:47,42.93,1006.69,0.00,128.72,28.10
839261807,2026-08-05 18:16:47,42.37,1006.81,0.00,128.21,27.76
839262707,2026-08-05 18:31:47,43.50,1006.80,0.00,128.72,27.72
839263607,2026-08-05 18:46:47,42.67,1007.01,0.00,129.07,27.45
839264507,2026-08-05 19:01:47,44.44,1007.17,0.00,128.89,27.11
839265407,2026-08-05 19:16:47,45.48,1007.35,0.00,129.24,26.86
839266307,2026-08-05 19:31:47,45.48,1007.36,0.00,128.72,26.79
839267207,2026-08-05 19:46:47,45.65,1007.50,0.00,128.89,26.88
839268107,2026-08-05 20:01:47,46.02,1007.50,0.00,129.24,26.64
839269007,2026-08-05 20:16:47,45.73,1007.63,0.00,129.41,26.58
839269907,2026-08-05 20:31:47,46.10,1007.73,0.00,129.41,26.46
839270807,2026-08-05 20:46:47,46.31,1007.89,0.00,129.59,26.49
839271707,2026-08-05 21:01:47,46.41,1007.89,0.00,129.59,26.35
839272607,2026-08-05 21:16:47,46.64,1008.04,0.00,129.76,26.12
839273507,2026-08-05 21:31:47,46.87,1008.29,0.00,130.64,25.92
839274407,2026-08-05 21:46:47,48.56,1008.38,0.00,129.24,25.79
839275307,2026-08-05 22:01:47,48.75,1008.59,0.00,130.29,25.59
839276207,2026-08-05 22:16:47,49.49,1008.79,0.00,129.94,25.28
839277107,2026-08-05 22:31:47,49.93,1008.88,0.00,129.76,25.06
839278007,2026-08-05 22:46:47,50.55,1008.95,0.00,130.64,24.85
839278907,2026-08-05 23:01:47,51.11,1009.07,0.00,130.29,24.59
839279807,2026-08-05 23:16:47,51.75,1009.19,0.00,130.64,24.35
839280707,2026-08-05 23:31:47,52.26,1009.17,0.00,131.53,24.13
839281607,2026-08-05 23:46:47,52.76,1009.26,0.00,131.35,23.97
839282507,2026-08-06 00:01:47,52.91,1009.31,0.00,132.07,23.78
839283407,2026-08-06 00:16:47,53.12,1009.40,0.00,131.17,23.73
839284307,2026-08-06 00:31:47,53.12,1009.68,0.00,130.64,23.50
839285207,2026-08-06 00:46:47,53.45,1009.73,0.00,130.99,23.46
839286107,2026-08-06 01:01:47,53.59,1009.82,0.00,131.53,23.28
839287007,2026-08-06 01:16:47,53.68,1009.86,0.00,130.46,23.20
839287907,2026-08-06 01:31:47,54.25,1009.91,0.00,131.17,23.01
839288807,2026-08-06 01:46:47,54.82,1009.96,0.00,131.35,22.82
839289707,2026-08-06 02:01:47,55.21,1010.04,0.00,131.71,22.69
839290607,2026-08-06 02:16:47,55.39,1010.09,0.00,131.17,22.51
839291507,2026-08-06 02:31:47,53.54,1010.10,0.00,132.25,22.08
839292407,2026-08-06 02:46:47,52.13,1010.09,0.00,132.07,21.97
839293307,2026-08-06 03:01:47,50.65,1010.21,0.00,132.07,21.98
839294207,2026-08-06 03:16:47,50.00,1010.16,0.00,133.35,21.45
839295107,2026-08-06 03:31:47,48.98,1010.19,0.00,133.90,21.16
839296007,2026-08-06 03:46:47,49.16,1010.34,0.00,133.53,21.00
839296907,2026-08-06 04:01:47,48.36,1010.35,0.00,133.35,21.14
839297807,2026-08-06 04:16:47,48.64,1010.32,0.00,134.09,20.84
839298707,2026-08-06 04:31:47,48.50,1010.34,0.00,133.72,20.77
839299607,2026-08-06 04:46:47,47.64,1010.46,0.00,134.28,20.64
839300507,2026-08-06 05:01:47,47.78,1010.51,0.00,133.90,20.30
839301407,2026-08-06 05:16:47,47.97,1010.51,0.00,133.72,20.23
839302307,2026-08-06 05:31:47,47.60,1010.61,0.00,134.28,20.29
839303207,2026-08-06 05:46:47,48.02,1010.81,0.00,134.09,20.01
839304107,2026-08-06 06:01:47,49.01,1010.94,0.00,134.65,19.52
839305007,2026-08-06 06:16:47,48.65,1011.10,0.00,134.28,19.82
839305907,2026-08-06 06:31:47,48.92,1011.17,0.00,134.84,19.81
839306807,2026-08-06 06:46:47,50.02,1011.20,0.00,134.46,19.41
839307707,2026-08-06 07:01:47,51.01,1011.25,0.00,134.46,19.17
839308607,2026-08-06 07:16:47,51.98,1011.24,0.00,135.22,19.05
839309507,2026-08-06 07:31:47,52.09,1011.32,0.00,134.46,19.40
839310407,2026-08-06 07:46:47,53.59,1011.41,0.00,134.46,19.17
839311307,2026-08-06 08:01:47,55.10,1011.39,0.00,134.84,19.26
839312207,2026-08-06 08:16:47,55.22,1011.50,0.00,133.53,19.55
839313107,2026-08-06 08:31:47,56.08,1011.64,0.00,134.09,19.74
839314007,2026-08-06 08:46:47,56.84,1011.82,0.00,132.62,19.90
839314907,2026-08-06 09:01:47,56.77,1011.88,0.00,132.62,19.98
839315807,2026-08-06 09:16:47,56.14,1011.86,0.00,131.17,20.36
839316707,2026-08-06 09:31:47,55.52,1011.93,0.00,131.35,20.73
839317607,2026-08-06 09:46:47,53.95,1012.03,0.00,129.59,21.19
839318507,2026-08-06 10:01:47,53.52,1012.08,0.00,128.89,21.21
839319407,2026-08-06 10:16:47,54.00,1012.06,0.00,129.76,21.14
839320307,2026-08-06 10:31:47,53.66,1012.15,0.00,128.72,21.37
839321207,2026-08-06 10:46:47,52.54,1012.28,0.00,128.72,22.13
839322107,2026-08-06 11:01:47,49.57,1012.28,0.00,128.72,22.95
839323007,2026-08-06 11:16:47,49.53,1012.35,0.00,128.72,23.11
839323907,2026-08-06 11:31:47,47.46,1012.43,0.00,128.72,22.78
839324807,2026-08-06 11:46:47,45.37,1012.47,0.00,128.21,22.98
839325707,2026-08-06 12:01:47,44.96,1012.57,0.00,127.03,23.75
839326607,2026-08-06 12:16:47,41.58,1012.55,0.00,127.03,24.76
839327507,2026-08-06 12:31:47,41.43,1012.65,0.00,126.36,24.52
839328407,2026-08-06 12:46:47,42.17,1012.86,0.00,127.03,23.46
839329307,2026-08-06 13:01:47,41.42,1012.87,0.00,127.53,23.36
839330207,2026-08-06 13:16:47,41.44,1012.90,0.00,127.53,23.40
839331107,2026-08-06 13:31:47,39.99,1012.81,0.00,127.70,23.58
839332007,2026-08-06 13:46:47,38.59,1012.74,0.00,125.71,24.13
839332907,2026-08-06 14:01:47,36.78,1012.89,0.00,126.36,23.80
839333807,2026-08-06 14:16:47,35.68,1012.85,0.00,124.89,24.53
839334707,2026-08-06 14:31:47,35.89,1012.80,0.00,124.89,24.24
839335607,2026-08-06 14:46:47,36.89,1012.79,0.00,123.46,24.29
839336507,2026-08-06 15:01:47,32.73,1012.60,0.00,121.61,24.98
839337407,2026-08-06 15:16:47,32.21,1012.80,0.00,122.99,24.89
839338307,2026-08-06 15:31:47,31.46,1012.70,0.00,120.26,25.49
839339207,2026-08-06 15:46:47,33.49,1012.73,0.00,121.91,24.85
839340107,2026-08-06 16:01:47,34.62,1012.75,0.00,121.16,24.93
839341007,2026-08-06 16:16:47,34.18,1012.78,0.00,121.76,24.69
839341907,2026-08-06 16:31:47,34.53,1012.72,0.00,123.46,24.65
839342807,2026-08-06 16:46:47,34.32,1012.88,0.00,123.31,24.43
839343707,2026-08-06 17:01:47,36.03,1012.89,0.00,123.46,24.04
839344607,2026-08-06 17:16:47,34.18,1013.00,0.00,123.46,24.43
839345507,2026-08-06 17:31:47,34.54,1013.00,0.00,123.46,24.28
839346407,2026-08-06 17:46:47,35.24,1012.97,0.00,123.46,24.06
839347307,2026-08-06 18:01:47,34.18,1012.92,0.00,123.46,23.84
839348207,2026-08-06 18:16:47,34.26,1012.84,0.00,122.99,23.75
839349107,2026-08-06 18:31:47,35.91,1013.09,0.00,124.25,23.60
839350007,2026-08-06 18:46:47,35.68,1013.09,0.00,123.78,23.30
839350907,2026-08-06 19:01:47,36.04,1013.15,0.00,123.46,23.13
839351807,2026-08-06 19:16:47,35.64,1013.17,0.00,123.46,22.85
839352707,2026-08-06 19:31:47,35.41,1013.35,0.00,123.46,22.65
839353607,2026-08-06 19:46:47,39.26,1013.49,0.00,124.41,22.49
839354507,2026-08-06 20:01:47,39.86,1013.67,0.00,123.62,22.08
839355407,2026-08-06 20:16:47,39.54,1013.83,0.00,123.62,21.78
839356307,2026-08-06 20:31:47,39.48,1013.89,0.00,124.09,21.31
839357207,2026-08-06 20:46:47,40.03,1014.08,0.00,124.25,20.90
839358107,2026-08-06 21:01:47,40.25,1014.20,0.00,124.57,20.86
839359007,2026-08-06 21:16:47,40.33,1014.38,0.00,125.06,20.61
839359907,2026-08-06 21:31:47,40.72,1014.60,0.00,124.89,20.38
839360807,2026-08-06 21:46:47,40.73,1014.84,0.00,124.41,20.31
839361707,2026-08-06 22:01:47,41.14,1014.90,0.00,124.25,20.16
839362607,2026-08-06 22:16:47,41.98,1015.22,0.00,124.57,19.91
839363507,2026-08-06 22:31:47,42.43,1015.29,0.00,124.57,19.88
839364407,2026-08-06 22:46:47,43.10,1015.56,0.00,124.25,19.85
839365307,2026-08-06 23:01:47,43.79,1015.63,0.00,125.54,19.71
839366207,2026-08-06 23:16:47,44.80,1015.80,0.00,124.89,19.51
839367107,2026-08-06 23:31:47,45.28,1015.75,0.00,124.89,19.34
839368007,2026-08-06 23:46:47,46.01,1015.83,0.00,124.41,19.09
839368907,2026-08-07 00:01:47,46.99,1015.92,0.00,124.89,18.85
839369807,2026-08-07 00:16:47,47.31,1015.93,0.00,124.89,18.65
839370707,2026-08-07 00:31:47,48.20,1016.00,0.00,125.22,18.36
839371607,2026-08-07 00:46:47,48.76,1016.02,0.00,125.71,18.16
839372507,2026-08-07 01:01:47,48.87,1016.12,0.00,124.89,18.03
839373407,2026-08-07 01:16:47,49.78,1016.11,0.00,125.22,17.80
839374307,2026-08-07 01:31:47,50.24,1016.32,0.00,125.54,17.65
839375207,2026-08-07 01:46:47,51.09,1016.36,0.00,126.03,17.52
839376107,2026-08-07 02:01:47,51.73,1016.36,0.00,124.57,17.33
839377007,2026-08-07 02:16:47,52.12,1016.49,0.00,125.06,17.24
839377907,2026-08-07 02:31:47,52.92,1016.39,0.00,125.54,17.08
839378807,2026-08-07 02:46:47,53.62,1016.38,0.00,125.87,16.99
839379707,2026-08-07 03:01:47,54.31,1016.41,0.00,125.54,16.79
839380607,2026-08-07 03:16:47,55.04,1016.27,0.00,125.87,16.59
839381507,2026-08-07 03:31:47,55.67,1016.25,0.00,125.38,16.46
839382407,2026-08-07 03:46:47,56.22,1016.37,0.00,125.71,16.34
839383307,2026-08-07 04:01:47,56.52,1016.27,0.00,124.57,16.24
839384207,2026-08-07 04:16:47,56.79,1016.41,0.00,125.87,16.25
839385107,2026-08-07 04:31:47,56.96,1016.28,0.00,124.57,16.23
839386007,2026-08-07 04:46:47,56.98,1016.34,0.00,125.38,16.29
839386907,2026-08-07 05:01:47,57.47,1016.27,0.00,124.57,16.14
839387807,2026-08-07 05:16:47,57.88,1016.51,0.00,124.57,16.18
839388707,2026-08-07 05:31:47,58.04,1016.51,0.00,125.22,16.24
839389607,2026-08-07 05:46:47,58.04,1016.49,0.00,125.06,16.23
839390507,2026-08-07 06:01:47,58.87,1016.63,0.00,123.46,16.11
839391407,2026-08-07 06:16:47,59.34,1016.75,0.00,124.89,16.15
839392307,2026-08-07 06:31:47,59.70,1016.74,0.00,124.57,16.32
839393207,2026-08-07 06:46:47,59.30,1016.61,0.00,125.06,16.40
839394107,2026-08-07 07:01:47,59.14,1016.72,0.00,124.25,16.38
839395007,2026-08-07 07:16:47,59.74,1016.79,0.00,124.89,16.28
839395907,2026-08-07 07:31:47,62.57,1016.87,0.00,124.41,16.09
839396807,2026-08-07 07:46:47,64.55,1016.91,0.00,124.25,16.35
839397707,2026-08-07 08:01:47,64.84,1016.84,0.00,124.41,16.39
839398607,2026-08-07 08:16:47,64.16,1017.01,0.00,123.94,16.71
839399507,2026-08-07 08:31:47,62.99,1017.06,0.00,123.46,16.90
839400407,2026-08-07 08:46:47,63.89,1017.14,0.00,123.46,17.23
839401307,2026-08-07 09:01:47,63.79,1017.25,0.00,123.46,17.56
839402207,2026-08-07 09:16:47,62.54,1017.24,0.00,123.15,18.06
839403107,2026-08-07 09:31:47,60.63,1017.36,0.00,121.31,18.44
839404007,2026-08-07 09:46:47,60.34,1017.37,0.00,121.76,18.61
839404907,2026-08-07 10:01:47,59.75,1017.39,0.00,121.76,18.92
839405807,2026-08-07 10:16:47,58.88,1017.47,0.00,120.71,19.05
839406707,2026-08-07 10:31:47,56.89,1017.39,0.00,121.16,19.32
839407607,2026-08-07 10:46:47,55.26,1017.33,0.00,120.41,19.62
839408507,2026-08-07 11:01:47,53.41,1017.26,0.00,120.12,19.70
839409407,2026-08-07 11:16:47,50.38,1017.36,0.00,120.12,19.77
839410307,2026-08-07 11:31:47,49.98,1017.23,0.00,120.56,19.84
839411207,2026-08-07 11:46:47,50.46,1017.20,0.00,119.53,19.91
839412107,2026-08-07 12:01:47,45.87,1017.04,0.00,118.38,21.91
839413007,2026-08-07 12:16:47,46.20,1017.01,0.00,118.66,21.23
839413907,2026-08-07 12:31:47,47.38,1016.93,0.00,118.66,20.67
839414807,2026-08-07 12:46:47,48.38,1017.01,0.00,118.66,20.43
839415707,2026-08-07 13:01:47,48.20,1017.08,0.00,119.09,20.27
839416607,2026-08-07 13:16:47,45.56,1016.95,0.00,118.66,20.29
839417507,2026-08-07 13:31:47,44.53,1016.81,0.00,117.81,20.60
839418407,2026-08-07 13:46:47,45.01,1016.65,0.00,117.67,21.25
839419307,2026-08-07 14:01:47,42.69,1016.62,0.00,117.11,21.82
839420207,2026-08-07 14:16:47,42.83,1016.48,0.00,116.98,22.22
839421107,2026-08-07 14:31:47,43.23,1016.47,0.00,117.11,21.79
839422007,2026-08-07 14:46:47,43.37,1016.56,0.00,118.38,21.59
839422907,2026-08-07 15:01:47,44.37,1016.44,0.00,116.70,21.56
839423807,2026-08-07 15:16:47,43.94,1016.30,0.00,117.11,21.54
839424707,2026-08-07 15:31:47,44.39,1016.24,0.00,116.84,21.67
839425607,2026-08-07 15:46:47,42.78,1016.20,0.00,116.02,21.95
839426507,2026-08-07 16:01:47,42.66,1016.12,0.00,116.43,22.07
839427407,2026-08-07 16:16:47,42.59,1016.15,0.00,115.62,22.05
839428307,2026-08-07 16:31:47,42.84,1016.22,0.00,116.43,21.82
839429207,2026-08-07 16:46:47,44.29,1016.26,0.00,116.02,21.49
839430107,2026-08-07 17:01:47,44.76,1016.21,0.00,115.75,21.21
839431007,2026-08-07 17:16:47,45.27,1016.33,0.00,116.29,21.15
839431907,2026-08-07 17:31:47,44.85,1016.36,0.00,115.89,21.28
839432807,2026-08-07 17:46:47,44.80,1016.27,0.00,115.89,21.26
839433707,2026-08-07 18:01:47,45.30,1016.30,0.00,116.29,21.26
839434607,2026-08-07 18:16:47,45.99,1016.19,0.00,116.02,21.11
839435507,2026-08-07 18:31:47,47.70,1016.23,0.00,116.02,20.87
839436407,2026-08-07 18:46:47,49.71,1016.18,0.00,116.29,20.66
839437307,2026-08-07 19:01:47,50.37,1016.24,0.00,116.16,20.55
839438207,2026-08-07 19:16:47,50.93,1016.13,0.00,116.29,20.49
839439107,2026-08-07 19:31:47,50.11,1015.99,0.00,116.16,20.49
839440007,2026-08-07 19:46:47,49.29,1016.01,0.00,115.89,20.38
839440907,2026-08-07 20:01:47,47.82,1016.12,0.00,116.43,20.28
839441807,2026-08-07 20:16:47,47.18,1016.10,0.00,115.89,20.15
839442707,2026-08-07 20:31:47,46.33,1015.99,0.00,116.29,20.15
839443607,2026-08-07 20:46:47,48.59,1016.10,0.00,115.75,20.02
839444507,2026-08-07 21:01:47,51.62,1016.12,0.00,116.43,19.81
839445407,2026-08-07 21:16:47,52.31,1016.30,0.00,115.75,19.72
839446307,2026-08-07 21:31:47,52.65,1016.42,0.00,116.16,19.59
839447207,2026-08-07 21:46:47,53.64,1016.45,0.00,116.29,19.41
839448107,2026-08-07 22:01:47,54.83,1016.54,0.00,116.43,19.13
839449007,2026-08-07 22:16:47,55.77,1016.57,0.00,116.56,18.77
839449907,2026-08-07 22:31:47,56.46,1016.64,0.00,116.29,18.54
839450807,2026-08-07 22:46:47,57.26,1016.71,0.00,116.84,18.33
839451707,2026-08-07 23:01:47,57.98,1016.79,0.00,116.84,18.08
839452607,2026-08-07 23:16:47,58.25,1016.76,0.00,116.98,17.91
839453507,2026-08-07 23:31:47,58.31,1016.75,0.00,116.43,17.87
839454407,2026-08-07 23:46:47,59.82,1016.81,0.00,117.25,17.34
839455307,2026-08-08 00:01:47,59.87,1016.82,0.00,116.84,17.21
839456207,2026-08-08 00:16:47,60.16,1016.89,0.00,117.39,17.13
839457107,2026-08-08 00:31:47,61.02,1016.92,0.00,117.11,16.79
839458007,2026-08-08 00:46:47,61.10,1017.02,0.00,117.53,16.70
839458907,2026-08-08 01:01:47,61.93,1017.06,0.00,116.70,16.45
839459807,2026-08-08 01:16:47,62.64,1017.10,0.00,117.11,16.26
839460707,2026-08-08 01:31:47,62.46,1017.05,0.00,116.84,16.28
839461607,2026-08-08 01:46:47,62.18,1016.96,0.00,116.43,16.29
839462507,2026-08-08 02:01:47,62.81,1016.96,0.00,116.84,16.03
839463407,2026-08-08 02:16:47,62.87,1016.86,0.00,117.11,15.97
839464307,2026-08-08 02:31:47,62.95,1016.85,0.00,117.11,15.80
839465207,2026-08-08 02:46:47,63.37,1016.91,0.00,116.43,15.49
839466107,2026-08-08 03:01:47,63.77,1016.93,0.00,116.98,15.45
839467007,2026-08-08 03:16:47,64.32,1016.75,0.00,116.84,15.24
839467907,2026-08-08 03:31:47,64.54,1016.64,0.00,116.56,15.09
839468807,2026-08-08 03:46:47,64.30,1016.49,0.00,116.84,15.02
839469707,2026-08-08 04:01:47,64.41,1016.62,0.00,117.25,14.90
839470607,2026-08-08 04:16:47,64.97,1016.67,0.00,116.84,14.45
839471507,2026-08-08 04:31:47,65.04,1016.71,0.00,116.98,14.61
839472407,2026-08-08 04:46:47,64.50,1016.59,0.00,116.98,14.50
839473307,2026-08-08 05:01:47,65.21,1016.49,0.00,117.25,14.32
839474207,2026-08-08 05:16:47,65.54,1016.55,0.00,117.25,14.14
839475107,2026-08-08 05:31:47,65.03,1016.53,0.00,116.70,14.03
839476007,2026-08-08 05:46:47,65.07,1016.57,0.00,116.84,13.89
839476907,2026-08-08 06:01:47,65.45,1016.59,0.00,118.66,13.77
839477807,2026-08-08 06:16:47,65.06,1016.59,0.00,116.43,13.77
839478707,2026-08-08 06:31:47,66.28,1016.77,0.00,116.56,13.62
839479607,2026-08-08 06:46:47,66.01,1016.85,0.00,116.56,13.81
839480507,2026-08-08 07:01:47,68.65,1016.78,0.00,116.56,13.92
839481407,2026-08-08 07:16:47,69.79,1016.70,0.00,116.56,14.15
839482307,2026-08-08 07:31:47,70.21,1016.80,0.00,116.84,14.44
839483207,2026-08-08 07:46:47,70.09,1016.59,0.00,115.75,14.69
839484107,2026-08-08 08:01:47,69.94,1016.72,0.00,114.82,15.04
839485007,2026-08-08 08:16:47,68.66,1016.78,0.00,115.62,15.61
839485907,2026-08-08 08:31:47,67.60,1016.70,0.00,114.04,16.23
839486807,2026-08-08 08:46:47,66.50,1016.58,0.00,113.02,16.71
839487707,2026-08-08 09:01:47,65.05,1016.54,0.00,112.64,17.19
839488607,2026-08-08 09:16:47,63.00,1016.49,0.00,111.90,17.69
839489507,2026-08-08 09:31:47,61.90,1016.53,0.00,110.94,18.25
839490407,2026-08-08 09:46:47,60.25,1016.43,0.00,110.94,18.89
839491307,2026-08-08 10:01:47,58.38,1016.42,0.00,110.46,19.48
839492207,2026-08-08 10:16:47,55.65,1016.50,0.00,110.34,19.89
839493107,2026-08-08 10:31:47,53.81,1016.49,3.00,86.05,20.19
839494007,2026-08-08 10:46:47,51.23,1016.37,0.00,86.39,20.60
839494907,2026-08-08 11:01:47,49.64,1016.29,0.00,86.63,20.91
839495807,2026-08-08 11:16:47,46.68,1016.20,0.00,87.03,21.42
839496707,2026-08-08 11:31:47,46.14,1016.18,0.00,87.64,21.93
839497607,2026-08-08 11:46:47,44.16,1016.00,0.00,87.77,22.62
839498507,2026-08-08 12:01:47,32.91,1015.73,0.00,87.83,28.23
839499407,2026-08-08 12:16:47,35.93,1015.56,0.00,88.31,25.93
839500307,2026-08-08 12:31:47,37.30,1015.52,0.00,88.24,24.51
839501207,2026-08-08 12:46:47,37.92,1015.38,0.00,88.52,24.38
839502107,2026-08-08 13:01:47,37.79,1015.32,0.00,88.52,24.42
839503007,2026-08-08 13:16:47,37.98,1015.20,0.00,88.44,24.36
839503907,2026-08-08 13:31:47,36.35,1014.85,0.00,88.10,24.77
839504807,2026-08-08 13:46:47,35.59,1014.70,0.00,87.64,24.95
839505707,2026-08-08 14:01:47,35.40,1014.48,0.00,88.10,24.76
839506607,2026-08-08 14:16:47,33.94,1014.34,0.00,88.03,24.96
839507507,2026-08-08 14:31:47,33.37,1014.14,0.00,87.64,24.87
839508407,2026-08-08 14:46:47,33.16,1013.98,0.00,86.72,24.99
839509307,2026-08-08 15:01:47,33.70,1013.78,0.00,86.28,25.02
839510207,2026-08-08 15:16:47,31.98,1013.49,0.00,85.58,25.37
839511107,2026-08-08 15:31:47,31.77,1013.33,0.00,85.42,25.55
839512007,2026-08-08 15:46:47,31.40,1013.19,0.00,85.23,25.53
839512907,2026-08-08 16:01:47,31.28,1013.09,0.00,85.37,25.24
839513807,2026-08-08 16:16:47,32.60,1013.07,0.00,85.68,25.09
839514707,2026-08-08 16:31:47,32.98,1012.95,0.00,86.61,25.05
839515607,2026-08-08 16:46:47,31.77,1012.79,0.00,87.64,25.26
839516507,2026-08-08 17:01:47,32.61,1012.54,0.00,87.64,25.22
839517407,2026-08-08 17:16:47,32.59,1012.35,0.00,87.74,25.24
839518307,2026-08-08 17:31:47,32.04,1012.10,0.00,88.13,25.30
839519207,2026-08-08 17:46:47,32.13,1011.96,0.00,88.13,25.15
839520107,2026-08-08 18:01:47,31.88,1011.96,0.00,88.31,25.11
839521007,2026-08-08 18:16:47,31.91,1011.97,0.00,88.31,25.17
839521907,2026-08-08 18:31:47,31.74,1011.88,0.00,88.44,25.06
839522807,2026-08-08 18:46:47,31.57,1011.67,0.00,88.52,25.03
839523707,2026-08-08 19:01:47,32.08,1011.73,0.00,88.20,24.92
839524607,2026-08-08 19:16:47,32.61,1011.55,0.00,88.24,24.86
839525507,2026-08-08 19:31:47,32.84,1011.52,0.00,88.24,24.74
839526407,2026-08-08 19:46:47,33.36,1011.53,0.00,88.13,24.64
839527307,2026-08-08 20:01:47,33.52,1011.38,0.00,88.13,24.48
839528207,2026-08-08 20:16:47,34.20,1011.40,0.00,88.07,24.29
839529107,2026-08-08 20:31:47,35.69,1011.36,0.00,88.17,24.04
839530007,2026-08-08 20:46:47,36.66,1011.28,0.00,88.17,23.70
839530907,2026-08-08 21:01:47,38.43,1011.36,0.00,88.31,23.34
839531807,2026-08-08 21:16:47,38.30,1011.29,0.00,88.13,23.02
839532707,2026-08-08 21:31:47,39.09,1011.28,0.00,88.27,22.65
839533607,2026-08-08 21:46:47,40.05,1011.38,0.00,88.24,22.53
839534507,2026-08-08 22:01:47,41.36,1011.40,0.00,88.17,22.39
839535407,2026-08-08 22:16:47,41.60,1011.29,0.00,88.66,22.14
839536307,2026-08-08 22:31:47,42.72,1011.21,0.00,88.07,21.99
839537207,2026-08-08 22:46:47,43.55,1011.15,0.00,88.34,21.71
839538107,2026-08-08 23:01:47,44.10,1011.05,0.00,88.31,21.65
839539007,2026-08-08 23:16:47,44.06,1010.94,0.00,88.27,21.48
839539907,2026-08-08 23:31:47,44.53,1010.80,0.00,88.13,21.36
839540807,2026-08-08 23:46:47,44.70,1010.73,0.00,88.24,21.26
839541707,2026-08-09 00:01:47,45.63,1010.69,0.00,88.10,20.99
839542607,2026-08-09 00:16:47,45.58,1010.55,0.00,88.13,21.03
839543507,2026-08-09 00:31:47,45.57,1010.49,0.00,87.93,21.06
839544407,2026-08-09 00:46:47,45.88,1010.31,0.00,88.00,21.02
839545307,2026-08-09 01:01:47,46.51,1010.25,0.00,87.93,20.83
839546207,2026-08-09 01:16:47,46.56,1010.13,0.00,88.00,20.74
839547107,2026-08-09 01:31:47,46.61,1009.95,0.00,87.97,20.73
839548007,2026-08-09 01:46:47,46.66,1009.78,0.00,88.10,20.69
839548907,2026-08-09 02:01:47,46.91,1009.67,0.00,87.71,20.58
839549807,2026-08-09 02:16:47,47.76,1009.65,0.00,87.71,20.39
839550707,2026-08-09 02:31:47,48.62,1009.53,0.00,87.77,20.16
839551607,2026-08-09 02:46:47,48.81,1009.40,0.00,87.77,20.06
839552507,2026-08-09 03:01:47,49.98,1009.41,0.00,87.64,19.83
839553407,2026-08-09 03:16:47,50.52,1009.18,0.00,87.64,19.53
839554307,2026-08-09 03:31:47,51.37,1009.10,0.00,87.64,19.25
839555207,2026-08-09 03:46:47,51.90,1008.98,0.00,87.64,19.11
839556107,2026-08-09 04:01:47,52.34,1008.83,0.00,87.64,18.89
839557007,2026-08-09 04:16:47,53.25,1008.75,0.00,87.64,18.66
839557907,2026-08-09 04:31:47,53.93,1008.63,0.00,87.64,18.52
839558807,2026-08-09 04:46:47,54.15,1008.53,0.00,87.64,18.38
839559707,2026-08-09 05:01:47,54.66,1008.33,0.00,87.64,18.16
839560607,2026-08-09 05:16:47,54.89,1008.29,0.00,87.71,18.10
839561507,2026-08-09 05:31:47,55.07,1008.16,0.00,87.64,18.05
839562407,2026-08-09 05:46:47,55.11,1008.13,0.00,87.67,18.05
839563307,2026-08-09 06:01:47,55.41,1008.17,0.00,87.64,17.86
839564207,2026-08-09 06:16:47,56.23,1008.06,0.00,87.64,17.57
839565107,2026-08-09 06:31:47,56.91,1008.02,0.00,87.64,17.39
839566007,2026-08-09 06:46:47,57.84,1008.05,0.00,87.64,17.24
839566907,2026-08-09 07:01:47,57.73,1007.91,0.00,87.64,17.36
839567807,2026-08-09 07:16:47,56.84,1007.75,0.00,87.09,17.70
839568707,2026-08-09 07:31:47,55.93,1007.77,0.00,87.64,18.10
839569607,2026-08-09 07:46:47,55.55,1007.66,0.00,86.97,18.40
839570507,2026-08-09 08:01:47,55.24,1007.78,0.00,86.72,18.73
839571407,2026-08-09 08:16:47,54.18,1007.74,0.00,86.55,19.24
839572307,2026-08-09 08:31:47,51.57,1007.71,0.00,85.95,19.85
839573207,2026-08-09 08:46:47,51.62,1007.63,0.00,85.44,20.41
839574107,2026-08-09 09:01:47,48.68,1007.72,0.00,85.42,20.96
839575007,2026-08-09 09:16:47,47.29,1007.69,0.00,85.10,21.52
839575907,2026-08-09 09:31:47,47.38,1007.48,0.00,84.96,22.12
839576807,2026-08-09 09:46:47,45.09,1007.32,0.00,84.83,22.87
839577707,2026-08-09 10:01:47,43.57,1007.26,0.00,84.77,23.38
839578607,2026-08-09 10:16:47,41.33,1007.27,0.00,84.79,23.92
839579507,2026-08-09 10:31:47,40.58,1007.19,0.00,84.77,24.38
839580407,2026-08-09 10:46:47,40.35,1007.16,0.00,84.85,24.85
839581307,2026-08-09 11:01:47,40.06,1007.17,0.00,84.96,25.23
839582207,2026-08-09 11:16:47,36.79,1007.04,0.00,85.21,25.83
839583107,2026-08-09 11:31:47,36.33,1006.78,0.00,85.19,26.36
839584007,2026-08-09 11:46:47,34.40,1006.62,0.00,85.05,27.05
839584907,2026-08-09 12:01:47,27.01,1006.54,0.00,84.96,32.33
839585807,2026-08-09 12:16:47,30.96,1006.62,0.00,84.88,29.76
839586707,2026-08-09 12:31:47,31.61,1006.57,0.00,84.85,28.74
839587607,2026-08-09 12:46:47,31.40,1006.49,0.00,84.79,29.13
839588507,2026-08-09 13:01:47,31.36,1006.62,0.00,84.70,29.23
839589407,2026-08-09 13:16:47,30.25,1006.43,0.00,84.62,29.57
839590307,2026-08-09 13:31:47,29.29,1006.35,0.00,85.12,29.73
839591207,2026-08-09 13:46:47,29.59,1006.32,0.00,84.72,29.94
839592107,2026-08-09 14:01:47,28.90,1006.19,0.00,84.41,30.25
839593007,2026-08-09 14:16:47,27.74,1006.09,0.00,84.39,30.33
839593907,2026-08-09 14:31:47,27.81,1006.08,0.00,84.45,30.55
839594807,2026-08-09 14:46:47,25.46,1006.02,0.00,84.45,31.12
839595707,2026-08-09 15:01:47,26.05,1006.03,0.00,84.18,30.92
839596607,2026-08-09 15:16:47,24.97,1006.17,0.00,84.08,30.95
839597507,2026-08-09 15:31:47,24.48,1006.12,0.00,84.24,31.04
839598407,2026-08-09 15:46:47,25.01,1006.01,0.00,84.33,30.70
839599307,2026-08-09 16:01:47,24.87,1005.92,0.00,84.08,30.78
839600207,2026-08-09 16:16:47,24.52,1005.95,0.00,84.24,30.69
839601107,2026-08-09 16:31:47,23.89,1006.06,0.00,84.72,30.81
839602007,2026-08-09 16:46:47,24.32,1006.06,0.00,85.03,30.61
839602907,2026-08-09 17:01:47,23.64,1006.11,0.00,85.25,30.10
839603807,2026-08-09 17:16:47,23.77,1006.07,0.00,85.58,29.79
839604707,2026-08-09 17:31:47,23.94,1006.14,0.00,85.77,29.84
839605607,2026-08-09 17:46:47,25.39,1006.14,0.00,85.85,29.38
839606507,2026-08-09 18:01:47,24.16,1006.06,0.00,85.80,29.30
839607407,2026-08-09 18:16:47,25.88,1006.12,0.00,85.85,29.09
839608307,2026-08-09 18:31:47,26.54,1006.09,0.00,85.80,29.29
839609207,2026-08-09 18:46:47,25.03,1006.05,0.00,85.60,29.13
839610107,2026-08-09 19:01:47,22.90,1005.95,0.00,85.51,28.85
839611007,2026-08-09 19:16:47,22.57,1006.03,0.00,85.68,28.41
839611907,2026-08-09 19:31:47,24.12,1006.04,0.00,85.60,28.17
839612807,2026-08-09 19:46:47,24.88,1005.91,0.00,85.49,27.99
839613707,2026-08-09 20:01:47,25.61,1005.84,0.00,85.53,27.86
839614607,2026-08-09 20:16:47,26.40,1005.93,0.00,85.46,27.74
839615507,2026-08-09 20:31:47,26.81,1005.96,0.00,85.37,27.53
839616407,2026-08-09 20:46:47,28.58,1005.98,0.00,85.44,27.27
839617307,2026-08-09 21:01:47,29.15,1006.06,0.00,85.21,27.02
839618207,2026-08-09 21:16:47,29.68,1006.18,0.00,85.28,26.88
839619107,2026-08-09 21:31:47,30.75,1006.45,0.00,85.23,26.63
839620007,2026-08-09 21:46:47,31.80,1006.52,0.00,85.10,26.44
839620907,2026-08-09 22:01:47,34.34,1006.62,0.00,85.35,26.22
839621807,2026-08-09 22:16:47,34.21,1006.60,0.00,85.28,25.74
839622707,2026-08-09 22:31:47,38.16,1006.44,0.00,85.19,25.75
839623607,2026-08-09 22:46:47,43.95,1006.43,0.00,85.82,25.35
839624507,2026-08-09 23:01:47,50.57,1006.48,0.00,85.44,24.83
839625407,2026-08-09 23:16:47,46.95,1006.56,0.00,85.46,24.81
839626307,2026-08-09 23:31:47,46.58,1006.56,0.00,85.37,24.67
839627207,2026-08-09 23:46:47,44.88,1006.61,0.00,85.37,24.64
839628107,2026-08-10 00:01:47,45.52,1006.68,0.00,85.37,24.49
839629007,2026-08-10 00:16:47,45.60,1006.80,0.00,85.32,24.41
839629907,2026-08-10 00:31:47,44.92,1006.67,0.00,85.14,24.45
839630807,2026-08-10 00:46:47,44.93,1006.50,0.00,85.07,24.39
839631707,2026-08-10 01:01:47,44.40,1006.24,0.00,85.03,24.40
839632607,2026-08-10 01:16:47,43.72,1006.20,0.00,84.96,24.37
839633507,2026-08-10 01:31:47,43.07,1006.06,0.00,84.83,24.34
839634407,2026-08-10 01:46:47,43.34,1006.01,0.00,84.75,24.27
839635307,2026-08-10 02:01:47,43.80,1005.93,0.00,84.72,24.10
839636207,2026-08-10 02:16:47,44.66,1005.76,0.00,84.72,23.77
839637107,2026-08-10 02:31:47,45.32,1005.62,0.00,84.83,23.63
839638007,2026-08-10 02:46:47,46.75,1005.47,0.00,84.72,23.35
839638907,2026-08-10 03:01:47,47.64,1005.42,0.00,84.92,23.11
839639807,2026-08-10 03:16:47,48.69,1005.29,0.00,84.83,22.83
839640707,2026-08-10 03:31:47,49.26,1005.20,0.00,84.85,22.69
839641607,2026-08-10 03:46:47,49.49,1005.43,0.00,84.92,22.54
839642507,2026-08-10 04:01:47,49.44,1005.48,0.00,84.77,22.42
839643407,2026-08-10 04:16:47,49.13,1005.57,0.00,84.75,22.40
839644307,2026-08-10 04:31:47,49.13,1005.45,0.00,84.72,22.31
839645207,2026-08-10 04:46:47,49.83,1005.48,0.00,84.72,22.06
839646107,2026-08-10 05:01:47,50.14,1005.37,0.00,84.72,21.93
839647007,2026-08-10 05:16:47,49.84,1005.06,0.00,84.77,21.81
839647907,2026-08-10 05:31:47,50.15,1005.08,0.00,84.72,21.67
839648807,2026-08-10 05:46:47,49.88,1005.07,0.00,84.79,21.59
839649707,2026-08-10 06:01:47,49.08,1005.09,0.00,84.70,21.57
839650607,2026-08-10 06:16:47,48.43,1005.09,0.00,84.68,21.59
839651507,2026-08-10 06:31:47,48.42,1005.15,0.00,84.72,21.53
839652407,2026-08-10 06:46:47,48.17,1005.13,0.00,84.70,21.48
839653307,2026-08-10 07:01:47,47.89,1005.16,0.00,84.66,21.41
839654207,2026-08-10 07:16:47,48.09,1005.09,0.00,84.60,21.32
839655107,2026-08-10 07:31:47,48.22,1005.21,0.00,84.56,21.36
839656007,2026-08-10 07:46:47,48.73,1005.38,0.00,84.53,21.24
839656907,2026-08-10 08:01:47,48.38,1005.38,0.00,84.41,21.36
839657807,2026-08-10 08:16:47,48.01,1005.57,0.00,84.37,21.60
839658707,2026-08-10 08:31:47,48.10,1005.60,0.00,84.06,21.77
839659607,2026-08-10 08:46:47,48.11,1005.51,0.00,83.86,22.13
839660507,2026-08-10 09:01:47,47.04,1005.54,0.00,83.72,22.49
839661407,2026-08-10 09:16:47,46.25,1005.74,0.00,83.78,22.94
839662307,2026-08-10 09:31:47,46.48,1005.76,0.00,83.70,22.97
839663207,2026-08-10 09:46:47,45.86,1005.88,0.00,83.78,23.27
839664107,2026-08-10 10:01:47,46.04,1006.16,0.00,83.60,23.56
839665007,2026-08-10 10:16:47,45.12,1006.16,0.00,83.53,24.13
839665907,2026-08-10 10:31:47,45.02,1006.41,0.00,83.57,24.40
839666807,2026-08-10 10:46:47,45.54,1006.51,0.00,83.55,24.61
839667707,2026-08-10 11:01:47,45.40,1006.58,0.00,83.55,25.30
839668607,2026-08-10 11:16:47,44.71,1006.70,0.00,83.62,25.90
839669507,2026-08-10 11:31:47,43.83,1006.69,0.00,83.51,26.20
839670407,2026-08-10 11:46:47,41.72,1006.81,0.00,83.55,26.86
839671307,2026-08-10 12:01:47,35.10,1006.93,0.00,83.60,31.14
839672207,2026-08-10 12:16:47,38.87,1007.24,0.00,83.41,28.71
839673107,2026-08-10 12:31:47,40.09,1007.24,0.00,83.43,28.08
839674007,2026-08-10 12:46:47,39.44,1007.40,0.00,83.31,28.15
839674907,2026-08-10 13:01:47,38.47,1007.35,0.00,83.11,28.31
839675807,2026-08-10 13:16:47,38.20,1007.58,0.00,83.27,28.21
839676707,2026-08-10 13:31:47,39.41,1007.94,0.00,83.49,27.78
839677607,2026-08-10 13:46:47,41.56,1008.14,0.00,83.72,27.48
839678507,2026-08-10 14:01:47,42.56,1008.32,0.00,83.84,27.19
839679407,2026-08-10 14:16:47,44.46,1008.49,0.00,84.06,26.62
839680307,2026-08-10 14:31:47,40.71,1008.58,0.00,83.88,27.34
839681207,2026-08-10 14:46:47,40.05,1008.66,0.00,83.55,28.03
839682107,2026-08-10 15:01:47,38.98,1008.91,0.00,83.33,27.89
839683007,2026-08-10 15:16:47,38.29,1009.17,0.00,83.43,27.14
839683907,2026-08-10 15:31:47,38.48,1009.38,0.00,83.25,27.14
839684807,2026-08-10 15:46:47,37.21,1009.36,0.00,82.82,27.49
839685707,2026-08-10 16:01:47,36.28,1009.40,0.00,82.66,27.34
839686607,2026-08-10 16:16:47,36.52,1009.52,0.00,82.74,27.46
839687507,2026-08-10 16:31:47,37.10,1009.67,0.00,83.29,27.00
839688407,2026-08-10 16:46:47,38.37,1009.72,0.00,83.43,26.81
839689307,2026-08-10 17:01:47,38.92,1009.90,0.00,83.53,26.68
839690207,2026-08-10 17:16:47,39.74,1010.05,0.00,83.76,26.63
839691107,2026-08-10 17:31:47,41.03,1010.19,0.00,83.82,26.28
839692007,2026-08-10 17:46:47,44.61,1010.38,0.00,83.88,25.70
839692907,2026-08-10 18:01:47,44.05,1010.57,0.00,84.00,25.51
839693807,2026-08-10 18:16:47,45.39,1010.57,0.00,84.06,25.19
839694707,2026-08-10 18:31:47,45.37,1010.61,0.00,84.00,25.23
839695607,2026-08-10 18:46:47,46.02,1010.78,0.00,84.00,24.78
839696507,2026-08-10 19:01:47,43.45,1011.03,0.00,84.06,24.69
839697407,2026-08-10 19:16:47,43.38,1011.17,0.00,84.06,24.62
839698307,2026-08-10 19:31:47,42.63,1011.35,0.00,83.94,24.58
839699207,2026-08-10 19:46:47,43.60,1011.51,0.00,83.96,24.05
839700107,2026-08-10 20:01:47,44.64,1011.76,0.00,84.00,23.90
839701007,2026-08-10 20:16:47,45.79,1011.99,0.00,84.06,23.48
839701907,2026-08-10 20:31:47,46.74,1012.12,0.00,83.94,22.93
839702807,2026-08-10 20:46:47,46.73,1012.39,0.00,84.06,22.42
839703707,2026-08-10 21:01:47,46.03,1012.72,0.00,84.02,22.00
839704607,2026-08-10 21:16:47,45.44,1012.94,0.00,84.06,21.78
839705507,2026-08-10 21:31:47,46.26,1013.35,0.00,83.94,21.43
839706407,2026-08-10 21:46:47,46.86,1013.54,0.00,84.08,21.01
839707307,2026-08-10 22:01:47,47.16,1013.65,0.00,84.08,20.83
839708207,2026-08-10 22:16:47,47.07,1013.99,0.00,83.94,20.78
839709107,2026-08-10 22:31:47,46.92,1014.20,0.00,84.02,20.69
839710007,2026-08-10 22:46:47,46.54,1014.31,0.00,83.80,20.60
839710907,2026-08-10 23:01:47,47.57,1014.43,0.00,83.74,20.11
839711807,2026-08-10 23:16:47,47.08,1014.80,0.00,83.84,20.30
839712707,2026-08-10 23:31:47,48.22,1014.84,0.00,83.80,19.91
839713607,2026-08-10 23:46:47,50.24,1014.93,0.00,83.88,19.30
839714507,2026-08-11 00:01:47,50.22,1015.15,0.00,83.86,19.48
839715407,2026-08-11 00:16:47,50.34,1015.34,0.00,83.94,19.49
839716307,2026-08-11 00:31:47,51.26,1015.62,0.00,83.72,19.26
839717207,2026-08-11 00:46:47,54.57,1015.80,0.00,83.84,18.44
839718107,2026-08-11 01:01:47,54.61,1016.03,0.00,83.80,18.65
839719007,2026-08-11 01:16:47,54.16,1016.25,0.00,83.76,18.85
839719907,2026-08-11 01:31:47,54.26,1016.38,0.00,83.68,18.80
839720807,2026-08-11 01:46:47,54.74,1016.31,0.00,83.59,18.60
839721707,2026-08-11 02:01:47,55.12,1016.22,0.00,83.64,18.43
839722607,2026-08-11 02:16:47,55.54,1016.30,0.00,83.68,18.28
839723507,2026-08-11 02:31:47,55.95,1016.53,0.00,83.57,18.14
839724407,2026-08-11 02:46:47,56.17,1016.67,0.00,83.60,18.00
839725307,2026-08-11 03:01:47,56.46,1016.86,0.00,83.43,17.74
839726207,2026-08-11 03:16:47,57.17,1016.85,0.00,83.53,17.50
839727107,2026-08-11 03:31:47,58.07,1016.96,0.00,83.60,17.05
839728007,2026-08-11 03:46:47,57.91,1017.08,0.00,83.62,17.09
839728907,2026-08-11 04:01:47,58.29,1017.21,0.00,83.55,16.84
839729807,2026-08-11 04:16:47,58.98,1017.27,0.00,83.49,16.58
839730707,2026-08-11 04:31:47,60.39,1017.37,0.00,83.53,16.07
839731607,2026-08-11 04:46:47,59.91,1017.51,0.00,83.53,16.16
839732507,2026-08-11 05:01:47,60.66,1017.58,0.00,83.60,15.99
839733407,2026-08-11 05:16:47,60.64,1017.53,0.00,83.45,15.89
839734307,2026-08-11 05:31:47,60.87,1017.73,0.00,83.49,15.66
839735207,2026-08-11 05:46:47,60.51,1017.68,0.00,83.57,15.60
839736107,2026-08-11 06:01:47,60.73,1017.84,0.00,83.47,15.42
839737007,2026-08-11 06:16:47,61.76,1018.02,0.00,83.60,15.28
839737907,2026-08-11 06:31:47,62.41,1018.21,0.00,83.60,14.90
839738807,2026-08-11 06:46:47,62.93,1018.23,0.00,83.53,14.79
839739707,2026-08-11 07:01:47,63.09,1018.44,0.00,83.53,14.97
839740607,2026-08-11 07:16:47,63.23,1018.48,0.00,83.60,15.08
839741507,2026-08-11 07:31:47,63.60,1018.54,0.00,83.45,15.33
839742407,2026-08-11 07:46:47,63.70,1018.79,0.00,83.41,15.60
839743307,2026-08-11 08:01:47,63.28,1018.82,0.00,83.43,15.95
839744207,2026-08-11 08:16:47,61.97,1018.92,0.00,83.13,16.58
839745107,2026-08-11 08:31:47,59.58,1019.03,0.00,82.80,17.21
839746007,2026-08-11 08:46:47,57.49,1019.22,0.00,82.58,17.69
839746907,2026-08-11 09:01:47,56.25,1019.33,0.00,82.44,18.15
839747807,2026-08-11 09:16:47,54.70,1019.46,0.00,82.15,18.46
839748707,2026-08-11 09:31:47,52.96,1019.48,0.00,82.35,18.48
839749607,2026-08-11 09:46:47,52.87,1019.60,0.00,82.25,18.60
839750507,2026-08-11 10:01:47,52.69,1019.52,0.00,82.25,19.03
839751407,2026-08-11 10:16:47,50.34,1019.59,0.00,82.15,19.41
839752307,2026-08-11 10:31:47,48.87,1019.61,0.00,82.25,19.79
839753207,2026-08-11 10:46:47,46.35,1019.70,0.00,82.15,19.99
839754107,2026-08-11 11:01:47,46.70,1019.70,0.00,82.33,20.48
839755007,2026-08-11 11:16:47,44.16,1019.78,0.00,82.46,20.87
839755907,2026-08-11 11:31:47,43.53,1019.71,0.00,82.62,20.94
839756807,2026-08-11 11:46:47,42.22,1019.76,0.00,82.74,21.39
839757707,2026-08-11 12:01:47,32.38,1019.52,0.00,82.56,27.45
839758607,2026-08-11 12:16:47,36.77,1019.50,0.00,82.50,23.81
839759507,2026-08-11 12:31:47,37.56,1019.38,0.00,82.58,23.01
839760407,2026-08-11 12:46:47,37.45,1019.35,0.00,82.46,22.75
839761307,2026-08-11 13:01:47,36.48,1019.31,0.00,82.15,23.54
839762207,2026-08-11 13:16:47,35.26,1019.38,0.00,82.15,23.65
839763107,2026-08-11 13:31:47,35.53,1019.26,0.00,82.21,23.22
839764007,2026-08-11 13:46:47,35.17,1019.18,0.00,81.85,23.97
839764907,2026-08-11 14:01:47,35.05,1019.02,0.00,81.70,23.82
839765807,2026-08-11 14:16:47,32.93,1019.02,0.00,81.45,24.31
839766707,2026-08-11 14:31:47,33.64,1018.97,0.00,81.52,24.04
839767607,2026-08-11 14:46:47,32.88,1018.81,0.00,81.22,24.23
839768507,2026-08-11 15:01:47,32.82,1018.78,0.00,80.94,24.63
839769407,2026-08-11 15:16:47,32.18,1018.71,0.00,80.87,24.61
839770307,2026-08-11 15:31:47,33.30,1018.59,0.00,80.56,24.46
839771207,2026-08-11 15:46:47,32.72,1018.53,0.00,80.72,24.26
839772107,2026-08-11 16:01:47,32.23,1018.42,0.00,80.69,24.26
839773007,2026-08-11 16:16:47,33.05,1018.52,0.00,80.79,24.02
839773907,2026-08-11 16:31:47,33.34,1018.32,0.00,81.59,24.16
839774807,2026-08-11 16:46:47,33.41,1018.34,0.00,81.96,23.90
839775707,2026-08-11 17:01:47,33.69,1018.29,0.00,82.17,24.08
839776607,2026-08-11 17:16:47,32.51,1018.16,0.00,82.37,23.88
839777507,2026-08-11 17:31:47,33.18,1018.14,0.00,82.33,23.85
839778407,2026-08-11 17:46:47,33.74,1018.11,0.00,82.46,24.02
839779307,2026-08-11 18:01:47,33.46,1018.06,0.00,82.37,23.87
839780207,2026-08-11 18:16:47,33.21,1018.01,0.00,82.44,23.75
839781107,2026-08-11 18:31:47,33.91,1017.99,0.00,82.54,23.67
839782007,2026-08-11 18:46:47,34.56,1017.98,0.00,82.33,23.55
839782907,2026-08-11 19:01:47,34.43,1017.97,0.00,82.21,23.22
839783807,2026-08-11 19:16:47,33.71,1018.05,0.00,82.46,23.00
839784707,2026-08-11 19:31:47,34.29,1017.95,0.00,82.50,22.88
839785607,2026-08-11 19:46:47,34.07,1017.99,0.00,82.50,22.70
839786507,2026-08-11 20:01:47,34.99,1017.96,0.00,82.50,22.47
839787407,2026-08-11 20:16:47,35.56,1017.92,0.00,82.35,22.24
839788307,2026-08-11 20:31:47,36.33,1017.94,79.00,180.39,22.52
839789207,2026-08-11 20:46:47,35.55,1018.05,0.00,173.76,22.44
839790107,2026-08-11 21:01:47,35.93,1018.14,0.00,170.70,22.16
839791007,2026-08-11 21:16:47,36.34,1018.39,0.00,168.79,21.50
839791907,2026-08-11 21:31:47,37.00,1018.59,0.00,167.45,20.89
839792807,2026-08-11 21:46:47,37.23,1018.79,0.00,164.03,20.49
839793707,2026-08-11 22:01:47,37.71,1018.97,0.00,162.74,20.12
839794607,2026-08-11 22:16:47,38.42,1019.05,0.00,161.97,19.78
839795507,2026-08-11 22:31:47,39.24,1019.26,0.00,161.21,19.42
839796407,2026-08-11 22:46:47,39.88,1019.36,0.00,161.97,19.20
839797307,2026-08-11 23:01:47,41.11,1019.47,0.00,159.45,18.77
839798207,2026-08-11 23:16:47,41.48,1019.57,0.00,158.46,18.77
839799107,2026-08-11 23:31:47,42.51,1019.61,0.00,157.97,18.52
839800007,2026-08-11 23:46:47,43.76,1019.81,0.00,157.97,18.41
839800907,2026-08-12 00:01:47,44.76,1019.85,0.00,156.99,18.24
839801807,2026-08-12 00:16:47,45.87,1019.90,0.00,156.50,18.17
839802707,2026-08-12 00:31:47,45.91,1020.06,0.00,155.54,18.21
839803607,2026-08-12 00:46:47,47.86,1020.17,0.00,156.02,18.03
839804507,2026-08-12 01:01:47,47.83,1020.35,0.00,156.02,18.04
839805407,2026-08-12 01:16:47,49.12,1020.35,0.00,155.54,17.74
839806307,2026-08-12 01:31:47,49.72,1020.28,0.00,154.82,17.73
839807207,2026-08-12 01:46:47,51.54,1020.39,0.00,155.30,17.20
839808107,2026-08-12 02:01:47,52.36,1020.34,0.00,154.82,16.99
839809007,2026-08-12 02:16:47,53.03,1020.52,0.00,154.82,16.87
839809907,2026-08-12 02:31:47,53.50,1020.35,0.00,153.64,16.71
839810807,2026-08-12 02:46:47,53.58,1020.48,0.00,153.41,16.69
839811707,2026-08-12 03:01:47,53.04,1020.42,0.00,154.11,16.81
839812607,2026-08-12 03:16:47,53.60,1020.41,0.00,154.35,16.62
839813507,2026-08-12 03:31:47,54.08,1020.38,0.00,152.01,16.48
839814407,2026-08-12 03:46:47,54.12,1020.27,0.00,152.47,16.45
839815307,2026-08-12 04:01:47,54.79,1020.37,0.00,152.70,16.28
839816207,2026-08-12 04:16:47,55.90,1020.31,0.00,151.78,15.91
839817107,2026-08-12 04:31:47,56.22,1020.31,0.00,151.55,15.83
839818007,2026-08-12 04:46:47,56.99,1020.23,0.00,151.78,15.61
839818907,2026-08-12 05:01:47,57.42,1020.20,0.00,152.47,15.48
839819807,2026-08-12 05:16:47,58.77,1020.31,0.00,152.47,15.05
839820707,2026-08-12 05:31:47,59.63,1020.34,0.00,151.09,14.75
839821607,2026-08-12 05:46:47,59.44,1020.20,0.00,151.32,14.89
839822507,2026-08-12 06:01:47,60.40,1020.25,0.00,152.24,14.51
839823407,2026-08-12 06:16:47,59.61,1020.17,0.00,151.32,14.78
839824307,2026-08-12 06:31:47,59.32,1020.19,0.00,151.32,14.91
839825207,2026-08-12 06:46:47,59.82,1020.29,0.00,152.24,14.74
839826107,2026-08-12 07:01:47,59.60,1020.35,0.00,150.86,14.88
839827007,2026-08-12 07:16:47,59.68,1020.38,0.00,150.63,14.95
839827907,2026-08-12 07:31:47,58.92,1020.39,0.00,151.32,15.25
839828807,2026-08-12 07:46:47,58.37,1020.33,0.00,149.95,15.51
839829707,2026-08-12 08:01:47,57.02,1020.37,0.00,149.50,15.83
839830607,2026-08-12 08:16:47,55.40,1020.43,0.00,147.49,16.43
839831507,2026-08-12 08:31:47,53.55,1020.38,0.00,145.96,16.96
839832407,2026-08-12 08:46:47,52.36,1020.34,0.00,144.03,17.49
839833307,2026-08-12 09:01:47,51.60,1020.51,0.00,144.46,17.89
839834207,2026-08-12 09:16:47,50.26,1020.46,0.00,143.19,18.29
839835107,2026-08-12 09:31:47,49.40,1020.46,0.00,141.32,18.75
839836007,2026-08-12 09:46:47,48.59,1020.45,0.00,140.71,19.25
839836907,2026-08-12 10:01:47,48.27,1020.37,0.00,140.31,19.71
839837807,2026-08-12 10:16:47,46.19,1020.41,0.00,140.31,20.14
839838707,2026-08-12 10:31:47,45.32,1020.38,0.00,139.70,20.63
839839607,2026-08-12 10:46:47,44.40,1020.28,0.00,135.60,21.21
839840507,2026-08-12 11:01:47,42.31,1020.16,0.00,135.60,21.86
839841407,2026-08-12 11:16:47,38.97,1020.11,0.00,139.90,22.40
839842307,2026-08-12 11:31:47,37.41,1019.96,0.00,134.46,23.10
839843207,2026-08-12 11:46:47,35.15,1020.07,0.00,131.89,23.88
839844107,2026-08-12 12:01:47,26.69,1019.90,0.00,133.17,28.89
839845007,2026-08-12 12:16:47,29.53,1019.91,0.00,130.82,26.35
839845907,2026-08-12 12:31:47,30.27,1019.84,0.00,131.71,25.75
839846807,2026-08-12 12:46:47,29.64,1019.73,0.00,132.80,25.96
839847707,2026-08-12 13:01:47,28.67,1019.61,0.00,133.17,26.08
839848607,2026-08-12 13:16:47,29.82,1019.71,0.00,130.64,26.20
839849507,2026-08-12 13:31:47,27.33,1019.55,0.00,132.25,26.44
839850407,2026-08-12 13:46:47,26.46,1019.53,0.00,131.89,26.60
839851307,2026-08-12 14:01:47,27.17,1019.33,0.00,131.89,26.78
839852207,2026-08-12 14:16:47,25.66,1019.25,0.00,132.07,26.85
839853107,2026-08-12 14:31:47,25.08,1019.30,0.00,131.17,26.83
839854007,2026-08-12 14:46:47,25.12,1019.15,0.00,133.90,26.89
839854907,2026-08-12 15:01:47,24.41,1019.20,0.00,131.89,26.77
839855807,2026-08-12 15:16:47,23.54,1019.04,0.00,131.17,27.01
839856707,2026-08-12 15:31:47,25.52,1019.13,0.00,129.41,27.08
839857607,2026-08-12 15:46:47,24.81,1018.96,0.00,131.53,26.92
839858507,2026-08-12 16:01:47,25.62,1018.89,0.00,131.89,26.80
839859407,2026-08-12 16:16:47,26.30,1018.70,0.00,131.17,26.88
839860307,2026-08-12 16:31:47,25.30,1018.55,0.00,134.46,26.63
839861207,2026-08-12 16:46:47,26.05,1018.52,0.00,134.28,26.80
839862107,2026-08-12 17:01:47,25.55,1018.34,0.00,133.35,26.86
839863007,2026-08-12 17:16:47,25.07,1018.42,0.00,133.53,26.66
839863907,2026-08-12 17:31:47,25.33,1018.20,0.00,133.90,26.65
839864807,2026-08-12 17:46:47,24.87,1018.21,0.00,132.62,26.61
839865707,2026-08-12 18:01:47,24.87,1018.05,0.00,132.62,26.63
839866607,2026-08-12 18:16:47,24.71,1018.09,0.00,133.17,26.57
839867507,2026-08-12 18:31:47,23.83,1018.00,0.00,133.35,26.47
839868407,2026-08-12 18:46:47,23.59,1017.89,0.00,132.80,26.32
839869307,2026-08-12 19:01:47,24.53,1017.84,0.00,132.43,26.19
839870207,2026-08-12 19:16:47,24.76,1017.98,0.00,131.71,26.04
839871107,2026-08-12 19:31:47,24.95,1017.93,0.00,131.53,25.88
839872007,2026-08-12 19:46:47,25.21,1017.90,0.00,132.07,25.68
839872907,2026-08-12 20:01:47,25.83,1017.91,0.00,133.17,25.43
839873807,2026-08-12 20:16:47,27.43,1017.94,0.00,131.89,25.11
839874707,2026-08-12 20:31:47,28.83,1017.90,0.00,131.89,24.87
839875607,2026-08-12 20:46:47,30.39,1018.00,0.00,132.43,24.58
839876507,2026-08-12 21:01:47,31.18,1018.16,0.00,131.71,24.32
839877407,2026-08-12 21:16:47,32.15,1018.16,0.00,132.25,24.04
839878307,2026-08-12 21:31:47,33.31,1018.20,0.00,132.80,23.75
839879207,2026-08-12 21:46:47,32.65,1018.24,0.00,133.17,23.53
839880107,2026-08-12 22:01:47,32.21,1018.22,0.00,132.62,23.44
839881007,2026-08-12 22:16:47,32.06,1018.26,0.00,131.53,23.31
839881907,2026-08-12 22:31:47,31.87,1018.31,0.00,131.89,23.23
839882807,2026-08-12 22:46:47,32.38,1018.40,0.00,132.43,23.03
839883707,2026-08-12 23:01:47,32.88,1018.46,0.00,132.43,22.91
839884607,2026-08-12 23:16:47,32.92,1018.49,0.00,132.07,22.79
839885507,2026-08-12 23:31:47,33.20,1018.69,0.00,130.99,22.70
839886407,2026-08-12 23:46:47,33.95,1018.68,0.00,131.53,22.51
839887307,2026-08-13 00:01:47,34.29,1018.66,0.00,130.99,22.36
839888207,2026-08-13 00:16:47,34.64,1018.60,0.00,131.53,22.22
839889107,2026-08-13 00:31:47,35.07,1018.72,0.00,131.89,22.08
839890007,2026-08-13 00:46:47,35.49,1018.71,0.00,131.17,21.93
839890907,2026-08-13 01:01:47,35.97,1018.55,0.00,131.53,21.75
839891807,2026-08-13 01:16:47,36.67,1018.51,0.00,131.35,21.56
839892707,2026-08-13 01:31:47,37.09,1018.44,0.00,130.46,21.40
839893607,2026-08-13 01:46:47,37.39,1018.42,0.00,131.17,21.25
839894507,2026-08-13 02:01:47,37.57,1018.29,0.00,131.17,21.15
839895407,2026-08-13 02:16:47,38.08,1018.25,0.00,130.29,21.01
839896307,2026-08-13 02:31:47,38.28,1018.27,0.00,130.46,20.89
839897207,2026-08-13 02:46:47,38.58,1018.34,0.00,129.24,20.75
839898107,2026-08-13 03:01:47,38.84,1018.27,0.00,131.17,20.60
839899007,2026-08-13 03:16:47,38.93,1018.25,0.00,129.76,20.51
839899907,2026-08-13 03:31:47,39.14,1018.13,0.00,130.46,20.38
839900807,2026-08-13 03:46:47,39.63,1018.02,0.00,129.59,20.25
839901707,2026-08-13 04:01:47,39.63,1018.00,0.00,128.89,20.14
839902607,2026-08-13 04:16:47,39.80,1017.88,0.00,129.59,20.03
839903507,2026-08-13 04:31:47,40.12,1017.84,0.00,130.29,19.88
839904407,2026-08-13 04:46:47,40.28,1017.85,0.00,128.72,19.74
839905307,2026-08-13 05:01:47,40.52,1017.76,0.00,128.72,19.62
839906207,2026-08-13 05:16:47,40.84,1017.89,0.00,128.72,19.46
839907107,2026-08-13 05:31:47,41.18,1017.98,0.00,128.21,19.33
839908007,2026-08-13 05:46:47,41.29,1017.89,0.00,128.55,19.16
839908907,2026-08-13 06:01:47,41.37,1017.99,0.00,128.21,19.04
839909807,2026-08-13 06:16:47,41.75,1018.00,0.00,129.07,18.99
839910707,2026-08-13 06:31:47,41.79,1017.98,0.00,128.72,18.85
839911607,2026-08-13 06:46:47,41.84,1017.96,0.00,129.24,18.81
839912507,2026-08-13 07:01:47,41.80,1017.89,0.00,128.21,18.80
839913407,2026-08-13 07:16:47,41.75,1018.01,0.00,128.38,18.92
839914307,2026-08-13 07:31:47,42.18,1017.97,0.00,127.87,18.98
839915207,2026-08-13 07:46:47,41.61,1017.95,0.00,126.69,19.12
839916107,2026-08-13 08:01:47,41.02,1018.05,0.00,127.03,19.36
839917007,2026-08-13 08:16:47,40.49,1018.03,0.00,125.06,19.79
839917907,2026-08-13 08:31:47,38.82,1018.04,0.00,123.62,20.23
839918807,2026-08-13 08:46:47,38.07,1018.04,0.00,123.46,20.70
839919707,2026-08-13 09:01:47,37.59,1017.87,0.00,122.37,21.11
839920607,2026-08-13 09:16:47,36.28,1017.79,0.00,121.61,21.50
839921507,2026-08-13 09:31:47,35.55,1017.74,0.00,121.46,21.87
839922407,2026-08-13 09:46:47,35.21,1017.75,0.00,121.16,22.34
839923307,2026-08-13 10:01:47,34.92,1017.68,0.00,119.38,22.94
839924207,2026-08-13 10:16:47,34.22,1017.69,0.00,118.81,23.45
839925107,2026-08-13 10:31:47,32.98,1017.71,0.00,119.09,23.97
839926007,2026-08-13 10:46:47,32.31,1017.72,0.00,117.39,24.50
839926907,2026-08-13 11:01:47,32.02,1017.56,0.00,117.25,25.19
839927807,2026-08-13 11:16:47,30.13,1017.57,0.00,120.12,25.90
839928707,2026-08-13 11:31:47,28.57,1017.48,0.00,116.02,26.50
839929607,2026-08-13 11:46:47,27.53,1017.40,0.00,114.95,27.46
839930507,2026-08-13 12:01:47,20.44,1017.15,0.00,115.48,33.32
839931407,2026-08-13 12:16:47,22.07,1017.14,0.00,114.69,30.37
839932307,2026-08-13 12:31:47,23.82,1017.04,0.00,113.91,29.53
839933207,2026-08-13 12:46:47,23.13,1016.91,0.00,114.95,29.55
839934107,2026-08-13 13:01:47,23.46,1016.76,0.00,113.91,29.87
839935007,2026-08-13 13:16:47,23.19,1016.64,0.00,116.16,29.80
839935907,2026-08-13 13:31:47,22.87,1016.53,0.00,115.22,30.06
839936807,2026-08-13 13:46:47,21.32,1016.47,0.00,116.16,29.97
839937707,2026-08-13 14:01:47,21.25,1016.30,0.00,116.56,30.08
839938607,2026-08-13 14:16:47,20.94,1016.31,0.00,116.16,30.43
839939507,2026-08-13 14:31:47,21.14,1016.11,0.00,115.75,30.62
839940407,2026-08-13 14:46:47,20.84,1015.98,0.00,117.39,30.59
839941307,2026-08-13 15:01:47,20.71,1015.86,0.00,118.66,30.55
839942207,2026-08-13 15:16:47,20.76,1015.66,0.00,117.25,30.62
839943107,2026-08-13 15:31:47,20.17,1015.61,0.00,117.25,30.53
839944007,2026-08-13 15:46:47,19.47,1015.39,0.00,118.66,30.70
839944907,2026-08-13 16:01:47,19.40,1015.22,0.00,117.67,30.67
839945807,2026-08-13 16:16:47,19.44,1015.06,0.00,118.24,30.67
839946707,2026-08-13 16:31:47,19.78,1014.89,0.00,119.53,30.81
839947607,2026-08-13 16:46:47,20.56,1014.72,0.00,120.71,30.63
839948507,2026-08-13 17:01:47,21.07,1014.51,0.00,120.86,30.67
839949407,2026-08-13 17:16:47,20.87,1014.50,0.00,120.56,30.63
839950307,2026-08-13 17:31:47,20.91,1014.27,0.00,119.97,30.64
839951207,2026-08-13 17:46:47,20.58,1014.21,0.00,121.01,30.64
839952107,2026-08-13 18:01:47,20.79,1013.97,0.00,121.01,30.61
839953007,2026-08-13 18:16:47,20.79,1013.73,0.00,120.26,30.56
839953907,2026-08-13 18:31:47,21.24,1013.84,0.00,120.71,30.46
839954807,2026-08-13 18:46:47,21.72,1013.64,0.00,119.38,30.35
839955707,2026-08-13 19:01:47,21.52,1013.53,0.00,120.56,30.27
839956607,2026-08-13 19:16:47,21.69,1013.49,0.00,119.97,30.12
839957507,2026-08-13 19:31:47,21.77,1013.46,0.00,119.38,29.94
839958407,2026-08-13 19:46:47,22.39,1013.38,0.00,119.67,29.70
839959307,2026-08-13 20:01:47,22.65,1013.34,0.00,119.09,29.52
839960207,2026-08-13 20:16:47,23.16,1013.17,0.00,119.38,29.28
839961107,2026-08-13 20:31:47,23.69,1013.37,0.00,119.24,29.02
839962007,2026-08-13 20:46:47,24.28,1013.43,0.00,119.67,28.75
839962907,2026-08-13 21:01:47,25.03,1013.39,0.00,119.53,28.48
839963807,2026-08-13 21:16:47,25.68,1013.33,0.00,121.16,28.22
839964707,2026-08-13 21:31:47,26.14,1013.43,0.00,120.86,27.99
839965607,2026-08-13 21:46:47,26.61,1013.32,0.00,120.26,27.79
839966507,2026-08-13 22:01:47,27.42,1013.38,0.00,120.86,27.58
839967407,2026-08-13 22:16:47,27.70,1013.36,0.00,120.12,27.36
839968307,2026-08-13 22:31:47,27.78,1013.29,0.00,120.26,27.20
839969207,2026-08-13 22:46:47,28.27,1013.20,0.00,117.95,26.99
839970107,2026-08-13 23:01:47,28.05,1013.15,0.00,120.56,26.79
839971007,2026-08-13 23:16:47,27.88,1013.22,0.00,120.26,26.62
839971907,2026-08-13 23:31:47,28.21,1013.14,0.00,119.67,26.44
839972807,2026-08-13 23:46:47,28.24,1013.11,0.00,120.71,26.26
839973707,2026-08-14 00:01:47,28.37,1012.93,0.00,120.41,26.06
839974607,2026-08-14 00:16:47,28.51,1012.82,0.00,120.56,25.89
839975507,2026-08-14 00:31:47,28.19,1012.81,0.00,120.26,25.79
839976407,2026-08-14 00:46:47,28.22,1012.86,0.00,120.26,25.66
839977307,2026-08-14 01:01:47,28.53,1012.72,0.00,119.09,25.49
839978207,2026-08-14 01:16:47,29.14,1012.58,0.00,119.24,25.26
839979107,2026-08-14 01:31:47,29.63,1012.56,0.00,119.67,25.06
839980007,2026-08-14 01:46:47,30.21,1012.47,0.00,118.66,24.82
839980907,2026-08-14 02:01:47,31.10,1012.56,0.00,119.38,24.46
839981807,2026-08-14 02:16:47,31.25,1012.47,0.00,119.97,24.26
839982707,2026-08-14 02:31:47,31.79,1012.41,0.00,119.97,24.05
839983607,2026-08-14 02:46:47,32.41,1012.25,0.00,120.12,23.76
839984507,2026-08-14 03:01:47,33.14,1012.17,0.00,119.38,23.57
839985407,2026-08-14 03:16:47,33.59,1012.07,0.00,120.26,23.38
839986307,2026-08-14 03:31:47,34.08,1011.90,0.00,118.66,23.16
839987207,2026-08-14 03:46:47,34.69,1011.84,0.00,118.66,22.96
839988107,2026-08-14 04:01:47,35.13,1011.95,0.00,119.09,22.70
839989007,2026-08-14 04:16:47,35.51,1011.76,0.00,118.66,22.53
839989907,2026-08-14 04:31:47,36.00,1011.78,0.00,118.95,22.34
839990807,2026-08-14 04:46:47,36.32,1011.72,0.00,118.24,22.14
839991707,2026-08-14 05:01:47,36.67,1011.69,0.00,118.66,22.00
839992607,2026-08-14 05:16:47,37.33,1011.60,0.00,118.38,21.79
839993507,2026-08-14 05:31:47,37.38,1011.49,0.00,118.24,21.66
839994407,2026-08-14 05:46:47,37.82,1011.40,0.00,118.81,21.56
839995307,2026-08-14 06:01:47,38.25,1011.30,0.00,118.66,21.40
839996207,2026-08-14 06:16:47,38.27,1011.33,0.00,118.52,21.28
839997107,2026-08-14 06:31:47,38.52,1011.26,0.00,117.39,21.17
839998007,2026-08-14 06:46:47,38.46,1011.23,0.00,117.25,21.18
839998907,2026-08-14 07:01:47,38.78,1011.14,0.00,117.25,21.13
839999807,2026-08-14 07:16:47,38.57,1011.05,0.00,116.84,21.21
840000707,2026-08-14 07:31:47,38.30,1011.03,0.00,116.43,21.37
840001607,2026-08-14 07:46:47,38.55,1011.15,0.00,116.29,21.51
840002507,2026-08-14 08:01:47,38.85,1011.16,0.00,116.02,21.77
840003407,2026-08-14 08:16:47,38.54,1011.16,0.00,114.30,22.18
840004307,2026-08-14 08:31:47,37.40,1010.97,0.00,112.27,22.74
840005207,2026-08-14 08:46:47,36.05,1010.93,0.00,111.66,23.23
840006107,2026-08-14 09:01:47,34.65,1011.01,0.00,110.94,23.75
840007007,2026-08-14 09:16:47,33.64,1010.89,0.00,109.30,24.43
840007907,2026-08-14 09:31:47,32.33,1010.65,0.00,109.30,24.88
840008807,2026-08-14 09:46:47,31.96,1010.51,0.00,109.07,25.32
840009707,2026-08-14 10:01:47,31.15,1010.47,0.00,109.53,25.86
840010607,2026-08-14 10:16:47,30.22,1010.47,0.00,109.30,26.35
840011507,2026-08-14 10:31:47,29.18,1010.41,0.00,108.74,26.94
840012407,2026-08-14 10:46:47,28.67,1010.26,0.00,107.42,27.60
840013307,2026-08-14 11:01:47,26.75,1010.18,0.00,107.96,28.40
840014207,2026-08-14 11:16:47,26.33,1010.10,0.00,108.85,28.97
840015107,2026-08-14 11:31:47,24.95,1009.90,0.00,105.23,29.73
840016007,2026-08-14 11:46:47,24.96,1009.72,0.00,103.86,30.61
840016907,2026-08-14 12:01:47,18.55,1009.65,0.00,103.57,36.09
840017807,2026-08-14 12:16:47,21.17,1009.49,0.00,103.10,33.41
840018707,2026-08-14 12:31:47,21.38,1009.48,0.00,102.92,32.86
840019607,2026-08-14 12:46:47,20.99,1009.39,0.00,105.23,32.84
840020507,2026-08-14 13:01:47,21.52,1009.29,0.00,103.76,32.96
840021407,2026-08-14 13:16:47,21.68,1009.10,0.00,104.15,33.30
840022307,2026-08-14 13:31:47,21.60,1008.97,0.00,103.86,33.59
840023207,2026-08-14 13:46:47,21.08,1008.66,0.00,105.03,33.83
840024107,2026-08-14 14:01:47,20.70,1008.44,40.00,141.32,33.90
840025007,2026-08-14 14:16:47,20.49,1008.40,0.00,144.25,34.03
840025907,2026-08-14 14:31:47,20.60,1008.35,0.00,135.22,34.18
840026807,2026-08-14 14:46:47,20.34,1008.07,0.00,133.90,34.25
840027707,2026-08-14 15:01:47,19.53,1007.96,0.00,132.43,34.23
840028607,2026-08-14 15:16:47,20.45,1007.76,0.00,133.17,34.16
840029507,2026-08-14 15:31:47,19.58,1007.75,0.00,134.28,34.25
840030407,2026-08-14 15:46:47,19.31,1007.78,0.00,134.09,34.34
840031307,2026-08-14 16:01:47,19.56,1007.67,0.00,135.03,34.32
840032207,2026-08-14 16:16:47,19.20,1007.53,0.00,131.71,34.34
840033107,2026-08-14 16:31:47,18.70,1007.48,0.00,138.11,34.31
840034007,2026-08-14 16:46:47,18.75,1007.29,0.00,137.91,34.19
840034907,2026-08-14 17:01:47,19.08,1007.25,0.00,137.72,34.10
840035807,2026-08-14 17:16:47,19.26,1007.27,0.00,139.70,33.96
840036707,2026-08-14 17:31:47,19.39,1007.25,0.00,137.91,33.80
840037607,2026-08-14 17:46:47,19.46,1007.08,0.00,140.10,33.55
840038507,2026-08-14 18:01:47,20.39,1007.06,0.00,138.11,33.39
840039407,2026-08-14 18:16:47,20.19,1006.93,0.00,138.70,33.24
840040307,2026-08-14 18:31:47,20.78,1006.92,0.00,136.17,33.09
840041207,2026-08-14 18:46:47,20.85,1006.90,0.00,135.41,32.94
840042107,2026-08-14 19:01:47,21.29,1006.80,0.00,135.98,32.81
840043007,2026-08-14 19:16:47,21.39,1006.83,0.00,135.98,32.53
840043907,2026-08-14 19:31:47,21.81,1006.74,0.00,138.51,32.26
840044807,2026-08-14 19:46:47,22.65,1006.77,0.00,135.60,32.05
840045707,2026-08-14 20:01:47,23.15,1006.65,0.00,134.46,31.66
840046607,2026-08-14 20:16:47,24.86,1006.68,0.00,135.41,31.30
840047507,2026-08-14 20:31:47,26.57,1006.63,0.00,134.84,30.88
840048407,2026-08-14 20:46:47,27.70,1006.62,0.00,137.72,30.44
840049307,2026-08-14 21:01:47,29.48,1006.77,0.00,135.41,30.04
840050207,2026-08-14 21:16:47,30.45,1006.73,0.00,137.72,29.58
840051107,2026-08-14 21:31:47,31.43,1006.86,0.00,134.65,29.25
840052007,2026-08-14 21:46:47,31.93,1006.97,0.00,138.51,28.76
840052907,2026-08-14 22:01:47,32.72,1007.03,0.00,138.90,28.38
840053807,2026-08-14 22:16:47,33.44,1007.15,0.00,140.31,28.11
840054707,2026-08-14 22:31:47,34.65,1007.16,0.00,140.31,27.53
840055607,2026-08-14 22:46:47,35.09,1007.18,0.00,140.71,27.18
840056507,2026-08-14 23:01:47,35.23,1007.29,0.00,141.32,27.10
840057407,2026-08-14 23:16:47,35.85,1007.14,0.00,141.32,27.03
840058307,2026-08-14 23:31:47,36.29,1007.13,0.00,142.98,27.06
840059207,2026-08-14 23:46:47,36.44,1007.20,0.00,142.56,26.54
840060107,2026-08-15 00:01:47,37.22,1007.12,0.00,144.03,26.59
840061007,2026-08-15 00:16:47,37.51,1007.08,0.00,144.25,26.39
840061907,2026-08-15 00:31:47,38.72,1007.18,0.00,144.46,25.63
840062807,2026-08-15 00:46:47,38.24,1007.20,0.00,143.82,25.73
840063707,2026-08-15 01:01:47,39.36,1007.21,0.00,143.61,25.63
840064607,2026-08-15 01:16:47,39.47,1007.26,0.00,144.46,25.51
840065507,2026-08-15 01:31:47,39.76,1007.09,0.00,143.61,25.50
840066407,2026-08-15 01:46:47,39.70,1006.80,0.00,143.61,25.32
840067307,2026-08-15 02:01:47,40.55,1006.84,0.00,144.03,25.16
840068207,2026-08-15 02:16:47,41.96,1006.71,0.00,143.40,24.73
840069107,2026-08-15 02:31:47,42.00,1006.85,0.00,141.74,24.55
840070007,2026-08-15 02:46:47,42.37,1006.70,0.00,142.36,24.38
840070907,2026-08-15 03:01:47,43.02,1006.56,0.00,141.74,24.16
840071807,2026-08-15 03:16:47,43.28,1006.59,0.00,142.15,24.12
840072707,2026-08-15 03:31:47,44.00,1006.58,0.00,140.71,23.88
840073607,2026-08-15 03:46:47,44.38,1006.43,0.00,140.71,23.77
840074507,2026-08-15 04:01:47,45.08,1006.43,0.00,140.71,23.41
840075407,2026-08-15 04:16:47,46.07,1006.43,0.00,140.71,23.01
840076307,2026-08-15 04:31:47,46.19,1006.50,0.00,140.71,23.07
840077207,2026-08-15 04:46:47,46.52,1006.54,0.00,139.50,22.88
840078107,2026-08-15 05:01:47,46.72,1006.70,0.00,135.60,22.84
840079007,2026-08-15 05:16:47,46.51,1006.72,0.00,139.50,22.80
840079907,2026-08-15 05:31:47,46.76,1006.72,0.00,138.51,22.65
840080807,2026-08-15 05:46:47,47.28,1006.73,0.00,137.91,22.53
840081707,2026-08-15 06:01:47,47.77,1006.69,0.00,138.51,22.29
840082607,2026-08-15 06:16:47,47.85,1006.74,0.00,134.28,22.31
840083507,2026-08-15 06:31:47,48.27,1006.96,0.00,132.43,22.26
840084407,2026-08-15 06:46:47,48.51,1006.94,0.00,130.64,22.24
840085307,2026-08-15 07:01:47,48.24,1007.10,0.00,129.07,22.44
840086207,2026-08-15 07:16:47,48.59,1007.12,0.00,129.59,22.52
840087107,2026-08-15 07:31:47,49.36,1007.26,0.00,128.72,22.51
840088007,2026-08-15 07:46:47,50.14,1007.22,0.00,128.72,22.52
840088907,2026-08-15 08:01:47,50.93,1007.22,0.00,128.72,22.59
840089807,2026-08-15 08:16:47,50.96,1007.35,0.00,126.86,22.82
840090707,2026-08-15 08:31:47,50.67,1007.38,0.00,126.20,23.32
840091607,2026-08-15 08:46:47,49.74,1007.36,0.00,127.03,23.67
840092507,2026-08-15 09:01:47,50.49,1007.76,0.00,126.86,23.54
840093407,2026-08-15 09:16:47,51.39,1007.95,0.00,127.70,23.49
840094307,2026-08-15 09:31:47,50.82,1007.93,0.00,126.69,23.96
840095207,2026-08-15 09:46:47,51.71,1008.10,0.00,127.20,23.50
840096107,2026-08-15 10:01:47,52.18,1008.23,0.00,127.53,23.56
840097007,2026-08-15 10:16:47,50.14,1008.25,0.00,125.54,24.07
840097907,2026-08-15 10:31:47,47.70,1009.04,0.00,126.20,24.02
840098807,2026-08-15 10:46:47,49.53,1009.31,0.00,128.21,23.71
840099707,2026-08-15 11:01:47,44.67,1008.92,0.00,127.03,24.16
840100607,2026-08-15 11:16:47,46.27,1008.30,0.00,126.36,24.17
840101507,2026-08-15 11:31:47,48.20,1007.91,0.00,127.87,23.98
840102407,2026-08-15 11:46:47,47.38,1008.04,0.00,126.03,24.03
840103307,2026-08-15 12:01:47,46.74,1008.06,0.00,126.03,24.45
840104207,2026-08-15 12:16:47,45.43,1008.17,0.00,124.09,25.03
840105107,2026-08-15 12:31:47,44.58,1008.04,0.00,124.41,25.40
840106007,2026-08-15 12:46:47,42.93,1008.38,0.00,121.01,26.23
840106907,2026-08-15 13:01:47,43.64,1008.32,0.00,123.46,25.98
840107807,2026-08-15 13:16:47,42.19,1008.00,0.00,121.61,26.64
840108707,2026-08-15 13:31:47,41.40,1007.90,0.00,119.53,27.22
840109607,2026-08-15 13:46:47,40.65,1007.91,0.00,121.91,27.40
840110507,2026-08-15 14:01:47,41.78,1007.99,0.00,121.91,26.91
840111407,2026-08-15 14:16:47,41.94,1008.19,0.00,122.53,26.89
840112307,2026-08-15 14:31:47,41.89,1008.39,0.00,123.62,26.98
840113207,2026-08-15 14:46:47,43.42,1008.24,0.00,123.46,26.67
840114107,2026-08-15 15:01:47,43.80,1008.38,0.00,124.25,26.26
840115007,2026-08-15 15:16:47,49.62,1008.59,0.00,125.54,25.67
840115907,2026-08-15 15:31:47,50.79,1007.91,0.00,126.53,25.68
840116807,2026-08-15 15:46:47,52.56,1008.12,0.00,125.06,25.75
840117707,2026-08-15 16:01:47,53.29,1008.57,0.00,125.54,25.66
840118607,2026-08-15 16:16:47,55.02,1008.90,0.00,126.03,25.39
840119507,2026-08-15 16:31:47,60.84,1009.25,0.00,125.71,25.13
840120407,2026-08-15 16:46:47,62.94,1009.19,0.00,127.03,24.95
840121307,2026-08-15 17:01:47,64.29,1009.35,0.00,124.25,24.69
840122207,2026-08-15 17:16:47,65.09,1009.26,0.00,126.53,24.62
840123107,2026-08-15 17:31:47,63.73,1008.91,0.00,128.21,24.54
840124007,2026-08-15 17:46:47,67.40,1008.05,0.00,127.03,23.77
840124907,2026-08-15 18:01:47,68.79,1007.79,0.00,119.38,23.34
840125807,2026-08-15 18:16:47,71.92,1007.72,0.00,120.26,22.63
840126707,2026-08-15 18:31:47,72.24,1007.09,0.00,124.41,22.20
840127607,2026-08-15 18:46:47,71.47,1007.13,0.00,125.87,22.31
840128507,2026-08-15 19:01:47,71.50,1007.47,0.00,125.22,22.23
840129407,2026-08-15 19:16:47,72.02,1007.88,0.00,124.41,22.42
840130307,2026-08-15 19:31:47,71.18,1008.09,0.00,123.78,22.69
840131207,2026-08-15 19:46:47,70.88,1007.99,0.00,124.57,22.90
840132107,2026-08-15 20:01:47,70.23,1008.06,0.00,121.91,22.96
840133007,2026-08-15 20:16:47,70.82,1008.19,0.00,123.78,22.85
840133907,2026-08-15 20:31:47,71.17,1008.41,0.00,123.78,22.80
840134807,2026-08-15 20:46:47,72.09,1008.39,0.00,123.46,22.57
840135707,2026-08-15 21:01:47,74.03,1008.50,0.00,124.41,22.20
840136607,2026-08-15 21:16:47,74.74,1008.52,0.00,123.46,22.14
840137507,2026-08-15 21:31:47,75.51,1008.81,0.00,123.46,21.81
840138407,2026-08-15 21:46:47,76.80,1008.91,0.00,123.46,21.18
840139307,2026-08-15 22:01:47,75.68,1009.07,0.00,123.46,21.12
840140207,2026-08-15 22:16:47,73.81,1009.22,0.00,123.46,20.80
840141107,2026-08-15 22:31:47,70.80,1009.31,0.00,124.25,20.70
840142007,2026-08-15 22:46:47,68.07,1009.50,0.00,124.57,20.78
840142907,2026-08-15 23:01:47,66.48,1009.67,0.00,123.94,20.72
840143807,2026-08-15 23:16:47,66.42,1009.82,0.00,124.09,20.58
840144707,2026-08-15 23:31:47,65.26,1009.90,0.00,123.62,20.70
840145607,2026-08-15 23:46:47,63.91,1010.01,0.00,123.46,20.71
840146507,2026-08-16 00:01:47,63.94,1010.06,0.00,123.62,20.56
840147407,2026-08-16 00:16:47,64.72,1010.24,0.00,123.46,20.30
840148307,2026-08-16 00:31:47,67.46,1010.29,0.00,124.25,19.97
840149207,2026-08-16 00:46:47,68.35,1010.20,0.00,123.62,19.77
840150107,2026-08-16 01:01:47,70.14,1010.26,0.00,123.46,19.60
840151007,2026-08-16 01:16:47,69.79,1010.31,0.00,123.62,19.43
840151907,2026-08-16 01:31:47,67.59,1010.31,0.00,123.62,19.19
840152807,2026-08-16 01:46:47,64.77,1010.33,0.00,124.09,19.34
840153707,2026-08-16 02:01:47,63.56,1010.26,0.00,124.89,19.31
840154607,2026-08-16 02:16:47,63.46,1010.27,0.00,124.25,19.20
840155507,2026-08-16 02:31:47,63.22,1010.13,0.00,124.25,19.26
840156407,2026-08-16 02:46:47,63.15,1009.96,0.00,122.68,19.36
840157307,2026-08-16 03:01:47,63.37,1009.94,0.00,123.46,19.40
840158207,2026-08-16 03:16:47,64.15,1010.00,0.00,123.78,19.30
840159107,2026-08-16 03:31:47,65.40,1010.14,0.00,123.62,19.00
840160007,2026-08-16 03:46:47,66.40,1010.05,0.00,123.31,18.71
840160907,2026-08-16 04:01:47,66.80,1010.03,0.00,123.62,18.58
840161807,2026-08-16 04:16:47,66.86,1009.94,0.00,123.78,18.52
840162707,2026-08-16 04:31:47,66.85,1010.01,0.00,123.94,18.55
840163607,2026-08-16 04:46:47,67.32,1010.20,0.00,123.46,18.38
840164507,2026-08-16 05:01:47,67.43,1010.26,0.00,124.25,18.28
840165407,2026-08-16 05:16:47,67.73,1010.31,0.00,124.25,18.18
840166307,2026-08-16 05:31:47,68.99,1010.30,0.00,123.46,17.75
840167207,2026-08-16 05:46:47,69.85,1010.18,0.00,123.46,17.55
840168107,2026-08-16 06:01:47,68.45,1010.18,0.00,123.46,17.93
840169007,2026-08-16 06:16:47,68.70,1010.22,0.00,123.15,17.94
840169907,2026-08-16 06:31:47,67.80,1010.14,0.00,123.46,18.19
840170807,2026-08-16 06:46:47,68.01,1010.13,0.00,123.46,18.19
840171707,2026-08-16 07:01:47,68.91,1010.24,0.00,123.15,17.82
840172607,2026-08-16 07:16:47,69.58,1010.24,0.00,123.15,17.67
840173507,2026-08-16 07:31:47,69.01,1010.19,0.00,122.53,17.91
840174407,2026-08-16 07:46:47,68.72,1010.22,0.00,122.37,18.02
840175307,2026-08-16 08:01:47,68.44,1010.43,0.00,122.53,18.14
840176207,2026-08-16 08:16:47,69.21,1010.57,0.00,122.07,17.91
840177107,2026-08-16 08:31:47,69.59,1010.55,0.00,120.86,17.99
840178007,2026-08-16 08:46:47,68.50,1010.71,0.00,120.41,18.42
840178907,2026-08-16 09:01:47,67.30,1010.68,0.00,118.81,18.92
840179807,2026-08-16 09:16:47,63.78,1010.66,0.00,118.95,19.45
840180707,2026-08-16 09:31:47,63.02,1010.52,0.00,118.66,19.46
840181607,2026-08-16 09:46:47,60.19,1010.53,0.00,117.39,20.00
840182507,2026-08-16 10:01:47,58.91,1010.43,0.00,116.43,20.50
840183407,2026-08-16 10:16:47,57.84,1010.37,0.00,115.75,20.97
840184307,2026-08-16 10:31:47,56.62,1010.41,0.00,115.62,21.30
840185207,2026-08-16 10:46:47,53.46,1010.37,0.00,115.48,21.65
840186107,2026-08-16 11:01:47,52.45,1010.44,0.00,114.30,22.15
840187007,2026-08-16 11:16:47,50.52,1010.37,0.00,117.11,22.50
840187907,2026-08-16 11:31:47,49.14,1010.24,0.00,112.89,23.05
840188807,2026-08-16 11:46:47,48.33,1010.22,0.00,112.27,23.75
840189707,2026-08-16 12:01:47,35.58,1009.96,0.00,114.30,29.18
840190607,2026-08-16 12:16:47,41.68,1009.98,0.00,114.30,25.62
840191507,2026-08-16 12:31:47,45.60,1010.03,0.00,115.08,25.99
840192407,2026-08-16 12:46:47,42.18,1009.96,0.00,117.25,25.85
840193307,2026-08-16 13:01:47,42.48,1009.94,0.00,118.24,25.66
840194207,2026-08-16 13:16:47,41.69,1009.79,0.00,117.11,26.20
840195107,2026-08-16 13:31:47,40.52,1009.72,0.00,117.11,26.61
840196007,2026-08-16 13:46:47,40.74,1009.67,0.00,116.98,26.78
840196907,2026-08-16 14:01:47,40.95,1009.69,0.00,118.09,26.61
840197807,2026-08-16 14:16:47,41.89,1009.53,0.00,118.66,26.37
840198707,2026-08-16 14:31:47,44.38,1009.37,0.00,120.86,25.30
840199607,2026-08-16 14:46:47,44.71,1009.21,0.00,119.97,25.27
840200507,2026-08-16 15:01:47,42.35,1009.13,0.00,118.09,26.05
840201407,2026-08-16 15:16:47,42.34,1009.18,0.00,116.02,26.13
840202307,2026-08-16 15:31:47,42.13,1009.12,0.00,117.39,26.07
840203207,2026-08-16 15:46:47,42.18,1009.17,0.00,116.70,26.07
840204107,2026-08-16 16:01:47,41.34,1009.04,0.00,116.56,26.22
840205007,2026-08-16 16:16:47,41.46,1008.98,0.00,116.29,25.99
840205907,2026-08-16 16:31:47,41.28,1009.07,0.00,118.66,25.75
840206807,2026-08-16 16:46:47,41.27,1009.01,0.00,119.67,25.66
840207707,2026-08-16 17:01:47,41.19,1008.78,0.00,119.09,25.55
840208607,2026-08-16 17:16:47,40.61,1008.67,0.00,118.95,25.52
840209507,2026-08-16 17:31:47,41.50,1008.59,0.00,118.81,25.25
840210407,2026-08-16 17:46:47,41.92,1008.63,0.00,119.97,24.99
840211307,2026-08-16 18:01:47,42.44,1008.44,0.00,119.09,24.93
840212207,2026-08-16 18:16:47,41.27,1008.16,0.00,120.12,24.92
840213107,2026-08-16 18:31:47,40.79,1008.36,0.00,119.09,24.59
840214007,2026-08-16 18:46:47,40.71,1008.38,0.00,119.09,24.34
840214907,2026-08-16 19:01:47,41.20,1008.38,0.00,118.81,24.31
840215807,2026-08-16 19:16:47,41.18,1008.48,0.00,118.24,24.06
840216707,2026-08-16 19:31:47,41.23,1008.70,0.00,119.24,24.10
840217607,2026-08-16 19:46:47,41.55,1008.08,0.00,118.09,24.10
840218507,2026-08-16 20:01:47,42.66,1008.10,0.00,119.38,23.62
840219407,2026-08-16 20:16:47,43.51,1008.23,0.00,118.52,23.43
840220307,2026-08-16 20:31:47,44.29,1008.48,0.00,118.52,23.23
840221207,2026-08-16 20:46:47,44.59,1008.54,0.00,118.66,23.11
840222107,2026-08-16 21:01:47,44.96,1008.45,0.00,120.71,22.88
840223007,2026-08-16 21:16:47,45.63,1008.43,0.00,119.97,22.47
840223907,2026-08-16 21:31:47,46.05,1008.30,0.00,119.24,22.36
840224807,2026-08-16 21:46:47,46.97,1008.37,0.00,118.66,22.11
840225707,2026-08-16 22:01:47,48.06,1008.62,0.00,118.66,21.81
840226607,2026-08-16 22:16:47,48.74,1008.58,0.00,118.66,21.60
840227507,2026-08-16 22:31:47,49.06,1008.69,0.00,118.66,21.50
840228407,2026-08-16 22:46:47,49.45,1008.68,0.00,118.66,21.41
840229307,2026-08-16 23:01:47,50.37,1008.71,0.00,118.52,21.02
840230207,2026-08-16 23:16:47,51.39,1008.77,0.00,118.52,20.72
840231107,2026-08-16 23:31:47,52.18,1008.70,0.00,118.66,20.57
840232007,2026-08-16 23:46:47,53.43,1008.77,0.00,118.24,20.32
840232907,2026-08-17 00:01:47,54.10,1008.63,0.00,117.95,20.31
840233807,2026-08-17 00:16:47,54.87,1008.49,0.00,118.52,20.15
840234707,2026-08-17 00:31:47,55.40,1008.42,0.00,118.66,20.06
840235607,2026-08-17 00:46:47,56.02,1008.40,0.00,118.38,19.86
840236507,2026-08-17 01:01:47,57.64,1008.45,0.00,117.39,19.52
840237407,2026-08-17 01:16:47,58.90,1008.47,0.00,117.25,19.26
840238307,2026-08-17 01:31:47,58.99,1008.23,0.00,116.98,19.45
840239207,2026-08-17 01:46:47,60.87,1008.13,0.00,116.70,19.04
840240107,2026-08-17 02:01:47,62.00,1008.32,0.00,117.25,18.75
840241007,2026-08-17 02:16:47,61.80,1008.53,0.00,116.84,18.91
840241907,2026-08-17 02:31:47,61.91,1008.24,0.00,116.84,18.90
840242807,2026-08-17 02:46:47,62.37,1008.19,0.00,116.43,18.78
840243707,2026-08-17 03:01:47,62.37,1008.19,0.00,116.43,18.69
840244607,2026-08-17 03:16:47,62.56,1008.13,0.00,116.43,18.67
840245507,2026-08-17 03:31:47,61.93,1007.99,0.00,116.43,18.78
840246407,2026-08-17 03:46:47,62.48,1007.82,0.00,117.11,18.63
840247307,2026-08-17 04:01:47,62.94,1007.83,0.00,114.04,18.46
840248207,2026-08-17 04:16:47,62.57,1007.80,0.00,116.56,18.51
840249107,2026-08-17 04:31:47,62.45,1007.76,0.00,116.43,18.56
840250007,2026-08-17 04:46:47,62.77,1007.60,0.00,115.62,18.58
840250907,2026-08-17 05:01:47,63.41,1007.29,0.00,115.48,18.47
840251807,2026-08-17 05:16:47,64.86,1007.22,0.00,115.48,18.16
840252707,2026-08-17 05:31:47,64.22,1007.24,0.00,115.22,18.37
840253607,2026-08-17 05:46:47,64.59,1007.11,0.00,115.48,18.28
840254507,2026-08-17 06:01:47,64.41,1007.22,0.00,115.08,18.33
840255407,2026-08-17 06:16:47,64.34,1007.19,0.00,114.82,18.34
840256307,2026-08-17 06:31:47,64.71,1007.28,0.00,114.69,18.30
840257207,2026-08-17 06:46:47,64.81,1007.47,0.00,114.43,18.26
840258107,2026-08-17 07:01:47,64.93,1007.57,0.00,114.43,18.31
840259007,2026-08-17 07:16:47,64.86,1007.57,0.00,114.43,18.39
840259907,2026-08-17 07:31:47,67.27,1007.62,0.00,114.17,18.31
840260807,2026-08-17 07:46:47,67.97,1007.65,0.00,113.78,18.17
840261707,2026-08-17 08:01:47,68.15,1007.70,0.00,113.65,18.14
840262607,2026-08-17 08:16:47,69.73,1007.81,0.00,108.51,17.87
840263507,2026-08-17 08:31:47,71.63,1007.76,0.00,96.99,17.62
840264407,2026-08-17 08:46:47,72.35,1007.76,0.00,101.57,17.47
840265307,2026-08-17 09:01:47,72.27,1007.76,0.00,96.50,17.67
840266207,2026-08-17 09:16:47,71.44,1007.86,0.00,102.28,17.82
840267107,2026-08-17 09:31:47,74.04,1007.77,0.00,106.88,17.09
840268007,2026-08-17 09:46:47,73.56,1007.71,0.00,108.51,17.43
840268907,2026-08-17 10:01:47,72.12,1007.70,0.00,109.53,17.80
840269807,2026-08-17 10:16:47,72.07,1007.78,0.00,108.74,17.85
840270707,2026-08-17 10:31:47,71.98,1007.90,0.00,108.74,17.89
840271607,2026-08-17 10:46:47,71.69,1007.93,0.00,108.74,18.15
840272507,2026-08-17 11:01:47,72.39,1007.98,0.00,109.99,18.02
840273407,2026-08-17 11:16:47,73.08,1008.08,0.00,112.39,17.87
840274307,2026-08-17 11:31:47,73.70,1008.25,0.00,112.39,17.62
840275207,2026-08-17 11:46:47,74.56,1008.36,0.00,112.52,17.49
840276107,2026-08-17 12:01:47,76.27,1008.30,0.00,112.52,17.18
840277007,2026-08-17 12:16:47,77.41,1008.37,0.00,112.64,16.86
840277907,2026-08-17 12:31:47,75.25,1008.40,0.00,112.89,17.03
840278807,2026-08-17 12:46:47,73.69,1008.36,0.00,110.70,18.04
840279707,2026-08-17 13:01:47,71.32,1008.19,0.00,111.42,18.51
840280607,2026-08-17 13:16:47,71.54,1008.16,0.00,111.78,18.35
840281507,2026-08-17 13:31:47,67.79,1008.07,0.00,107.96,19.31
840282407,2026-08-17 13:46:47,68.54,1008.03,0.00,110.46,18.85
840283307,2026-08-17 14:01:47,67.89,1008.11,0.00,110.34,18.83
840284207,2026-08-17 14:16:47,67.87,1008.12,0.00,110.58,18.69
840285107,2026-08-17 14:31:47,66.65,1008.07,0.00,112.27,19.08
840286007,2026-08-17 14:46:47,63.51,1008.01,0.00,111.05,19.58
840286907,2026-08-17 15:01:47,64.67,1008.17,0.00,112.64,19.50
840287807,2026-08-17 15:16:47,63.44,1008.12,0.00,112.64,19.61
840288707,2026-08-17 15:31:47,65.48,1008.22,0.00,113.65,19.21
840289607,2026-08-17 15:46:47,65.39,1008.22,0.00,112.89,19.30
840290507,2026-08-17 16:01:47,61.37,1008.14,0.00,112.02,19.85
840291407,2026-08-17 16:16:47,62.39,1008.10,0.00,112.02,19.67
840292307,2026-08-17 16:31:47,62.42,1007.94,0.00,112.52,19.82
840293207,2026-08-17 16:46:47,62.49,1008.04,0.00,112.77,19.62
840294107,2026-08-17 17:01:47,63.53,1008.16,0.00,113.40,19.23
840295007,2026-08-17 17:16:47,63.78,1008.20,0.00,113.40,19.16
840295907,2026-08-17 17:31:47,64.16,1008.30,0.00,113.02,19.10
840296807,2026-08-17 17:46:47,65.13,1008.15,0.00,112.64,19.11
840297707,2026-08-17 18:01:47,64.68,1008.11,0.00,112.64,19.27
840298607,2026-08-17 18:16:47,63.27,1008.14,0.00,112.39,19.17
840299507,2026-08-17 18:31:47,61.82,1008.10,0.00,113.02,19.10
840300407,2026-08-17 18:46:47,61.06,1008.14,0.00,113.02,18.93
840301307,2026-08-17 19:01:47,60.17,1008.08,0.00,112.39,18.82
840302207,2026-08-17 19:16:47,60.74,1008.09,0.00,112.89,18.68
840303107,2026-08-17 19:31:47,62.38,1008.16,0.00,113.53,18.59
840304007,2026-08-17 19:46:47,62.55,1008.14,0.00,113.40,18.41
840304907,2026-08-17 20:01:47,62.41,1008.15,0.00,113.02,18.22
840305807,2026-08-17 20:16:47,63.41,1008.09,0.00,113.53,18.21
840306707,2026-08-17 20:31:47,65.08,1008.17,0.00,112.64,18.23
840307607,2026-08-17 20:46:47,67.01,1008.26,0.00,112.89,18.17
840308507,2026-08-17 21:01:47,67.28,1008.28,0.00,113.40,18.10
840309407,2026-08-17 21:16:47,67.36,1008.26,0.00,112.39,18.19
840310307,2026-08-17 21:31:47,67.58,1008.22,0.00,111.66,18.24
840311207,2026-08-17 21:46:47,67.17,1008.38,0.00,112.52,18.36
840312107,2026-08-17 22:01:47,67.03,1008.29,0.00,112.64,18.37
840313007,2026-08-17 22:16:47,67.28,1008.22,0.00,112.15,18.28
840313907,2026-08-17 22:31:47,67.55,1008.22,0.00,112.39,18.33
840314807,2026-08-17 22:46:47,67.57,1008.14,0.00,112.52,18.26
840315707,2026-08-17 23:01:47,67.50,1008.23,0.00,111.90,18.25
840316607,2026-08-17 23:16:47,67.23,1008.24,0.00,111.54,18.25
840317507,2026-08-17 23:31:47,67.31,1008.27,0.00,111.66,18.22
840318407,2026-08-17 23:46:47,67.20,1008.25,0.00,112.02,18.24
840319307,2026-08-18 00:01:47,67.30,1008.16,0.00,111.78,18.16
840320207,2026-08-18 00:16:47,67.40,1008.13,0.00,111.54,18.14
840321107,2026-08-18 00:31:47,67.62,1008.33,0.00,111.17,18.06
840322007,2026-08-18 00:46:47,67.79,1008.07,0.00,111.78,18.01
840322907,2026-08-18 01:01:47,68.26,1007.91,0.00,111.05,17.93
840323807,2026-08-18 01:16:47,68.21,1007.68,0.00,110.82,17.89
840324707,2026-08-18 01:31:47,68.50,1007.85,0.00,110.58,17.84
840325607,2026-08-18 01:46:47,68.59,1007.87,0.00,110.82,17.79
840326507,2026-08-18 02:01:47,67.87,1007.72,0.00,110.82,17.78
840327407,2026-08-18 02:16:47,68.04,1007.82,0.00,110.70,17.75
840328307,2026-08-18 02:31:47,68.19,1007.40,0.00,110.82,17.65
840329207,2026-08-18 02:46:47,68.31,1007.28,0.00,112.15,17.56
840330107,2026-08-18 03:01:47,68.35,1007.33,0.00,110.94,17.55
840331007,2026-08-18 03:16:47,68.15,1007.24,0.00,110.82,17.52
840331907,2026-08-18 03:31:47,68.99,1007.18,0.00,111.42,17.44
840332807,2026-08-18 03:46:47,68.73,1006.95,0.00,110.94,17.36
840333707,2026-08-18 04:01:47,69.42,1006.77,0.00,110.94,17.27
840334607,2026-08-18 04:16:47,69.52,1006.45,0.00,110.94,17.22
840335507,2026-08-18 04:31:47,70.11,1006.62,0.00,111.17,17.18
840336407,2026-08-18 04:46:47,70.35,1006.61,0.00,110.34,17.12
840337307,2026-08-18 05:01:47,70.41,1006.35,0.00,110.34,17.09
840338207,2026-08-18 05:16:47,70.45,1006.06,0.00,110.34,17.03
840339107,2026-08-18 05:31:47,70.67,1005.67,0.00,110.34,16.99
840340007,2026-08-18 05:46:47,71.12,1005.72,0.00,110.34,16.94
840340907,2026-08-18 06:01:47,71.41,1005.46,0.00,110.11,16.84
840341807,2026-08-18 06:16:47,71.94,1005.59,0.00,110.58,16.75
840342707,2026-08-18 06:31:47,72.44,1005.72,0.00,110.34,16.78
840343607,2026-08-18 06:46:47,72.58,1005.43,0.00,110.46,16.75
840344507,2026-08-18 07:01:47,73.54,1004.99,0.00,111.66,16.70
840345407,2026-08-18 07:16:47,74.59,1005.14,0.00,107.31,16.61
840346307,2026-08-18 07:31:47,75.20,1005.08,0.00,108.51,16.50
840347207,2026-08-18 07:46:47,76.22,1005.17,0.00,109.19,16.42
840348107,2026-08-18 08:01:47,76.19,1004.99,0.00,109.76,16.53
840349007,2026-08-18 08:16:47,75.95,1004.71,0.00,107.96,16.66
840349907,2026-08-18 08:31:47,75.75,1004.59,0.00,108.40,16.63
840350807,2026-08-18 08:46:47,76.32,1004.79,0.00,108.51,16.62
840351707,2026-08-18 09:01:47,76.25,1004.41,0.00,98.92,16.65
840352607,2026-08-18 09:16:47,77.02,1004.30,0.00,112.64,16.64
840353507,2026-08-18 09:31:47,77.61,1004.48,0.00,112.15,16.58
840354407,2026-08-18 09:46:47,77.92,1004.22,0.00,115.62,16.72
840355307,2026-08-18 10:01:47,80.46,1003.98,0.00,123.46,16.35
840356207,2026-08-18 10:16:47,80.37,1003.74,0.00,137.72,16.52
840357107,2026-08-18 10:31:47,80.51,1003.62,0.00,141.53,16.58
840358007,2026-08-18 10:46:47,82.25,1003.48,0.00,142.15,16.39
840358907,2026-08-18 11:01:47,82.48,1003.26,0.00,143.61,16.51
840359807,2026-08-18 11:16:47,82.53,1003.15,0.00,147.05,16.57
840360707,2026-08-18 11:31:47,81.89,1002.91,0.00,147.27,16.69
840361607,2026-08-18 11:46:47,81.88,1002.85,0.00,149.50,16.75
840362507,2026-08-18 12:01:47,81.48,1002.77,0.00,150.17,16.77
840363407,2026-08-18 12:16:47,81.26,1002.49,0.00,147.49,16.73
840364307,2026-08-18 12:31:47,81.48,1002.46,0.00,141.74,16.75
840365207,2026-08-18 12:46:47,82.23,1002.34,0.00,146.83,16.88
840366107,2026-08-18 13:01:47,82.06,1001.91,0.00,153.41,16.91
840367007,2026-08-18 13:16:47,82.86,1001.76,0.00,156.50,16.87
840367907,2026-08-18 13:31:47,83.27,1001.79,0.00,156.99,16.89
840368807,2026-08-18 13:46:47,84.17,1001.83,0.00,157.23,16.83
840369707,2026-08-18 14:01:47,84.48,1001.64,0.00,157.97,17.03
840370607,2026-08-18 14:16:47,85.82,1001.66,0.00,155.54,17.41
840371507,2026-08-18 14:31:47,85.92,1001.53,0.00,158.46,17.69
840372407,2026-08-18 14:46:47,87.04,1001.40,0.00,156.99,17.59
840373307,2026-08-18 15:01:47,87.60,1001.40,0.00,157.48,17.76
840374207,2026-08-18 15:16:47,88.80,1001.41,0.00,156.99,17.77
840375107,2026-08-18 15:31:47,89.53,1001.66,0.00,147.49,17.79
840376007,2026-08-18 15:46:47,89.52,1001.69,0.00,157.23,17.87
840376907,2026-08-18 16:01:47,89.14,1001.56,0.00,156.26,18.08
840377807,2026-08-18 16:16:47,88.85,1001.62,0.00,157.97,17.93
840378707,2026-08-18 16:31:47,87.60,1001.52,0.00,156.75,17.82
840379607,2026-08-18 16:46:47,88.08,1001.66,0.00,156.26,17.87
840380507,2026-08-18 17:01:47,88.09,1001.60,0.00,154.82,17.94
840381407,2026-08-18 17:16:47,87.13,1001.61,0.00,154.82,17.98
840382307,2026-08-18 17:31:47,86.75,1001.55,0.00,153.64,18.19
840383207,2026-08-18 17:46:47,85.12,1001.52,0.00,153.17,18.29
840384107,2026-08-18 18:01:47,83.96,1001.48,0.00,153.41,18.44
840385007,2026-08-18 18:16:47,84.48,1001.62,0.00,153.88,18.49
840385907,2026-08-18 18:31:47,83.56,1001.42,0.00,151.09,18.54
840386807,2026-08-18 18:46:47,82.79,1001.37,0.00,148.15,18.67
840387707,2026-08-18 19:01:47,81.23,1001.47,0.00,147.49,18.75
840388607,2026-08-18 19:16:47,80.76,1001.36,0.00,116.29,18.74
840389507,2026-08-18 19:31:47,81.23,1001.38,0.00,150.63,18.68
840390407,2026-08-18 19:46:47,81.51,1001.36,0.00,159.20,18.61
840391307,2026-08-18 20:01:47,81.59,1001.58,0.00,158.95,18.57
840392207,2026-08-18 20:16:47,82.57,1001.53,0.00,157.97,18.52
840393107,2026-08-18 20:31:47,83.72,1001.74,0.00,159.20,18.45
840394007,2026-08-18 20:46:47,84.38,1001.93,0.00,159.20,18.39
840394907,2026-08-18 21:01:47,81.61,1002.00,0.00,158.71,18.30
840395807,2026-08-18 21:16:47,80.67,1002.23,0.00,158.21,18.20
840396707,2026-08-18 21:31:47,80.84,1002.42,0.00,158.95,18.15
840397607,2026-08-18 21:46:47,80.96,1002.48,0.00,159.45,18.10
840398507,2026-08-18 22:01:47,81.37,1002.56,0.00,159.95,18.05
840399407,2026-08-18 22:16:47,81.57,1002.57,0.00,158.46,18.03
840400307,2026-08-18 22:31:47,81.56,1002.49,0.00,158.95,17.99
840401207,2026-08-18 22:46:47,81.47,1002.32,0.00,159.20,17.98
840402107,2026-08-18 23:01:47,81.96,1002.42,0.00,159.20,17.96
840403007,2026-08-18 23:16:47,83.12,1002.62,0.00,159.95,17.88
840403907,2026-08-18 23:31:47,84.07,1002.49,0.00,159.20,17.89
840404807,2026-08-18 23:46:47,84.75,1002.45,0.00,159.20,17.93
840405707,2026-08-19 00:01:47,84.92,1002.50,0.00,161.21,17.96
840406607,2026-08-19 00:16:47,85.22,1002.43,0.00,162.22,17.96
840407507,2026-08-19 00:31:47,84.86,1002.50,0.00,159.45,18.03
840408407,2026-08-19 00:46:47,85.36,1002.45,0.00,160.20,18.03
840409307,2026-08-19 01:01:47,85.71,1002.68,0.00,161.97,17.95
840410207,2026-08-19 01:16:47,85.88,1002.62,0.00,161.97,17.93
840411107,2026-08-19 01:31:47,86.50,1002.39,0.00,162.48,17.94
840412007,2026-08-19 01:46:47,86.72,1002.38,0.00,162.48,17.95
840412907,2026-08-19 02:01:47,86.89,1002.31,0.00,162.48,17.94
840413807,2026-08-19 02:16:47,87.35,1002.03,0.00,162.74,17.88
840414707,2026-08-19 02:31:47,86.96,1002.01,0.00,165.07,17.92
840415607,2026-08-19 02:46:47,87.38,1001.81,0.00,163.25,17.87
840416507,2026-08-19 03:01:47,87.09,1001.51,0.00,162.74,17.90
840417407,2026-08-19 03:16:47,88.09,1001.37,0.00,160.20,17.75
840418307,2026-08-19 03:31:47,88.29,1001.33,0.00,162.74,17.73
840419207,2026-08-19 03:46:47,88.32,1001.21,0.00,163.25,17.69
840420107,2026-08-19 04:01:47,88.33,1001.14,0.00,163.51,17.73
840421007,2026-08-19 04:16:47,88.15,1000.74,0.00,165.07,17.75
840421907,2026-08-19 04:31:47,88.18,1000.90,0.00,165.59,17.80
840422807,2026-08-19 04:46:47,87.88,1000.77,0.00,166.65,17.89
840423707,2026-08-19 05:01:47,88.31,1000.63,0.00,166.65,17.84
840424607,2026-08-19 05:16:47,89.11,1000.72,0.00,163.51,17.77
840425507,2026-08-19 05:31:47,89.23,1000.55,0.00,164.03,17.80
840426407,2026-08-19 05:46:47,89.07,1000.46,0.00,163.77,17.85
840427307,2026-08-19 06:01:47,88.61,1000.28,0.00,163.25,17.92
840428207,2026-08-19 06:16:47,88.90,1000.37,0.00,164.55,17.88
840429107,2026-08-19 06:31:47,88.67,999.91,0.00,162.74,17.92
840430007,2026-08-19 06:46:47,88.32,999.82,0.00,162.74,17.97
840430907,2026-08-19 07:01:47,87.99,999.81,0.00,164.03,17.98
840431807,2026-08-19 07:16:47,87.88,999.69,0.00,163.51,18.02
840432707,2026-08-19 07:31:47,87.64,999.58,0.00,165.07,18.06
840433607,2026-08-19 07:46:47,87.94,999.53,0.00,165.59,18.04
840434507,2026-08-19 08:01:47,88.74,999.52,0.00,164.03,17.95
840435407,2026-08-19 08:16:47,87.99,999.56,0.00,164.55,17.94
840436307,2026-08-19 08:31:47,87.17,999.48,0.00,164.55,18.06
840437207,2026-08-19 08:46:47,86.77,999.56,0.00,164.29,18.06
840438107,2026-08-19 09:01:47,87.89,999.24,0.00,162.74,17.93
840439007,2026-08-19 09:16:47,88.39,999.17,0.00,150.40,17.93
840439907,2026-08-19 09:31:47,88.64,998.91,0.00,156.02,17.99
840440807,2026-08-19 09:46:47,89.04,998.79,0.00,156.99,18.11
840441707,2026-08-19 10:01:47,89.99,998.77,0.00,156.02,18.05
840442607,2026-08-19 10:16:47,90.26,998.77,0.00,155.06,18.05
840443507,2026-08-19 10:31:47,89.70,998.60,0.00,158.21,18.05
840444407,2026-08-19 10:46:47,88.40,998.86,0.00,158.71,18.25
840445307,2026-08-19 11:01:47,87.66,998.53,0.00,80.30,18.35
840446207,2026-08-19 11:16:47,86.33,998.79,0.00,80.72,18.24
840447107,2026-08-19 11:31:47,85.98,998.72,0.00,89.94,18.28
840448007,2026-08-19 11:46:47,86.62,998.88,0.00,88.10,18.15
840448907,2026-08-19 12:01:47,86.11,998.69,0.00,87.64,17.91
840449807,2026-08-19 12:16:47,85.93,998.68,0.00,88.13,17.87
840450707,2026-08-19 12:31:47,88.03,998.71,0.00,83.59,18.00
840451607,2026-08-19 12:46:47,87.26,998.44,0.00,82.56,18.21
840452507,2026-08-19 13:01:47,87.04,998.58,0.00,83.11,18.38
840453407,2026-08-19 13:16:47,84.30,998.42,0.00,82.15,18.60
840454307,2026-08-19 13:31:47,82.28,998.40,0.00,83.13,18.91
840455207,2026-08-19 13:46:47,82.23,998.46,0.00,84.33,19.03
840456107,2026-08-19 14:01:47,80.92,998.46,0.00,83.51,18.98
840457007,2026-08-19 14:16:47,73.09,998.58,0.00,99.88,18.50
840457907,2026-08-19 14:31:47,77.83,998.49,0.00,102.55,17.61
840458807,2026-08-19 14:46:47,78.08,998.55,0.00,119.97,17.48
840459707,2026-08-19 15:01:47,78.98,998.63,0.00,117.67,17.50
840460607,2026-08-19 15:16:47,78.32,998.81,0.00,120.71,17.54
840461507,2026-08-19 15:31:47,78.18,998.90,0.00,117.81,17.65
840462407,2026-08-19 15:46:47,78.10,998.97,0.00,123.46,17.70
840463307,2026-08-19 16:01:47,78.58,999.03,0.00,125.54,17.73
840464207,2026-08-19 16:16:47,78.86,998.63,0.00,82.80,17.71
840465107,2026-08-19 16:31:47,78.77,998.00,0.00,89.30,17.91
840466007,2026-08-19 16:46:47,76.68,997.99,0.00,90.81,18.04
840466907,2026-08-19 17:01:47,76.17,997.73,0.00,91.71,18.08
840467807,2026-08-19 17:16:47,76.66,997.96,0.00,92.06,17.89
840468707,2026-08-19 17:31:47,77.32,997.87,0.00,90.63,17.86
840469607,2026-08-19 17:46:47,78.67,997.61,0.00,91.13,17.91
840470507,2026-08-19 18:01:47,79.05,997.98,0.00,92.26,17.85
840471407,2026-08-19 18:16:47,78.82,997.69,0.00,92.31,17.77
840472307,2026-08-19 18:31:47,79.59,997.54,0.00,93.50,17.59
840473207,2026-08-19 18:46:47,80.82,997.55,0.00,95.70,17.36
840474107,2026-08-19 19:01:47,81.55,997.09,0.00,96.71,17.17
840475007,2026-08-19 19:16:47,81.98,997.02,0.00,101.31,17.16
840475907,2026-08-19 19:31:47,81.52,996.72,0.00,102.01,17.21
840476807,2026-08-19 19:46:47,81.93,996.81,0.00,101.22,17.04
840477707,2026-08-19 20:01:47,82.76,997.18,0.00,100.62,16.87
840478607,2026-08-19 20:16:47,83.26,996.94,0.00,100.71,16.70
840479507,2026-08-19 20:31:47,83.39,996.93,0.00,100.88,16.76
840480407,2026-08-19 20:46:47,83.14,997.01,0.00,99.71,16.77
840481307,2026-08-19 21:01:47,83.25,997.14,0.00,102.01,16.84
840482207,2026-08-19 21:16:47,83.21,997.29,0.00,102.01,16.89
840483107,2026-08-19 21:31:47,83.14,997.34,0.00,101.92,16.92
840484007,2026-08-19 21:46:47,82.84,997.28,0.00,101.65,16.93
840484907,2026-08-19 22:01:47,82.61,997.31,0.00,101.48,16.90
840485807,2026-08-19 22:16:47,82.83,997.58,0.00,100.96,16.87
840486707,2026-08-19 22:31:47,82.85,997.65,0.00,99.96,16.81
840487607,2026-08-19 22:46:47,83.24,997.77,0.00,100.20,16.76
840488507,2026-08-19 23:01:47,83.48,997.92,0.00,100.12,16.75
840489407,2026-08-19 23:16:47,83.77,998.06,0.00,99.31,16.72
840490307,2026-08-19 23:31:47,83.76,998.06,0.00,99.71,16.76
840491207,2026-08-19 23:46:47,83.69,998.15,0.00,100.04,16.75
840492107,2026-08-20 00:01:47,83.91,998.20,0.00,100.79,16.66
840493007,2026-08-20 00:16:47,84.17,998.33,0.00,100.62,16.59
840493907,2026-08-20 00:31:47,83.86,998.47,0.00,99.31,16.56
840494807,2026-08-20 00:46:47,84.32,998.56,0.00,99.39,16.40
840495707,2026-08-20 01:01:47,84.17,998.63,0.00,99.63,16.46
840496607,2026-08-20 01:16:47,84.10,998.59,0.00,100.79,16.45
840497507,2026-08-20 01:31:47,83.96,998.50,0.00,101.31,16.36
840498407,2026-08-20 01:46:47,83.47,998.50,0.00,100.71,16.32
840499307,2026-08-20 02:01:47,83.39,998.59,0.00,101.13,16.20
840500207,2026-08-20 02:16:47,83.36,998.77,0.00,101.31,16.05
840501107,2026-08-20 02:31:47,83.89,998.70,0.00,101.13,15.94
840502007,2026-08-20 02:46:47,83.91,999.01,0.00,100.88,15.97
840502907,2026-08-20 03:01:47,83.62,998.98,0.00,100.79,16.17
840503807,2026-08-20 03:16:47,83.85,999.04,0.00,101.13,16.07
840504707,2026-08-20 03:31:47,84.64,998.96,0.00,100.96,16.01
840505607,2026-08-20 03:46:47,84.53,999.16,0.00,101.57,16.08
840506507,2026-08-20 04:01:47,84.22,999.25,0.00,101.31,16.15
840507407,2026-08-20 04:16:47,84.19,999.38,0.00,96.50,16.19
840508307,2026-08-20 04:31:47,83.85,999.71,0.00,101.48,16.14
840509207,2026-08-20 04:46:47,84.01,999.73,0.00,100.88,15.98
840510107,2026-08-20 05:01:47,84.13,999.75,0.00,101.83,15.88
840511007,2026-08-20 05:16:47,84.50,999.71,0.00,102.10,15.82
840511907,2026-08-20 05:31:47,84.74,999.67,0.00,102.10,15.81
840512807,2026-08-20 05:46:47,84.76,999.66,0.00,102.19,15.94
840513707,2026-08-20 06:01:47,85.30,999.75,0.00,102.10,15.82
840514607,2026-08-20 06:16:47,84.87,999.78,0.00,102.37,15.77
840515507,2026-08-20 06:31:47,84.19,999.58,0.00,100.12,15.62
840516407,2026-08-20 06:46:47,83.95,999.61,0.00,102.10,15.67
840517307,2026-08-20 07:01:47,84.56,999.55,0.00,101.39,15.67
840518207,2026-08-20 07:16:47,84.56,999.61,0.00,101.57,15.74
840519107,2026-08-20 07:31:47,84.30,999.62,0.00,101.13,15.66
840520007,2026-08-20 07:46:47,83.96,999.71,0.00,101.57,15.94
840520907,2026-08-20 08:01:47,84.93,999.84,0.00,101.05,15.88
840521807,2026-08-20 08:16:47,84.92,999.68,0.00,100.88,16.09
840522707,2026-08-20 08:31:47,85.48,999.77,0.00,100.88,16.16
840523607,2026-08-20 08:46:47,86.25,999.74,0.00,100.88,16.24
840524507,2026-08-20 09:01:47,85.21,999.91,0.00,100.79,16.70
840525407,2026-08-20 09:16:47,84.81,1000.01,0.00,100.71,16.57
840526307,2026-08-20 09:31:47,83.95,1000.04,0.00,100.45,16.86
840527207,2026-08-20 09:46:47,82.69,1000.04,0.00,99.16,17.02
840528107,2026-08-20 10:01:47,82.36,1000.15,0.00,99.39,17.44
840529007,2026-08-20 10:16:47,79.91,1000.27,0.00,99.88,17.59
840529907,2026-08-20 10:31:47,78.71,1000.40,0.00,99.55,17.75
840530807,2026-08-20 10:46:47,77.90,1000.42,0.00,99.47,17.73
840531707,2026-08-20 11:01:47,75.46,1000.41,0.00,98.16,18.80
840532607,2026-08-20 11:16:47,69.56,1000.36,0.00,98.61,19.36
840533507,2026-08-20 11:31:47,65.97,1000.36,0.00,98.08,19.77
840534407,2026-08-20 11:46:47,68.06,1000.38,0.00,98.38,19.24
840535307,2026-08-20 12:01:47,58.98,1000.34,0.00,98.23,21.85
840536207,2026-08-20 12:16:47,57.35,1000.23,0.00,96.57,21.73
840537107,2026-08-20 12:31:47,57.55,1000.25,0.00,95.90,21.79
840538007,2026-08-20 12:46:47,53.79,1000.14,0.00,95.50,21.50
840538907,2026-08-20 13:01:47,53.57,1000.09,0.00,95.57,22.07
840539807,2026-08-20 13:16:47,52.52,1000.30,0.00,96.10,22.03
840540707,2026-08-20 13:31:47,55.91,1000.31,0.00,97.64,20.84
840541607,2026-08-20 13:46:47,58.16,1000.38,0.00,96.78,20.50
840542507,2026-08-20 14:01:47,52.45,1000.19,0.00,94.81,21.64
840543407,2026-08-20 14:16:47,51.91,1000.03,0.00,94.08,22.32
840544307,2026-08-20 14:31:47,52.96,1000.10,0.00,96.23,21.63
840545207,2026-08-20 14:46:47,52.10,1000.22,0.00,95.57,21.36
840546107,2026-08-20 15:01:47,48.81,1000.09,0.00,94.62,22.17
840547007,2026-08-20 15:16:47,52.69,1000.29,0.00,94.87,21.78
840547907,2026-08-20 15:31:47,54.27,1000.15,0.00,95.44,21.68
840548807,2026-08-20 15:46:47,53.52,1000.12,0.00,95.18,21.49
840549707,2026-08-20 16:01:47,53.50,1000.16,0.00,94.26,21.65
840550607,2026-08-20 16:16:47,54.55,999.98,0.00,94.93,21.53
840551507,2026-08-20 16:31:47,54.67,999.94,0.00,94.68,21.80
840552407,2026-08-20 16:46:47,53.43,999.97,0.00,94.26,21.65
840553307,2026-08-20 17:01:47,51.72,999.94,0.00,94.75,21.43
840554207,2026-08-20 17:16:47,51.93,999.98,0.00,94.26,21.30
840555107,2026-08-20 17:31:47,51.98,999.91,0.00,94.26,21.47
840556007,2026-08-20 17:46:47,51.33,999.90,0.00,94.68,21.57
840556907,2026-08-20 18:01:47,51.74,999.77,0.00,93.96,21.35
840557807,2026-08-20 18:16:47,49.16,999.92,0.00,93.56,21.25
840558707,2026-08-20 18:31:47,54.78,1000.28,0.00,93.56,20.88
840559607,2026-08-20 18:46:47,59.72,1000.10,0.00,93.91,20.12
840560507,2026-08-20 19:01:47,61.54,1000.28,0.00,93.73,20.05
840561407,2026-08-20 19:16:47,64.28,1000.38,0.00,93.73,19.81
840562307,2026-08-20 19:31:47,59.93,1000.39,0.00,93.39,19.28
840563207,2026-08-20 19:46:47,63.79,1000.43,0.00,94.44,18.90
840564107,2026-08-20 20:01:47,67.54,1000.54,0.00,94.56,18.66
840565007,2026-08-20 20:16:47,67.72,1000.41,0.00,93.91,18.75
840565907,2026-08-20 20:31:47,68.22,1000.41,0.00,94.08,18.74
840566807,2026-08-20 20:46:47,68.50,1000.38,0.00,94.08,18.53
840567707,2026-08-20 21:01:47,70.59,1000.54,0.00,94.26,18.32
840568607,2026-08-20 21:16:47,70.79,1000.80,0.00,94.08,18.21
840569507,2026-08-20 21:31:47,70.50,1000.88,0.00,94.20,18.01
840570407,2026-08-20 21:46:47,70.60,1000.98,0.00,94.02,17.80
840571307,2026-08-20 22:01:47,70.91,1001.02,0.00,94.08,17.78
840572207,2026-08-20 22:16:47,70.91,1001.09,0.00,93.91,17.70
840573107,2026-08-20 22:31:47,70.59,1001.14,0.00,93.91,17.65
840574007,2026-08-20 22:46:47,70.03,1001.12,0.00,93.91,17.63
840574907,2026-08-20 23:01:47,69.33,1001.46,0.00,94.08,17.61
840575807,2026-08-20 23:16:47,67.96,1001.41,0.00,93.62,17.56
840576707,2026-08-20 23:31:47,67.67,1001.57,0.00,93.67,17.51
840577607,2026-08-20 23:46:47,67.40,1001.77,0.00,93.73,17.43
840578507,2026-08-21 00:01:47,68.00,1002.00,0.00,93.62,17.29
840579407,2026-08-21 00:16:47,70.22,1002.26,0.00,93.50,17.18
840580307,2026-08-21 00:31:47,69.50,1002.05,0.00,93.33,17.17
840581207,2026-08-21 00:46:47,69.63,1001.92,0.00,93.67,17.16
840582107,2026-08-21 01:01:47,68.32,1001.95,0.00,93.17,17.19
840583007,2026-08-21 01:16:47,68.96,1001.93,0.00,93.06,17.11
840583907,2026-08-21 01:31:47,68.81,1001.88,0.00,93.00,17.03
840584807,2026-08-21 01:46:47,68.81,1001.80,0.00,92.79,16.98
840585707,2026-08-21 02:01:47,69.43,1001.76,0.00,93.28,16.82
840586607,2026-08-21 02:16:47,70.15,1001.64,0.00,93.11,16.74
840587507,2026-08-21 02:31:47,70.95,1001.61,0.00,92.68,16.75
840588407,2026-08-21 02:46:47,72.34,1001.57,0.00,93.00,16.55
840589307,2026-08-21 03:01:47,73.09,1001.65,0.00,92.52,16.44
840590207,2026-08-21 03:16:47,74.88,1001.64,0.00,92.68,16.24
840591107,2026-08-21 03:31:47,75.32,1001.64,0.00,92.42,16.17
840592007,2026-08-21 03:46:47,74.81,1001.62,0.00,92.89,16.22
840592907,2026-08-21 04:01:47,74.76,1001.72,0.00,92.52,16.17
840593807,2026-08-21 04:16:47,74.85,1001.84,0.00,92.73,16.09
840594707,2026-08-21 04:31:47,75.07,1002.01,0.00,92.89,16.04
840595607,2026-08-21 04:46:47,75.59,1002.11,0.00,92.63,15.89
840596507,2026-08-21 05:01:47,75.14,1002.24,0.00,92.42,15.94
840597407,2026-08-21 05:16:47,75.32,1002.17,0.00,92.31,15.84
840598307,2026-08-21 05:31:47,75.32,1002.07,0.00,92.52,15.73
840599207,2026-08-21 05:46:47,75.34,1002.08,0.00,92.21,15.70
840600107,2026-08-21 06:01:47,75.21,1001.95,0.00,92.52,15.62
840601007,2026-08-21 06:16:47,75.37,1002.13,0.00,92.42,15.55
840601907,2026-08-21 06:31:47,75.50,1002.15,0.00,92.52,15.53
840602807,2026-08-21 06:46:47,76.06,1002.06,0.00,92.47,15.54
840603707,2026-08-21 07:01:47,76.03,1002.12,0.00,92.16,15.56
840604607,2026-08-21 07:16:47,77.00,1002.18,0.00,92.16,15.39
840605507,2026-08-21 07:31:47,77.60,1002.17,0.00,92.26,15.35
840606407,2026-08-21 07:46:47,77.52,1002.00,0.00,92.06,15.51
840607307,2026-08-21 08:01:47,77.58,1002.03,0.00,92.16,15.62
840608207,2026-08-21 08:16:47,76.89,1002.10,0.00,91.51,16.15
840609107,2026-08-21 08:31:47,76.56,1002.51,0.00,91.71,16.14
840610007,2026-08-21 08:46:47,76.55,1002.83,0.00,91.41,16.31
840610907,2026-08-21 09:01:47,76.68,1002.82,0.00,91.46,16.47
840611807,2026-08-21 09:16:47,76.38,1002.66,0.00,91.27,16.56
840612707,2026-08-21 09:31:47,76.20,1002.94,0.00,91.18,16.88
840613607,2026-08-21 09:46:47,75.96,1003.00,0.00,91.13,16.72
840614507,2026-08-21 10:01:47,76.36,1003.11,0.00,91.61,16.70
840615407,2026-08-21 10:16:47,76.17,1003.08,0.00,91.27,16.76
840616307,2026-08-21 10:31:47,75.57,1003.24,0.00,91.51,16.87
840617207,2026-08-21 10:46:47,75.57,1003.33,0.00,90.63,17.24
840618107,2026-08-21 11:01:47,74.64,1003.14,0.00,90.95,17.28
840619007,2026-08-21 11:16:47,72.23,1003.35,0.00,90.50,17.83
840619907,2026-08-21 11:31:47,71.36,1003.27,0.00,90.63,17.92
840620807,2026-08-21 11:46:47,70.24,1003.56,0.00,90.63,18.20
840621707,2026-08-21 12:01:47,70.66,1003.79,0.00,90.63,18.21
840622607,2026-08-21 12:16:47,65.24,1003.70,0.00,90.06,19.46
840623507,2026-08-21 12:31:47,62.22,1003.77,0.00,89.90,19.81
840624407,2026-08-21 12:46:47,61.12,1003.63,0.00,89.77,20.26
840625307,2026-08-21 13:01:47,59.17,1003.74,0.00,89.90,20.71
840626207,2026-08-21 13:16:47,58.71,1003.58,0.00,89.98,20.95
840627107,2026-08-21 13:31:47,57.29,1003.32,0.00,89.49,21.13
840628007,2026-08-21 13:46:47,56.00,1003.24,0.00,89.57,21.33
840628907,2026-08-21 14:01:47,57.45,1003.18,0.00,89.82,20.93
840629807,2026-08-21 14:16:47,56.09,1003.06,0.00,89.41,21.31
840630707,2026-08-21 14:31:47,54.46,1002.99,0.00,90.02,21.41
840631607,2026-08-21 14:46:47,55.50,1003.12,0.00,89.94,21.41
840632507,2026-08-21 15:01:47,56.34,1003.17,0.00,89.98,21.17
840633407,2026-08-21 15:16:47,54.96,1003.18,0.00,90.15,20.97
840634307,2026-08-21 15:31:47,55.87,1002.94,0.00,89.98,20.75
840635207,2026-08-21 15:46:47,56.56,1002.91,0.00,90.15,20.77
840636107,2026-08-21 16:01:47,56.30,1002.88,0.00,90.15,20.73
840637007,2026-08-21 16:16:47,57.07,1003.02,0.00,90.36,20.56
840637907,2026-08-21 16:31:47,56.96,1003.11,0.00,90.06,20.60
840638807,2026-08-21 16:46:47,61.53,1003.41,0.00,90.41,19.65
840639707,2026-08-21 17:01:47,61.81,1003.33,0.00,90.15,19.82
840640607,2026-08-21 17:16:47,57.39,1003.59,0.00,90.54,19.43
840641507,2026-08-21 17:31:47,60.31,1003.64,0.00,90.58,19.20
840642407,2026-08-21 17:46:47,61.84,1003.77,0.00,90.36,19.16
840643307,2026-08-21 18:01:47,62.61,1003.56,0.00,90.36,19.28
840644207,2026-08-21 18:16:47,63.30,1003.54,0.00,90.32,19.46
840645107,2026-08-21 18:31:47,63.00,1003.61,0.00,90.15,19.64
840646007,2026-08-21 18:46:47,63.45,1003.59,0.00,89.94,19.71
840646907,2026-08-21 19:01:47,63.88,1003.68,0.00,89.94,19.45
840647807,2026-08-21 19:16:47,65.02,1003.89,0.00,90.50,19.35
840648707,2026-08-21 19:31:47,63.83,1003.91,0.00,90.36,19.44
840649607,2026-08-21 19:46:47,65.96,1004.14,0.00,90.19,19.16
840650507,2026-08-21 20:01:47,67.42,1004.22,0.00,90.19,18.90
840651407,2026-08-21 20:16:47,66.39,1004.38,0.00,90.15,18.69
840652307,2026-08-21 20:31:47,67.22,1004.40,0.00,90.15,18.34
840653207,2026-08-21 20:46:47,67.52,1004.62,0.00,90.15,18.25
840654107,2026-08-21 21:01:47,67.51,1004.67,0.00,90.58,18.22
840655007,2026-08-21 21:16:47,68.15,1004.88,0.00,90.54,18.20
840655907,2026-08-21 21:31:47,68.68,1005.03,0.00,90.63,18.07
840656807,2026-08-21 21:46:47,69.43,1005.36,0.00,90.41,18.02
840657707,2026-08-21 22:01:47,69.38,1005.52,0.00,90.63,18.00
840658607,2026-08-21 22:16:47,66.98,1005.57,0.00,90.54,18.00
840659507,2026-08-21 22:31:47,66.72,1005.69,0.00,90.54,17.89
840660407,2026-08-21 22:46:47,66.56,1005.74,0.00,90.36,17.87
840661307,2026-08-21 23:01:47,67.71,1005.47,0.00,90.36,17.62
840662207,2026-08-21 23:16:47,68.13,1005.72,0.00,90.54,17.53
840663107,2026-08-21 23:31:47,69.09,1005.71,0.00,90.36,17.37
840664007,2026-08-21 23:46:47,70.05,1005.79,0.00,90.32,17.22
840664907,2026-08-22 00:01:47,70.21,1005.81,0.00,90.72,17.21
840665807,2026-08-22 00:16:47,69.90,1005.80,0.00,90.32,17.14
840666707,2026-08-22 00:31:47,71.57,1005.97,0.00,90.58,16.82
840667607,2026-08-22 00:46:47,70.98,1005.92,0.00,90.54,16.83
840668507,2026-08-22 01:01:47,71.97,1005.93,0.00,90.50,16.61
840669407,2026-08-22 01:16:47,71.87,1006.03,0.00,90.15,16.61
840670307,2026-08-22 01:31:47,70.66,1006.11,0.00,90.15,16.70
840671207,2026-08-22 01:46:47,69.40,1006.13,0.00,90.19,16.59
840672107,2026-08-22 02:01:47,67.68,1006.09,0.00,90.15,16.53
840673007,2026-08-22 02:16:47,68.76,1006.40,0.00,90.11,16.48
840673907,2026-08-22 02:31:47,68.27,1006.51,0.00,90.06,16.62
840674807,2026-08-22 02:46:47,68.55,1006.59,0.00,90.24,16.60
840675707,2026-08-22 03:01:47,68.81,1006.65,0.00,90.15,16.51
840676607,2026-08-22 03:16:47,68.93,1006.78,0.00,89.94,16.40
840677507,2026-08-22 03:31:47,70.33,1006.83,0.00,90.15,16.11
840678407,2026-08-22 03:46:47,71.06,1006.90,0.00,89.98,15.92
840679307,2026-08-22 04:01:47,71.58,1007.08,0.00,90.02,15.77
840680207,2026-08-22 04:16:47,71.91,1007.21,0.00,89.69,15.79
840681107,2026-08-22 04:31:47,71.46,1007.18,0.00,89.98,15.88
840682007,2026-08-22 04:46:47,71.66,1007.31,0.00,89.82,15.74
840682907,2026-08-22 05:01:47,71.53,1007.33,0.00,89.77,15.62
840683807,2026-08-22 05:16:47,72.08,1007.46,0.00,90.15,15.51
840684707,2026-08-22 05:31:47,72.03,1007.49,0.00,89.53,15.35
840685607,2026-08-22 05:46:47,71.96,1007.56,0.00,89.73,15.18
840686507,2026-08-22 06:01:47,71.94,1007.72,0.00,89.53,15.03
840687407,2026-08-22 06:16:47,72.35,1007.92,0.00,89.82,14.88
840688307,2026-08-22 06:31:47,72.20,1008.05,0.00,89.82,14.78
840689207,2026-08-22 06:46:47,72.18,1008.24,0.00,89.86,14.68
840690107,2026-08-22 07:01:47,72.64,1008.32,0.00,89.69,14.71
840691007,2026-08-22 07:16:47,72.61,1008.45,0.00,89.37,14.74
840691907,2026-08-22 07:31:47,72.85,1008.62,0.00,89.26,14.75
840692807,2026-08-22 07:46:47,73.19,1008.74,0.00,89.30,14.71
840693707,2026-08-22 08:01:47,72.98,1008.89,0.00,89.22,14.75
840694607,2026-08-22 08:16:47,72.55,1009.01,0.00,88.80,15.11
840695507,2026-08-22 08:31:47,71.91,1009.17,0.00,88.44,15.76
840696407,2026-08-22 08:46:47,71.77,1009.17,0.00,88.20,15.95
840697307,2026-08-22 09:01:47,71.33,1009.36,0.00,87.77,16.45
840698207,2026-08-22 09:16:47,70.69,1009.60,0.00,87.64,16.57
840699107,2026-08-22 09:31:47,68.06,1009.67,0.00,87.64,16.91
840700007,2026-08-22 09:46:47,66.49,1009.90,0.00,87.64,16.99
840700907,2026-08-22 10:01:47,65.61,1010.02,0.00,86.80,17.13
840701807,2026-08-22 10:16:47,61.73,1010.10,0.00,87.03,17.58
840702707,2026-08-22 10:31:47,59.44,1010.22,0.00,87.06,17.97
840703607,2026-08-22 10:46:47,56.97,1010.37,0.00,86.97,18.44
840704507,2026-08-22 11:01:47,55.88,1010.38,0.00,86.72,18.48
840705407,2026-08-22 11:16:47,55.94,1010.57,0.00,87.00,18.66
840706307,2026-08-22 11:31:47,57.73,1010.78,0.00,87.77,18.14
840707207,2026-08-22 11:46:47,59.30,1010.91,0.00,87.67,18.00
840708107,2026-08-22 12:01:47,54.65,1010.87,0.00,86.97,19.19
840709007,2026-08-22 12:16:47,53.78,1010.96,0.00,86.94,18.99
840709907,2026-08-22 12:31:47,55.45,1010.96,0.00,87.64,18.50
840710807,2026-08-22 12:46:47,53.16,1010.95,0.00,86.72,19.10
840711707,2026-08-22 13:01:47,48.98,1010.97,0.00,85.87,19.99
840712607,2026-08-22 13:16:47,48.80,1011.05,0.00,85.60,20.23
840713507,2026-08-22 13:31:47,49.36,1011.13,0.00,86.05,20.38
840714407,2026-08-22 13:46:47,48.33,1011.20,0.00,85.87,20.07
840715307,2026-08-22 14:01:47,48.30,1011.34,0.00,86.15,20.41
840716207,2026-08-22 14:16:47,51.86,1011.45,0.00,86.00,19.62
840717107,2026-08-22 14:31:47,52.17,1011.56,0.00,86.23,19.55
840718007,2026-08-22 14:46:47,49.81,1011.58,0.00,86.26,19.85
840718907,2026-08-22 15:01:47,50.59,1011.55,0.00,86.10,19.49
840719807,2026-08-22 15:16:47,49.34,1011.76,0.00,86.05,19.78
840720707,2026-08-22 15:31:47,49.18,1011.51,0.00,85.60,20.50
840721607,2026-08-22 15:46:47,48.06,1011.66,0.00,86.02,20.07
840722507,2026-08-22 16:01:47,51.80,1011.80,0.00,85.95,19.74
840723407,2026-08-22 16:16:47,52.02,1011.98,0.00,86.20,19.78
840724307,2026-08-22 16:31:47,50.98,1012.06,0.00,86.00,19.80
840725207,2026-08-22 16:46:47,50.37,1012.19,0.00,86.20,19.86
840726107,2026-08-22 17:01:47,50.72,1012.25,0.00,86.15,19.84
840727007,2026-08-22 17:16:47,49.42,1012.45,0.00,86.20,19.70
840727907,2026-08-22 17:31:47,50.42,1012.36,0.00,86.15,19.51
840728807,2026-08-22 17:46:47,49.51,1012.47,0.00,86.23,19.38
840729707,2026-08-22 18:01:47,49.13,1012.64,0.00,86.20,19.42
840730607,2026-08-22 18:16:47,48.73,1012.74,0.00,86.26,19.29
840731507,2026-08-22 18:31:47,50.37,1012.83,0.00,86.26,19.31
840732407,2026-08-22 18:46:47,50.70,1012.70,0.00,86.26,19.36
840733307,2026-08-22 19:01:47,51.02,1012.93,0.00,86.23,19.26
840734207,2026-08-22 19:16:47,52.24,1013.25,0.00,86.28,18.65
840735107,2026-08-22 19:31:47,53.89,1013.23,0.00,86.66,18.44
840736007,2026-08-22 19:46:47,53.76,1013.29,0.00,86.74,18.21
840736907,2026-08-22 20:01:47,53.88,1013.40,0.00,86.74,17.92
840737807,2026-08-22 20:16:47,55.25,1013.71,0.00,86.86,17.88
840738707,2026-08-22 20:31:47,56.16,1013.93,0.00,87.64,17.61
840739607,2026-08-22 20:46:47,55.13,1014.11,0.00,87.64,17.31
840740507,2026-08-22 21:01:47,55.90,1014.45,0.00,87.64,17.02
840741407,2026-08-22 21:16:47,58.23,1014.63,0.00,87.64,16.63
840742307,2026-08-22 21:31:47,59.20,1014.78,0.00,87.64,16.60
840743207,2026-08-22 21:46:47,59.91,1014.90,0.00,87.90,16.54
840744107,2026-08-22 22:01:47,59.58,1014.99,0.00,87.67,16.63
840745007,2026-08-22 22:16:47,59.87,1014.99,0.00,87.90,16.65
840745907,2026-08-22 22:31:47,60.72,1015.10,0.00,87.80,16.53
840746807,2026-08-22 22:46:47,61.28,1015.04,0.00,87.97,16.30
840747707,2026-08-22 23:01:47,61.79,1015.25,0.00,87.93,16.16
840748607,2026-08-22 23:16:47,62.10,1015.20,0.00,87.83,16.03
840749507,2026-08-22 23:31:47,62.41,1015.24,0.00,87.67,15.97
840750407,2026-08-22 23:46:47,62.69,1015.29,0.00,87.90,15.92
840751307,2026-08-23 00:01:47,63.49,1015.35,0.00,88.03,15.74
840752207,2026-08-23 00:16:47,64.25,1015.58,0.00,87.77,15.51
840753107,2026-08-23 00:31:47,64.53,1015.52,0.00,87.93,15.40
840754007,2026-08-23 00:46:47,64.91,1015.62,0.00,87.90,15.32
840754907,2026-08-23 01:01:47,65.01,1015.63,0.00,87.64,15.31
840755807,2026-08-23 01:16:47,65.16,1015.59,0.00,87.64,15.19
840756707,2026-08-23 01:31:47,65.29,1015.70,0.00,87.64,15.11
840757607,2026-08-23 01:46:47,65.98,1015.61,0.00,87.77,14.87
840758507,2026-08-23 02:01:47,66.68,1015.54,0.00,87.64,14.73
840759407,2026-08-23 02:16:47,67.09,1015.42,0.00,87.64,14.74
840760307,2026-08-23 02:31:47,67.51,1015.45,0.00,87.64,14.71
840761207,2026-08-23 02:46:47,67.85,1015.55,0.00,86.97,14.62
840762107,2026-08-23 03:01:47,68.25,1015.42,0.00,87.00,14.52
840763007,2026-08-23 03:16:47,68.86,1015.62,0.00,86.97,14.27
840763907,2026-08-23 03:31:47,69.02,1015.62,0.00,87.00,14.16
840764807,2026-08-23 03:46:47,69.39,1015.64,0.00,86.92,13.99
840765707,2026-08-23 04:01:47,69.64,1015.88,0.00,86.72,13.99
840766607,2026-08-23 04:16:47,70.05,1015.78,0.00,86.80,14.03
840767507,2026-08-23 04:31:47,69.82,1015.65,0.00,86.63,14.18
840768407,2026-08-23 04:46:47,70.33,1015.75,0.00,86.47,14.22
840769307,2026-08-23 05:01:47,70.78,1015.75,0.00,86.26,14.19
840770207,2026-08-23 05:16:47,71.09,1015.79,0.00,86.31,14.20
840771107,2026-08-23 05:31:47,71.91,1015.81,0.00,86.23,14.15
840772007,2026-08-23 05:46:47,72.19,1015.89,0.00,86.18,14.16
840772907,2026-08-23 06:01:47,72.20,1016.04,0.00,85.97,14.22
840773807,2026-08-23 06:16:47,72.18,1016.10,0.00,85.95,14.29
840774707,2026-08-23 06:31:47,72.27,1016.23,0.00,85.97,14.33
840775607,2026-08-23 06:46:47,72.32,1016.30,0.00,85.82,14.34
840776507,2026-08-23 07:01:47,72.44,1016.49,0.00,85.87,14.34
840777407,2026-08-23 07:16:47,73.02,1016.55,0.00,85.82,14.20
840778307,2026-08-23 07:31:47,72.89,1016.66,0.00,85.68,14.28
840779207,2026-08-23 07:46:47,72.80,1016.81,0.00,85.65,14.23
840780107,2026-08-23 08:01:47,72.75,1016.97,0.00,85.44,14.32
840781007,2026-08-23 08:16:47,71.84,1016.99,0.00,85.32,14.56
840781907,2026-08-23 08:31:47,71.21,1017.03,0.00,85.30,14.72
840782807,2026-08-23 08:46:47,71.87,1017.05,0.00,85.10,14.60
840783707,2026-08-23 09:01:47,71.81,1017.09,0.00,85.05,14.74
840784607,2026-08-23 09:16:47,71.52,1017.13,0.00,84.81,15.09
840785507,2026-08-23 09:31:47,69.74,1017.06,0.00,84.60,15.35
840786407,2026-08-23 09:46:47,68.84,1016.89,0.00,84.43,15.41
840787307,2026-08-23 10:01:47,67.50,1016.88,0.00,84.04,15.89
840788207,2026-08-23 10:16:47,64.28,1016.90,0.00,83.96,16.22
840789107,2026-08-23 10:31:47,59.67,1016.85,0.00,83.78,16.85
840790007,2026-08-23 10:46:47,56.78,1016.94,0.00,83.68,17.21
840790907,2026-08-23 11:01:47,55.29,1016.90,0.00,83.49,17.41
840791807,2026-08-23 11:16:47,53.48,1017.05,0.00,83.15,18.21
840792707,2026-08-23 11:31:47,54.26,1017.10,0.00,83.49,17.95
840793607,2026-08-23 11:46:47,56.80,1017.15,0.00,83.57,17.30
840794507,2026-08-23 12:01:47,56.60,1017.15,0.00,83.72,16.95
840795407,2026-08-23 12:16:47,58.61,1017.20,0.00,83.55,16.82
840796307,2026-08-23 12:31:47,57.15,1017.02,0.00,83.23,17.72
840797207,2026-08-23 12:46:47,49.91,1016.98,0.00,82.84,19.49
840798107,2026-08-23 13:01:47,50.75,1017.04,0.00,83.05,19.14
840799007,2026-08-23 13:16:47,48.70,1016.93,0.00,83.15,18.87
840799907,2026-08-23 13:31:47,47.88,1016.95,0.00,82.78,19.35
840800807,2026-08-23 13:46:47,46.13,1016.74,0.00,81.79,20.05
840801707,2026-08-23 14:01:47,45.64,1016.78,0.00,82.21,19.88
840802607,2026-08-23 14:16:47,44.60,1016.75,0.00,82.70,20.20
840803507,2026-08-23 14:31:47,47.50,1016.89,0.00,82.80,19.45
840804407,2026-08-23 14:46:47,46.99,1016.87,0.00,83.11,19.15
840805307,2026-08-23 15:01:47,48.40,1016.80,0.00,83.11,19.11
840806207,2026-08-23 15:16:47,45.72,1016.69,0.00,82.48,19.81
840807107,2026-08-23 15:31:47,47.06,1016.78,0.00,82.82,19.75
840808007,2026-08-23 15:46:47,47.31,1016.76,0.00,83.03,19.60
840808907,2026-08-23 16:01:47,47.66,1016.78,0.00,83.07,19.36
840809807,2026-08-23 16:16:47,46.77,1016.70,0.00,83.00,19.45
840810707,2026-08-23 16:31:47,47.41,1016.63,0.00,83.09,19.50
840811607,2026-08-23 16:46:47,46.46,1016.58,0.00,83.17,19.69
840812507,2026-08-23 17:01:47,45.87,1016.53,0.00,83.15,19.81
840813407,2026-08-23 17:16:47,45.86,1016.50,0.00,83.11,19.64
840814307,2026-08-23 17:31:47,44.82,1016.47,0.00,83.23,19.34
840815207,2026-08-23 17:46:47,45.05,1016.54,0.00,83.43,19.45
840816107,2026-08-23 18:01:47,45.39,1016.57,0.00,83.45,19.15
840817007,2026-08-23 18:16:47,46.29,1016.58,0.00,83.62,19.14
840817907,2026-08-23 18:31:47,46.27,1016.60,0.00,83.70,19.20
840818807,2026-08-23 18:46:47,45.75,1016.47,0.00,83.76,19.32
840819707,2026-08-23 19:01:47,45.55,1016.41,0.00,84.83,19.42
840820607,2026-08-23 19:16:47,47.49,1016.34,0.00,84.60,19.39
840821507,2026-08-23 19:31:47,48.70,1016.44,0.00,84.70,19.07
840822407,2026-08-23 19:46:47,50.90,1016.31,0.00,84.83,18.97
840823307,2026-08-23 20:01:47,50.81,1016.28,0.00,84.85,18.77
840824207,2026-08-23 20:16:47,52.04,1016.32,0.00,84.96,18.49
840825107,2026-08-23 20:31:47,54.05,1016.45,0.00,85.05,18.19
840826007,2026-08-23 20:46:47,55.46,1016.48,0.00,85.03,18.02
840826907,2026-08-23 21:01:47,56.61,1016.61,0.00,85.21,17.77
840827807,2026-08-23 21:16:47,57.73,1016.79,0.00,85.28,17.46
840828707,2026-08-23 21:31:47,59.07,1016.92,0.00,85.37,17.13
840829607,2026-08-23 21:46:47,59.81,1016.96,0.00,85.37,16.97
840830507,2026-08-23 22:01:47,59.77,1017.01,0.00,85.49,16.85
840831407,2026-08-23 22:16:47,60.04,1016.91,0.00,85.44,16.86
840832307,2026-08-23 22:31:47,60.21,1016.82,0.00,85.49,16.75
840833207,2026-08-23 22:46:47,60.90,1016.92,0.00,85.44,16.64
840834107,2026-08-23 23:01:47,62.53,1016.95,0.00,85.46,16.26
840835007,2026-08-23 23:16:47,63.50,1017.07,0.00,85.44,16.00
840835907,2026-08-23 23:31:47,64.32,1017.22,0.00,85.49,15.66
840836807,2026-08-23 23:46:47,65.12,1017.16,0.00,85.44,15.38
840837707,2026-08-24 00:01:47,64.78,1017.27,0.00,85.44,15.51
840838607,2026-08-24 00:16:47,64.60,1017.21,0.00,85.44,15.61
840839507,2026-08-24 00:31:47,65.18,1017.23,0.00,85.44,15.49
840840407,2026-08-24 00:46:47,65.26,1017.29,0.00,85.44,15.34
840841307,2026-08-24 01:01:47,65.69,1017.27,0.00,85.44,15.13
840842207,2026-08-24 01:16:47,66.45,1017.24,0.00,85.49,14.92
840843107,2026-08-24 01:31:47,66.71,1017.30,0.00,85.44,14.75
840844007,2026-08-24 01:46:47,67.17,1017.27,0.00,85.53,14.55
840844907,2026-08-24 02:01:47,67.38,1017.17,0.00,85.53,14.41
840845807,2026-08-24 02:16:47,67.61,1017.13,0.00,85.56,14.23
840846707,2026-08-24 02:31:47,67.53,1017.20,0.00,85.44,14.14
840847607,2026-08-24 02:46:47,67.41,1017.13,0.00,85.46,13.94
840848507,2026-08-24 03:01:47,68.39,1017.22,0.00,85.56,13.74
840849407,2026-08-24 03:16:47,68.68,1017.06,0.00,85.46,13.74
840850307,2026-08-24 03:31:47,68.86,1017.00,0.00,85.46,13.52
840851207,2026-08-24 03:46:47,69.25,1016.88,0.00,85.46,13.32
840852107,2026-08-24 04:01:47,69.06,1016.93,0.00,85.49,13.22
840853007,2026-08-24 04:16:47,68.75,1017.06,0.00,85.44,13.15
840853907,2026-08-24 04:31:47,68.74,1017.05,0.00,85.44,13.03
840854807,2026-08-24 04:46:47,69.31,1017.10,0.00,85.53,12.96
840855707,2026-08-24 05:01:47,69.51,1017.10,0.00,85.44,12.89
840856607,2026-08-24 05:16:47,68.73,1017.24,0.00,85.44,12.68
840857507,2026-08-24 05:31:47,68.80,1017.32,0.00,85.37,12.57
840858407,2026-08-24 05:46:47,68.90,1017.14,0.00,85.30,12.38
840859307,2026-08-24 06:01:47,68.94,1017.13,0.00,85.35,12.28
840860207,2026-08-24 06:16:47,69.21,1017.13,0.00,85.28,12.22
840861107,2026-08-24 06:31:47,70.17,1016.98,0.00,85.12,12.08
840862007,2026-08-24 06:46:47,69.80,1017.03,0.00,85.14,11.98
840862907,2026-08-24 07:01:47,69.73,1017.07,0.00,85.16,11.95
840863807,2026-08-24 07:16:47,70.21,1017.09,0.00,85.03,12.00
840864707,2026-08-24 07:31:47,71.26,1017.18,0.00,85.03,12.17
840865607,2026-08-24 07:46:47,72.24,1017.28,0.00,84.85,12.36
840866507,2026-08-24 08:01:47,73.70,1017.25,0.00,84.72,12.60
840867407,2026-08-24 08:16:47,73.73,1017.22,0.00,84.37,13.07
840868307,2026-08-24 08:31:47,72.18,1017.34,0.00,83.96,13.77
840869207,2026-08-24 08:46:47,71.22,1017.30,0.00,83.49,14.39
840870107,2026-08-24 09:01:47,70.33,1017.16,0.00,83.41,14.98
840871007,2026-08-24 09:16:47,68.27,1017.13,0.00,83.07,15.49
840871907,2026-08-24 09:31:47,66.73,1017.10,0.00,83.05,15.84
840872807,2026-08-24 09:46:47,65.54,1017.04,0.00,82.70,16.19
840873707,2026-08-24 10:01:47,63.74,1017.02,0.00,82.50,16.60
840874607,2026-08-24 10:16:47,62.78,1017.06,0.00,82.66,16.88
840875507,2026-08-24 10:31:47,64.65,1016.86,0.00,82.62,17.16
840876407,2026-08-24 10:46:47,60.93,1016.82,0.00,82.80,17.61
840877307,2026-08-24 11:01:47,54.54,1016.75,0.00,82.68,18.17
840878207,2026-08-24 11:16:47,47.67,1016.61,0.00,82.68,18.79
840879107,2026-08-24 11:31:47,49.68,1016.62,0.00,82.15,19.31
840880007,2026-08-24 11:46:47,46.82,1016.51,0.00,82.68,18.94
840880907,2026-08-24 12:01:47,38.56,1016.30,0.00,82.37,23.17
840881807,2026-08-24 12:16:47,42.43,1016.20,0.00,81.79,21.46
840882707,2026-08-24 12:31:47,44.97,1016.14,0.00,81.45,20.72
840883607,2026-08-24 12:46:47,43.55,1015.94,0.00,81.25,21.23
840884507,2026-08-24 13:01:47,43.22,1015.92,0.00,81.79,20.84
840885407,2026-08-24 13:16:47,44.28,1015.89,0.00,82.15,20.34
840886307,2026-08-24 13:31:47,45.34,1015.90,0.00,82.11,20.48
840887207,2026-08-24 13:46:47,45.32,1015.66,0.00,81.96,20.45
840888107,2026-08-24 14:01:47,43.70,1015.46,0.00,81.85,20.73
840889007,2026-08-24 14:16:47,43.64,1015.25,0.00,81.41,21.02
840889907,2026-08-24 14:31:47,42.83,1015.13,0.00,80.91,21.28
840890807,2026-08-24 14:46:47,42.94,1014.98,0.00,80.91,21.68
840891707,2026-08-24 15:01:47,44.28,1014.79,0.00,81.32,21.48
840892607,2026-08-24 15:16:47,44.61,1014.76,0.00,81.45,21.34
840893507,2026-08-24 15:31:47,44.69,1014.59,0.00,81.68,20.95
840894407,2026-08-24 15:46:47,46.90,1014.42,0.00,81.68,20.81
840895307,2026-08-24 16:01:47,45.12,1014.14,0.00,81.79,20.79
840896207,2026-08-24 16:16:47,44.01,1014.12,0.00,82.15,20.62
840897107,2026-08-24 16:31:47,45.05,1013.86,0.00,82.52,20.48
840898007,2026-08-24 16:46:47,45.60,1013.79,0.00,82.82,20.47
840898907,2026-08-24 17:01:47,45.39,1013.54,0.00,83.29,20.32
840899807,2026-08-24 17:16:47,45.26,1013.26,0.00,83.49,20.12
840900707,2026-08-24 17:31:47,45.22,1013.05,0.00,83.60,20.07
840901607,2026-08-24 17:46:47,45.07,1012.79,0.00,83.68,20.07
840902507,2026-08-24 18:01:47,45.54,1012.77,0.00,83.55,20.07
840903407,2026-08-24 18:16:47,45.45,1012.43,0.00,83.64,19.90
840904307,2026-08-24 18:31:47,46.01,1012.20,0.00,83.66,19.85
